2026-06-06 17:54:08,069 4160 INFO ? odoo: Odoo version 18.0-20260415 
2026-06-06 17:54:08,069 4160 INFO ? odoo: Using configuration file at c:\odoo\odoo.conf 
2026-06-06 17:54:08,069 4160 INFO ? odoo: addons paths: ['C:\\odoo\\odoo18\\server\\odoo\\addons', 'c:\\odoo\\odoo18\\sessions\\addons\\18.0', 'c:\\odoo\\odoo18\\server\\odoo\\addons'] 
2026-06-06 17:54:08,069 4160 INFO ? odoo: database: openpg@localhost:5432 
2026-06-06 17:54:08,296 4160 INFO ? odoo.addons.base.models.ir_actions_report: Will use the Wkhtmltopdf binary at C:\Program Files\wkhtmltopdf\bin\wkhtmltopdf.exe 
2026-06-06 17:54:08,324 4160 INFO ? odoo.addons.base.models.ir_actions_report: Will use the Wkhtmltoimage binary at C:\Program Files\wkhtmltopdf\bin\wkhtmltoimage.exe 
2026-06-06 17:54:08,756 4160 INFO ? odoo.service.server: Initiating shutdown 
2026-06-06 17:54:08,756 4160 INFO ? odoo.service.server: Hit CTRL-C again or send a second signal to force the shutdown. 
2026-06-06 17:54:48,126 20792 INFO ? odoo: Odoo version 18.0-20260415 
2026-06-06 17:54:48,126 20792 INFO ? odoo: Using configuration file at c:\odoo\odoo.conf 
2026-06-06 17:54:48,126 20792 INFO ? odoo: addons paths: ['C:\\odoo\\odoo18\\server\\odoo\\addons', 'c:\\odoo\\odoo18\\sessions\\addons\\18.0', 'c:\\odoo\\odoo18\\server\\odoo\\addons'] 
2026-06-06 17:54:48,127 20792 INFO ? odoo: database: openpg@localhost:5432 
2026-06-06 17:54:48,416 20792 INFO ? odoo.addons.base.models.ir_actions_report: Will use the Wkhtmltopdf binary at C:\Program Files\wkhtmltopdf\bin\wkhtmltopdf.exe 
2026-06-06 17:54:48,454 20792 INFO ? odoo.addons.base.models.ir_actions_report: Will use the Wkhtmltoimage binary at C:\Program Files\wkhtmltopdf\bin\wkhtmltoimage.exe 
2026-06-06 17:54:48,964 20792 INFO ? odoo.service.server: Initiating shutdown 
2026-06-06 17:54:48,964 20792 INFO ? odoo.service.server: Hit CTRL-C again or send a second signal to force the shutdown. 
2026-06-06 17:55:17,270 10064 INFO ? odoo: Odoo version 18.0-20260415 
2026-06-06 17:55:17,270 10064 INFO ? odoo: Using configuration file at c:\odoo\odoo.conf 
2026-06-06 17:55:17,270 10064 INFO ? odoo: addons paths: ['C:\\odoo\\odoo18\\server\\odoo\\addons', 'c:\\odoo\\odoo18\\sessions\\addons\\18.0', 'c:\\odoo\\odoo18\\server\\odoo\\addons'] 
2026-06-06 17:55:17,270 10064 INFO ? odoo: database: openpg@localhost:5432 
2026-06-06 17:55:17,508 10064 INFO ? odoo.addons.base.models.ir_actions_report: Will use the Wkhtmltopdf binary at C:\Program Files\wkhtmltopdf\bin\wkhtmltopdf.exe 
2026-06-06 17:55:17,535 10064 INFO ? odoo.addons.base.models.ir_actions_report: Will use the Wkhtmltoimage binary at C:\Program Files\wkhtmltopdf\bin\wkhtmltoimage.exe 
2026-06-06 17:55:18,137 10064 INFO ? odoo.service.server: Initiating shutdown 
2026-06-06 17:55:18,137 10064 INFO ? odoo.service.server: Hit CTRL-C again or send a second signal to force the shutdown. 
2026-06-06 17:55:40,809 21208 INFO ? odoo: Odoo version 18.0-20260415 
2026-06-06 17:55:40,809 21208 INFO ? odoo: Using configuration file at c:\odoo\odoo.conf 
2026-06-06 17:55:40,809 21208 INFO ? odoo: addons paths: ['C:\\odoo\\odoo18\\server\\odoo\\addons', 'c:\\odoo\\odoo18\\sessions\\addons\\18.0', 'c:\\odoo\\odoo18\\server\\odoo\\addons'] 
2026-06-06 17:55:40,809 21208 INFO ? odoo: database: openpg@localhost:5432 
2026-06-06 17:55:41,018 21208 INFO ? odoo.addons.base.models.ir_actions_report: Will use the Wkhtmltopdf binary at C:\Program Files\wkhtmltopdf\bin\wkhtmltopdf.exe 
2026-06-06 17:55:41,048 21208 INFO ? odoo.addons.base.models.ir_actions_report: Will use the Wkhtmltoimage binary at C:\Program Files\wkhtmltopdf\bin\wkhtmltoimage.exe 
2026-06-06 17:55:41,471 21208 INFO ? odoo.service.server: HTTP service (werkzeug) running on DIANTAMELA:8069 
2026-06-06 17:56:15,719 22964 INFO ? odoo: Odoo version 18.0-20260415 
2026-06-06 17:56:15,719 22964 INFO ? odoo: Using configuration file at c:\odoo\odoo.conf 
2026-06-06 17:56:15,719 22964 INFO ? odoo: addons paths: ['C:\\odoo\\odoo18\\server\\odoo\\addons', 'c:\\odoo\\odoo18\\sessions\\addons\\18.0', 'c:\\odoo\\odoo18\\server\\odoo\\addons'] 
2026-06-06 17:56:15,719 22964 INFO ? odoo: database: openpg@localhost:5432 
2026-06-06 17:56:15,929 22964 INFO ? odoo.addons.base.models.ir_actions_report: Will use the Wkhtmltopdf binary at C:\Program Files\wkhtmltopdf\bin\wkhtmltopdf.exe 
2026-06-06 17:56:15,958 22964 INFO ? odoo.addons.base.models.ir_actions_report: Will use the Wkhtmltoimage binary at C:\Program Files\wkhtmltopdf\bin\wkhtmltoimage.exe 
2026-06-06 17:56:16,391 22964 INFO ? odoo.service.server: Initiating shutdown 
2026-06-06 17:56:16,391 22964 INFO ? odoo.service.server: Hit CTRL-C again or send a second signal to force the shutdown. 
2026-06-06 17:57:16,515 6480 INFO kelapa odoo.addons.base.models.ir_http: Generating routing map for key None 
2026-06-06 17:57:18,108 6480 INFO kelapa werkzeug: 127.0.0.1 - - [06/Jun/2026 17:57:18] "GET /odoo/apps?debug=1 HTTP/1.1" 200 - 115 0.167 1.430
2026-06-06 17:57:18,306 6480 INFO kelapa werkzeug: 127.0.0.1 - - [06/Jun/2026 17:57:18] "GET /web/manifest.webmanifest HTTP/1.1" 200 - 9 0.008 0.012
2026-06-06 17:57:18,449 6480 INFO kelapa werkzeug: 127.0.0.1 - - [06/Jun/2026 17:57:18] "GET /bus/websocket_worker_bundle?v=18.0-7 HTTP/1.1" 304 - 4 0.004 0.009
2026-06-06 17:57:18,860 6480 INFO kelapa werkzeug: 127.0.0.1 - - [06/Jun/2026 17:57:18] "POST /web/action/load HTTP/1.1" 200 - 12 0.012 0.008
2026-06-06 17:57:18,901 6480 INFO kelapa werkzeug: 127.0.0.1 - - [06/Jun/2026 17:57:18] "GET /web/image?model=res.users&field=avatar_128&id=2 HTTP/1.1" 304 - 9 0.014 0.020
2026-06-06 17:57:18,908 6480 INFO kelapa werkzeug: 127.0.0.1 - - [06/Jun/2026 17:57:18] "GET /websocket?version=18.0-7 HTTP/1.1" 101 - 1 0.001 0.018
2026-06-06 17:57:19,150 6480 INFO kelapa werkzeug: 127.0.0.1 - - [06/Jun/2026 17:57:19] "POST /mail/data HTTP/1.1" 200 - 88 0.216 0.079
2026-06-06 17:57:19,251 6480 INFO kelapa werkzeug: 127.0.0.1 - - [06/Jun/2026 17:57:19] "POST /web/dataset/call_kw/ir.module.module/get_views HTTP/1.1" 200 - 56 0.079 0.063
2026-06-06 17:57:19,266 6480 INFO kelapa werkzeug: 127.0.0.1 - - [06/Jun/2026 17:57:19] "POST /web/dataset/call_kw/ir.module.module/search_panel_select_range HTTP/1.1" 200 - 1 0.001 0.006
2026-06-06 17:57:19,667 6480 INFO kelapa werkzeug: 127.0.0.1 - - [06/Jun/2026 17:57:19] "POST /web/dataset/call_kw/ir.module.module/search_panel_select_range HTTP/1.1" 200 - 63 0.058 0.036
2026-06-06 17:57:19,675 6480 INFO kelapa werkzeug: 127.0.0.1 - - [06/Jun/2026 17:57:19] "POST /web/dataset/call_kw/ir.module.module/web_search_read HTTP/1.1" 200 - 4 0.010 0.090
2026-06-06 17:57:21,887 6480 INFO kelapa werkzeug: 127.0.0.1 - - [06/Jun/2026 17:57:21] "GET /web/service-worker.js HTTP/1.1" 200 - 1 0.000 0.004
2026-06-06 17:57:25,054 6480 INFO kelapa werkzeug: 127.0.0.1 - - [06/Jun/2026 17:57:25] "POST /web/action/load HTTP/1.1" 200 - 9 0.010 0.014
2026-06-06 17:57:25,421 6480 INFO kelapa werkzeug: 127.0.0.1 - - [06/Jun/2026 17:57:25] "POST /web/dataset/call_kw/base.module.update/get_views HTTP/1.1" 200 - 12 0.009 0.021
2026-06-06 17:57:25,670 6480 INFO kelapa werkzeug: 127.0.0.1 - - [06/Jun/2026 17:57:25] "POST /web/dataset/call_kw/base.module.update/onchange HTTP/1.1" 200 - 2 0.007 0.005
2026-06-06 17:57:27,712 6480 INFO kelapa werkzeug: 127.0.0.1 - - [06/Jun/2026 17:57:27] "POST /web/dataset/call_kw/base.module.update/web_save HTTP/1.1" 200 - 5 0.004 0.048
2026-06-06 17:57:28,033 6480 INFO kelapa odoo.addons.base.models.ir_module: ALLOW access to module.update_list on [] to user tameladian@gmail.com #2 via 127.0.0.1 
2026-06-06 17:57:29,884 6480 INFO kelapa werkzeug: 127.0.0.1 - - [06/Jun/2026 17:57:29] "POST /web/dataset/call_button/base.module.update/update_module HTTP/1.1" 200 - 1753 1.165 0.692
2026-06-06 17:57:42,652 6480 INFO kelapa werkzeug: 127.0.0.1 - - [06/Jun/2026 17:57:42] "POST /web/dataset/call_kw/ir.module.module/search_panel_select_range HTTP/1.1" 200 - 61 0.053 0.036
2026-06-06 17:57:42,976 6480 INFO kelapa werkzeug: 127.0.0.1 - - [06/Jun/2026 17:57:42] "POST /web/dataset/call_kw/ir.module.module/web_search_read HTTP/1.1" 200 - 3 0.003 0.012
2026-06-06 17:57:44,775 6480 INFO kelapa odoo.addons.base.models.ir_module: ALLOW access to module.button_immediate_install on ['Coconut Purchase Customization'] to user tameladian@gmail.com #2 via 127.0.0.1 
2026-06-06 17:57:44,776 6480 INFO kelapa odoo.addons.base.models.ir_module: User #2 triggered module installation 
2026-06-06 17:57:44,777 6480 INFO kelapa odoo.addons.base.models.ir_module: ALLOW access to module.button_install on ['Coconut Purchase Customization'] to user tameladian@gmail.com #2 via 127.0.0.1 
2026-06-06 17:57:44,917 6480 INFO kelapa odoo.modules.loading: loading 1 modules... 
2026-06-06 17:57:44,933 6480 INFO kelapa odoo.modules.loading: 1 modules loaded in 0.02s, 0 queries (+0 extra) 
2026-06-06 17:57:44,992 6480 INFO kelapa odoo.modules.loading: updating modules list 
2026-06-06 17:57:44,995 6480 INFO kelapa odoo.addons.base.models.ir_module: ALLOW access to module.update_list on [] to user __system__ #1 via 127.0.0.1 
2026-06-06 17:57:46,728 6480 INFO kelapa odoo.modules.loading: loading 97 modules... 
2026-06-06 17:57:46,841 6480 INFO kelapa odoo.modules.loading: 97 modules loaded in 0.11s, 0 queries (+0 extra) 
2026-06-06 17:57:46,845 6480 INFO kelapa odoo.modules.loading: loading 98 modules... 
2026-06-06 17:57:46,845 6480 INFO kelapa odoo.modules.loading: Loading module coconut_purchase_customization (81/98) 
2026-06-06 17:57:47,582 6480 INFO kelapa odoo.modules.registry: module coconut_purchase_customization: creating or updating database tables 
2026-06-06 17:57:48,003 6480 INFO kelapa odoo.modules.loading: loading coconut_purchase_customization/security/ir.model.access.csv 
2026-06-06 17:57:48,020 6480 INFO kelapa odoo.modules.loading: loading coconut_purchase_customization/security/coconut_security.xml 
2026-06-06 17:57:48,050 6480 INFO kelapa odoo.modules.loading: loading coconut_purchase_customization/data/sequence_data.xml 
2026-06-06 17:57:48,128 6480 INFO kelapa odoo.modules.loading: loading coconut_purchase_customization/data/product_data.xml 
2026-06-06 17:57:48,249 6480 WARNING kelapa odoo.modules.loading: Transient module states were reset 
2026-06-06 17:57:48,252 6480 ERROR kelapa odoo.modules.registry: Failed to load registry 
2026-06-06 17:57:48,262 6480 INFO kelapa odoo.modules.loading: loading 1 modules... 
2026-06-06 17:57:48,270 6480 INFO kelapa odoo.modules.loading: 1 modules loaded in 0.01s, 0 queries (+0 extra) 
2026-06-06 17:57:48,288 6480 INFO kelapa odoo.modules.loading: loading 97 modules... 
2026-06-06 17:57:48,385 6480 INFO kelapa odoo.modules.loading: 97 modules loaded in 0.10s, 0 queries (+0 extra) 
2026-06-06 17:57:48,745 6480 INFO kelapa odoo.modules.loading: Modules loaded. 
2026-06-06 17:57:48,751 6480 INFO kelapa odoo.modules.registry: Registry loaded in 0.498s 
2026-06-06 17:57:48,861 6480 ERROR kelapa odoo.http: Exception during request handling. 
Traceback (most recent call last):
  File "C:\odoo\odoo18\server\odoo\tools\convert.py", line 590, in _tag_root
    f(rec)
  File "C:\odoo\odoo18\server\odoo\tools\convert.py", line 444, in _tag_record
    record = model._load_records([data], self.mode == 'update')
             ^^^^^^^^^^^^^^^^^^^^^^^^^^^^^^^^^^^^^^^^^^^^^^^^^^
  File "C:\odoo\odoo18\server\odoo\models.py", line 5531, in _load_records
    records = self._load_records_create([data['values'] for data in to_create])
              ^^^^^^^^^^^^^^^^^^^^^^^^^^^^^^^^^^^^^^^^^^^^^^^^^^^^^^^^^^^^^^^^^
  File "C:\odoo\odoo18\server\odoo\models.py", line 5435, in _load_records_create
    records = self.create(vals_list)
              ^^^^^^^^^^^^^^^^^^^^^^
  File "<decorator-gen-88>", line 2, in create
  File "C:\odoo\odoo18\server\odoo\api.py", line 498, in _model_create_multi
    return create(self, arg)
           ^^^^^^^^^^^^^^^^^
  File "C:\odoo\odoo18\server\odoo\addons\product\models\product_product.py", line 376, in create
    products = super(ProductProduct, self.with_context(create_product_product=False)).create(vals_list)
               ^^^^^^^^^^^^^^^^^^^^^^^^^^^^^^^^^^^^^^^^^^^^^^^^^^^^^^^^^^^^^^^^^^^^^^^^^^^^^^^^^^^^^^^^
  File "<decorator-gen-51>", line 2, in create
  File "C:\odoo\odoo18\server\odoo\api.py", line 498, in _model_create_multi
    return create(self, arg)
           ^^^^^^^^^^^^^^^^^
  File "C:\odoo\odoo18\server\odoo\addons\mail\models\mail_thread.py", line 294, in create
    threads = super(MailThread, self).create(vals_list)
              ^^^^^^^^^^^^^^^^^^^^^^^^^^^^^^^^^^^^^^^^^
  File "<decorator-gen-0>", line 2, in create
  File "C:\odoo\odoo18\server\odoo\api.py", line 498, in _model_create_multi
    return create(self, arg)
           ^^^^^^^^^^^^^^^^^
  File "C:\odoo\odoo18\server\odoo\models.py", line 5031, in create
    parents = self.env[model_name].create([
              ^^^^^^^^^^^^^^^^^^^^^^^^^^^^^
  File "<decorator-gen-131>", line 2, in create
  File "C:\odoo\odoo18\server\odoo\api.py", line 498, in _model_create_multi
    return create(self, arg)
           ^^^^^^^^^^^^^^^^^
  File "C:\odoo\odoo18\server\odoo\addons\account\models\product.py", line 183, in create
    products = super().create(vals_list)
               ^^^^^^^^^^^^^^^^^^^^^^^^^
  File "<decorator-gen-87>", line 2, in create
  File "C:\odoo\odoo18\server\odoo\api.py", line 498, in _model_create_multi
    return create(self, arg)
           ^^^^^^^^^^^^^^^^^
  File "C:\odoo\odoo18\server\odoo\addons\product\models\product_template.py", line 511, in create
    templates = super(ProductTemplate, self).create(vals_list)
                ^^^^^^^^^^^^^^^^^^^^^^^^^^^^^^^^^^^^^^^^^^^^^^
  File "<decorator-gen-51>", line 2, in create
  File "C:\odoo\odoo18\server\odoo\api.py", line 498, in _model_create_multi
    return create(self, arg)
           ^^^^^^^^^^^^^^^^^
  File "C:\odoo\odoo18\server\odoo\addons\mail\models\mail_thread.py", line 294, in create
    threads = super(MailThread, self).create(vals_list)
              ^^^^^^^^^^^^^^^^^^^^^^^^^^^^^^^^^^^^^^^^^
  File "<decorator-gen-0>", line 2, in create
  File "C:\odoo\odoo18\server\odoo\api.py", line 498, in _model_create_multi
    return create(self, arg)
           ^^^^^^^^^^^^^^^^^
  File "C:\odoo\odoo18\server\odoo\models.py", line 5039, in create
    records = self._create(data_list)
              ^^^^^^^^^^^^^^^^^^^^^^^
  File "C:\odoo\odoo18\server\odoo\models.py", line 5206, in _create
    row.append(field.convert_to_column_insert(stored[fname], self, stored))
               ^^^^^^^^^^^^^^^^^^^^^^^^^^^^^^^^^^^^^^^^^^^^^^^^^^^^^^^^^^^
  File "C:\odoo\odoo18\server\odoo\fields.py", line 994, in convert_to_column_insert
    value = self.convert_to_column(value, record, values, validate)
            ^^^^^^^^^^^^^^^^^^^^^^^^^^^^^^^^^^^^^^^^^^^^^^^^^^^^^^^
  File "C:\odoo\odoo18\server\odoo\fields.py", line 3036, in convert_to_column
    value = self.convert_to_cache(value, record)
            ^^^^^^^^^^^^^^^^^^^^^^^^^^^^^^^^^^^^
  File "C:\odoo\odoo18\server\odoo\fields.py", line 3046, in convert_to_cache
    raise ValueError("Wrong value for %s: %r" % (self, value))
ValueError: Wrong value for product.template.type: 'product'

The above exception was the direct cause of the following exception:

Traceback (most recent call last):
  File "C:\odoo\odoo18\server\odoo\http.py", line 2577, in __call__
    response = request._serve_db()
               ^^^^^^^^^^^^^^^^^^^
  File "C:\odoo\odoo18\server\odoo\http.py", line 2104, in _serve_db
    return self._transactioning(
           ^^^^^^^^^^^^^^^^^^^^^
  File "C:\odoo\odoo18\server\odoo\http.py", line 2167, in _transactioning
    return service_model.retrying(func, env=self.env)
           ^^^^^^^^^^^^^^^^^^^^^^^^^^^^^^^^^^^^^^^^^^
  File "C:\odoo\odoo18\server\odoo\service\model.py", line 157, in retrying
    result = func()
             ^^^^^^
  File "C:\odoo\odoo18\server\odoo\http.py", line 2134, in _serve_ir_http
    response = self.dispatcher.dispatch(rule.endpoint, args)
               ^^^^^^^^^^^^^^^^^^^^^^^^^^^^^^^^^^^^^^^^^^^^^
  File "C:\odoo\odoo18\server\odoo\http.py", line 2382, in dispatch
    result = self.request.registry['ir.http']._dispatch(endpoint)
             ^^^^^^^^^^^^^^^^^^^^^^^^^^^^^^^^^^^^^^^^^^^^^^^^^^^^
  File "C:\odoo\odoo18\server\odoo\addons\base\models\ir_http.py", line 333, in _dispatch
    result = endpoint(**request.params)
             ^^^^^^^^^^^^^^^^^^^^^^^^^^
  File "C:\odoo\odoo18\server\odoo\http.py", line 754, in route_wrapper
    result = endpoint(self, *args, **params_ok)
             ^^^^^^^^^^^^^^^^^^^^^^^^^^^^^^^^^^
  File "C:\odoo\odoo18\server\odoo\addons\web\controllers\dataset.py", line 42, in call_button
    action = call_kw(request.env[model], method, args, kwargs)
             ^^^^^^^^^^^^^^^^^^^^^^^^^^^^^^^^^^^^^^^^^^^^^^^^^
  File "C:\odoo\odoo18\server\odoo\api.py", line 535, in call_kw
    result = getattr(recs, name)(*args, **kwargs)
             ^^^^^^^^^^^^^^^^^^^^^^^^^^^^^^^^^^^^
  File "C:\odoo\odoo18\python\Lib\site-packages\decorator.py", line 232, in fun
    return caller(func, *(extras + args), **kw)
           ^^^^^^^^^^^^^^^^^^^^^^^^^^^^^^^^^^^^
  File "C:\odoo\odoo18\server\odoo\addons\base\models\ir_module.py", line 77, in check_and_log
    return method(self, *args, **kwargs)
           ^^^^^^^^^^^^^^^^^^^^^^^^^^^^^
  File "C:\odoo\odoo18\server\odoo\addons\base\models\ir_module.py", line 500, in button_immediate_install
    return self._button_immediate_function(self.env.registry[self._name].button_install)
           ^^^^^^^^^^^^^^^^^^^^^^^^^^^^^^^^^^^^^^^^^^^^^^^^^^^^^^^^^^^^^^^^^^^^^^^^^^^^^
  File "C:\odoo\odoo18\server\odoo\addons\base\models\ir_module.py", line 624, in _button_immediate_function
    registry = modules.registry.Registry.new(self._cr.dbname, update_module=True)
               ^^^^^^^^^^^^^^^^^^^^^^^^^^^^^^^^^^^^^^^^^^^^^^^^^^^^^^^^^^^^^^^^^^
  File "C:\odoo\odoo18\python\Lib\site-packages\decorator.py", line 232, in fun
    return caller(func, *(extras + args), **kw)
           ^^^^^^^^^^^^^^^^^^^^^^^^^^^^^^^^^^^^
  File "C:\odoo\odoo18\server\odoo\tools\func.py", line 97, in locked
    return func(inst, *args, **kwargs)
           ^^^^^^^^^^^^^^^^^^^^^^^^^^^
  File "C:\odoo\odoo18\server\odoo\modules\registry.py", line 129, in new
    odoo.modules.load_modules(registry, force_demo, status, update_module)
  File "C:\odoo\odoo18\server\odoo\modules\loading.py", line 489, in load_modules
    processed_modules += load_marked_modules(env, graph,
                         ^^^^^^^^^^^^^^^^^^^^^^^^^^^^^^^
  File "C:\odoo\odoo18\server\odoo\modules\loading.py", line 365, in load_marked_modules
    loaded, processed = load_module_graph(
                        ^^^^^^^^^^^^^^^^^^
  File "C:\odoo\odoo18\server\odoo\modules\loading.py", line 228, in load_module_graph
    load_data(env, idref, mode, kind='data', package=package)
  File "C:\odoo\odoo18\server\odoo\modules\loading.py", line 72, in load_data
    tools.convert_file(env, package.name, filename, idref, mode, noupdate, kind)
  File "C:\odoo\odoo18\server\odoo\tools\convert.py", line 662, in convert_file
    convert_xml_import(env, module, fp, idref, mode, noupdate)
  File "C:\odoo\odoo18\server\odoo\tools\convert.py", line 733, in convert_xml_import
    obj.parse(doc.getroot())
  File "C:\odoo\odoo18\server\odoo\tools\convert.py", line 648, in parse
    self._tag_root(de)
  File "C:\odoo\odoo18\server\odoo\tools\convert.py", line 590, in _tag_root
    f(rec)
  File "C:\odoo\odoo18\server\odoo\tools\convert.py", line 603, in _tag_root
    raise ParseError('while parsing %s:%s, somewhere inside\n%s' % (
odoo.tools.convert.ParseError: while parsing file:/c:/odoo/odoo18/server/odoo/addons/coconut_purchase_customization/data/product_data.xml:11, somewhere inside
<record id="product_coconut_machine_cracked" model="product.product">
            <field name="name">Kelapa Cungkil Mesin</field>
            <field name="default_code">RAW-COCO-MACH</field>
            <field name="type">product</field>
            <field name="categ_id" ref="coconut_raw_material_category"/>
            <field name="uom_id" ref="uom.product_uom_kgm"/>
            <field name="uom_po_id" ref="uom.product_uom_kgm"/>
            <field name="purchase_ok" eval="True"/>
            <field name="sale_ok" eval="False"/>
            <field name="description">Kelapa yang sudah dicungkil menggunakan mesin. Bahan baku untuk pengolahan lebih lanjut.</field>
            <field name="standard_price">0.0</field>
            <field name="list_price">0.0</field>
        </record>
2026-06-06 17:57:48,867 6480 INFO kelapa werkzeug: 127.0.0.1 - - [06/Jun/2026 17:57:48] "POST /web/dataset/call_button/ir.module.module/button_immediate_install HTTP/1.1" 200 - 1998 1.629 2.474
2026-06-06 17:57:56,885 6480 INFO kelapa odoo.addons.base.models.ir_http: Generating routing map for key None 
2026-06-06 17:57:56,973 6480 INFO kelapa werkzeug: 127.0.0.1 - - [06/Jun/2026 17:57:56] "POST /web/action/load HTTP/1.1" 200 - 16 0.015 0.074
2026-06-06 17:57:57,687 6480 INFO kelapa werkzeug: 127.0.0.1 - - [06/Jun/2026 17:57:57] "POST /web/dataset/call_kw/purchase.order/get_views HTTP/1.1" 200 - 119 0.105 0.434
2026-06-06 17:57:57,756 6480 INFO kelapa werkzeug: 127.0.0.1 - - [06/Jun/2026 17:57:57] "POST /web/dataset/call_kw/purchase.order/web_search_read HTTP/1.1" 200 - 20 0.018 0.034
2026-06-06 17:57:58,028 6480 INFO kelapa werkzeug: 127.0.0.1 - - [06/Jun/2026 17:57:58] "POST /web/dataset/call_kw/res.users/has_group HTTP/1.1" 200 - 1 0.001 0.006
2026-06-06 17:57:58,398 6480 INFO kelapa werkzeug: 127.0.0.1 - - [06/Jun/2026 17:57:58] "POST /web/dataset/call_kw/purchase.order/retrieve_dashboard HTTP/1.1" 200 - 18 0.017 0.018
2026-06-06 17:57:58,669 6480 INFO kelapa werkzeug: 127.0.0.1 - - [06/Jun/2026 17:57:58] "GET /web/image/res.users/2/avatar_128 HTTP/1.1" 304 - 16 0.018 0.022
2026-06-06 17:58:17,519 22852 INFO ? odoo: Odoo version 18.0-20260415 
2026-06-06 17:58:17,520 22852 INFO ? odoo: Using configuration file at c:\odoo\odoo.conf 
2026-06-06 17:58:17,520 22852 INFO ? odoo: addons paths: ['C:\\odoo\\odoo18\\server\\odoo\\addons', 'c:\\odoo\\odoo18\\sessions\\addons\\18.0', 'c:\\odoo\\odoo18\\server\\odoo\\addons'] 
2026-06-06 17:58:17,520 22852 INFO ? odoo: database: openpg@localhost:5432 
2026-06-06 17:58:17,810 22852 INFO ? odoo.addons.base.models.ir_actions_report: Will use the Wkhtmltopdf binary at C:\Program Files\wkhtmltopdf\bin\wkhtmltopdf.exe 
2026-06-06 17:58:17,849 22852 INFO ? odoo.addons.base.models.ir_actions_report: Will use the Wkhtmltoimage binary at C:\Program Files\wkhtmltopdf\bin\wkhtmltoimage.exe 
2026-06-06 17:58:18,386 22852 INFO ? odoo.service.server: HTTP service (werkzeug) running on DIANTAMELA:8069 
2026-06-06 17:58:50,746 6480 INFO kelapa werkzeug: 127.0.0.1 - - [06/Jun/2026 17:58:50] "POST /web/action/load HTTP/1.1" 200 - 9 0.009 0.009
2026-06-06 17:58:51,639 6480 INFO kelapa werkzeug: 127.0.0.1 - - [06/Jun/2026 17:58:51] "POST /web/dataset/call_kw/res.config.settings/get_views HTTP/1.1" 200 - 411 0.243 0.327
2026-06-06 17:58:51,812 6480 INFO kelapa werkzeug: 127.0.0.1 - - [06/Jun/2026 17:58:51] "POST /web/dataset/call_kw/res.config.settings/onchange HTTP/1.1" 200 - 163 0.096 0.060
2026-06-06 17:58:52,298 6480 INFO kelapa werkzeug: 127.0.0.1 - - [06/Jun/2026 17:58:52] "POST /base_setup/demo_active HTTP/1.1" 200 - 3 0.003 0.005
2026-06-06 17:58:52,329 6480 INFO kelapa werkzeug: 127.0.0.1 - - [06/Jun/2026 17:58:52] "POST /base_setup/data HTTP/1.1" 200 - 6 0.004 0.004
2026-06-06 17:59:12,028 6480 INFO kelapa werkzeug: 127.0.0.1 - - [06/Jun/2026 17:59:12] "GET /odoo/settings?debug=assets HTTP/1.1" 200 - 98 0.079 1.353
2026-06-06 17:59:12,404 6480 INFO kelapa werkzeug: 127.0.0.1 - - [06/Jun/2026 17:59:12] "GET /web/manifest.webmanifest HTTP/1.1" 200 - 7 0.027 0.006
2026-06-06 17:59:12,918 6480 INFO kelapa odoo.addons.base.models.assetsbundle: Generating a new asset bundle attachment /web/assets/2fd2d5f/web.assets_web.js.map (id:2365) 
2026-06-06 17:59:28,809 6480 INFO kelapa odoo.addons.base.models.assetsbundle: Generating a new asset bundle attachment /web/assets/07ba9f8/web.assets_web.css.map (id:2366) 
2026-06-06 17:59:28,976 6480 INFO kelapa odoo.addons.base.models.assetsbundle: Generating a new asset bundle attachment /web/assets/07ba9f8/web.assets_web.css (id:2367) 
2026-06-06 17:59:29,175 6480 INFO kelapa werkzeug: 127.0.0.1 - - [06/Jun/2026 17:59:29] "GET /web/assets/debug/web.assets_web.css HTTP/1.1" 200 - 16 0.130 17.001
2026-06-06 17:59:39,697 6480 INFO kelapa odoo.addons.base.models.assetsbundle: Generating a new asset bundle attachment /web/assets/5093bc8/web.assets_web_print.css.map (id:2368) 
2026-06-06 17:59:39,786 6480 INFO kelapa odoo.addons.base.models.assetsbundle: Generating a new asset bundle attachment /web/assets/5093bc8/web.assets_web_print.css (id:2369) 
2026-06-06 17:59:39,910 6480 INFO kelapa werkzeug: 127.0.0.1 - - [06/Jun/2026 17:59:39] "GET /web/assets/debug/web.assets_web_print.css HTTP/1.1" 200 - 12 0.086 10.326
2026-06-06 17:59:45,110 6480 INFO kelapa werkzeug: 127.0.0.1 - - [06/Jun/2026 17:59:45] "GET /odoo/settings?debug=assets HTTP/1.1" 200 - 20 0.042 0.037
2026-06-06 17:59:45,519 6480 INFO kelapa werkzeug: 127.0.0.1 - - [06/Jun/2026 17:59:45] "GET /web/assets/debug/web.assets_web.css HTTP/1.1" 304 - 3 0.004 0.078
2026-06-06 17:59:45,542 6480 INFO kelapa werkzeug: 127.0.0.1 - - [06/Jun/2026 17:59:45] "GET /web/manifest.webmanifest HTTP/1.1" 200 - 7 0.018 0.067
2026-06-06 17:59:45,714 6480 INFO kelapa werkzeug: 127.0.0.1 - - [06/Jun/2026 17:59:45] "GET /web/assets/debug/web.assets_web_print.css HTTP/1.1" 304 - 3 0.003 0.025
2026-06-06 17:59:46,060 6480 INFO kelapa odoo.addons.base.models.assetsbundle: Generating a new asset bundle attachment /web/assets/2fd2d5f/web.assets_web.js.map (id:2370) 
2026-06-06 18:00:13,128 6480 INFO kelapa odoo.addons.base.models.assetsbundle: Generating a new asset bundle attachment /web/assets/2fd2d5f/web.assets_web.js (id:2371) 
2026-06-06 18:00:13,718 6480 INFO kelapa odoo.addons.base.models.assetsbundle: Generating a new asset bundle attachment /web/assets/2fd2d5f/web.assets_web.js (id:2372) 
2026-06-06 18:00:14,262 6480 INFO kelapa werkzeug: 127.0.0.1 - - [06/Jun/2026 18:00:14] "GET /web/assets/debug/web.assets_web.js HTTP/1.1" 200 - 15 0.491 28.333
2026-06-06 18:00:14,659 6480 INFO kelapa werkzeug: 127.0.0.1 - - [06/Jun/2026 18:00:14] "GET /web/assets/debug/web.assets_web.js HTTP/1.1" 200 - 17 0.398 61.904
2026-06-06 18:00:14,760 6480 INFO kelapa odoo.addons.base.models.assetsbundle: Generating a new asset bundle attachment /web/assets/04f1d24/bus.websocket_worker_assets.js.map (id:2373) 
2026-06-06 18:00:14,796 6480 INFO kelapa odoo.addons.base.models.assetsbundle: Generating a new asset bundle attachment /web/assets/04f1d24/bus.websocket_worker_assets.js (id:2374) 
2026-06-06 18:00:14,848 6480 INFO kelapa werkzeug: 127.0.0.1 - - [06/Jun/2026 18:00:14] "GET /bus/websocket_worker_bundle?v=18.0-7 HTTP/1.1" 200 - 13 0.008 0.096
2026-06-06 18:00:15,226 6480 INFO kelapa werkzeug: 127.0.0.1 - - [06/Jun/2026 18:00:15] "POST /web/action/load HTTP/1.1" 200 - 10 0.016 0.017
2026-06-06 18:00:15,250 6480 INFO kelapa werkzeug: 127.0.0.1 - - [06/Jun/2026 18:00:15] "GET /websocket?version=18.0-7 HTTP/1.1" 101 - 1 0.001 0.010
2026-06-06 18:00:15,284 6480 INFO kelapa werkzeug: 127.0.0.1 - - [06/Jun/2026 18:00:15] "GET /web/image?model=res.users&field=avatar_128&id=2 HTTP/1.1" 304 - 9 0.053 0.022
2026-06-06 18:00:15,439 6480 INFO kelapa werkzeug: 127.0.0.1 - - [06/Jun/2026 18:00:15] "POST /mail/data HTTP/1.1" 200 - 83 0.168 0.077
2026-06-06 18:00:15,897 6480 INFO kelapa werkzeug: 127.0.0.1 - - [06/Jun/2026 18:00:15] "POST /web/dataset/call_kw/res.config.settings/get_views HTTP/1.1" 200 - 267 0.199 0.239
2026-06-06 18:00:15,985 6480 INFO kelapa werkzeug: 127.0.0.1 - - [06/Jun/2026 18:00:15] "POST /web/dataset/call_kw/res.config.settings/onchange HTTP/1.1" 200 - 28 0.018 0.043
2026-06-06 18:00:16,420 6480 INFO kelapa werkzeug: 127.0.0.1 - - [06/Jun/2026 18:00:16] "POST /base_setup/demo_active HTTP/1.1" 200 - 2 0.002 0.005
2026-06-06 18:00:16,431 6480 INFO kelapa werkzeug: 127.0.0.1 - - [06/Jun/2026 18:00:16] "POST /base_setup/data HTTP/1.1" 200 - 5 0.002 0.007
2026-06-06 18:00:16,845 6480 INFO kelapa werkzeug: 127.0.0.1 - - [06/Jun/2026 18:00:16] "GET /web/service-worker.js HTTP/1.1" 200 - 1 0.000 0.004
2026-06-06 18:00:24,881 22852 INFO ? odoo.service.server: Initiating shutdown 
2026-06-06 18:00:24,881 22852 INFO ? odoo.service.server: Hit CTRL-C again or send a second signal to force the shutdown. 
2026-06-06 18:00:25,150 22852 INFO ? odoo.sql_db: ConnectionPool(read/write;used=0/count=0/max=64): Closed 2 connections  
2026-06-06 18:00:40,552 22948 INFO ? odoo: Odoo version 18.0-20260415 
2026-06-06 18:00:40,552 22948 INFO ? odoo: Using configuration file at c:\odoo\odoo.conf 
2026-06-06 18:00:40,552 22948 INFO ? odoo: addons paths: ['C:\\odoo\\odoo18\\server\\odoo\\addons', 'c:\\odoo\\odoo18\\sessions\\addons\\18.0', 'c:\\odoo\\odoo18\\server\\odoo\\addons'] 
2026-06-06 18:00:40,552 22948 INFO ? odoo: database: openpg@localhost:5432 
2026-06-06 18:00:40,804 22948 INFO ? odoo.addons.base.models.ir_actions_report: Will use the Wkhtmltopdf binary at C:\Program Files\wkhtmltopdf\bin\wkhtmltopdf.exe 
2026-06-06 18:00:40,838 22948 INFO ? odoo.addons.base.models.ir_actions_report: Will use the Wkhtmltoimage binary at C:\Program Files\wkhtmltopdf\bin\wkhtmltoimage.exe 
2026-06-06 18:00:41,376 22948 INFO ? odoo.service.server: HTTP service (werkzeug) running on DIANTAMELA:8069 
2026-06-06 18:01:04,193 6480 INFO kelapa werkzeug: 127.0.0.1 - - [06/Jun/2026 18:01:04] "POST /web/action/load HTTP/1.1" 200 - 9 0.005 0.012
2026-06-06 18:01:04,526 6480 INFO kelapa werkzeug: 127.0.0.1 - - [06/Jun/2026 18:01:04] "POST /web/dataset/call_kw/stock.picking.type/get_views HTTP/1.1" 200 - 55 0.037 0.065
2026-06-06 18:01:04,577 6480 INFO kelapa werkzeug: 127.0.0.1 - - [06/Jun/2026 18:01:04] "POST /web/dataset/call_kw/stock.picking.type/web_search_read HTTP/1.1" 200 - 22 0.023 0.014
2026-06-06 18:01:04,946 6480 INFO kelapa werkzeug: 127.0.0.1 - - [06/Jun/2026 18:01:04] "GET /web/bundle/web.chartjs_lib?lang=id_ID&debug=assets HTTP/1.1" 200 - 2 0.002 0.004
2026-06-06 18:01:05,217 6480 INFO kelapa odoo.addons.base.models.assetsbundle: Generating a new asset bundle attachment /web/assets/9d2497b/web.chartjs_lib.js.map (id:2375) 
2026-06-06 18:01:05,982 6480 INFO kelapa odoo.addons.base.models.assetsbundle: Generating a new asset bundle attachment /web/assets/9d2497b/web.chartjs_lib.js (id:2376) 
2026-06-06 18:01:06,680 6480 INFO kelapa werkzeug: 127.0.0.1 - - [06/Jun/2026 18:01:06] "GET /web/assets/debug/web.chartjs_lib.js HTTP/1.1" 200 - 12 0.034 1.441
2026-06-06 18:01:10,380 6480 INFO kelapa werkzeug: 127.0.0.1 - - [06/Jun/2026 18:01:10] "POST /web/action/load HTTP/1.1" 200 - 11 0.012 0.009
2026-06-06 18:01:10,998 6480 INFO kelapa werkzeug: 127.0.0.1 - - [06/Jun/2026 18:01:10] "POST /web/dataset/call_kw/product.product/get_views HTTP/1.1" 200 - 88 0.121 0.161
2026-06-06 18:01:11,019 6480 INFO kelapa werkzeug: 127.0.0.1 - - [06/Jun/2026 18:01:11] "POST /web/dataset/call_kw/stock.warehouse/get_current_warehouses HTTP/1.1" 200 - 6 0.004 0.008
2026-06-06 18:01:11,340 6480 INFO kelapa werkzeug: 127.0.0.1 - - [06/Jun/2026 18:01:11] "POST /web/dataset/call_kw/product.product/search_panel_select_multi_range HTTP/1.1" 200 - 9 0.013 0.016
2026-06-06 18:01:11,360 6480 INFO kelapa werkzeug: 127.0.0.1 - - [06/Jun/2026 18:01:11] "POST /web/dataset/call_kw/res.users/has_group HTTP/1.1" 200 - 1 0.002 0.013
2026-06-06 18:01:11,526 6480 INFO kelapa werkzeug: 127.0.0.1 - - [06/Jun/2026 18:01:11] "POST /web/dataset/call_kw/product.product/web_search_read HTTP/1.1" 200 - 31 0.078 0.105
2026-06-06 18:01:45,090 6480 INFO kelapa odoo.addons.base.models.ir_cron: Job 'QRIS Fetch Status' (62) starting 
2026-06-06 18:01:45,147 6480 INFO kelapa odoo.addons.base.models.ir_cron: Job 'QRIS Fetch Status' (62) done in 0.057s 
2026-06-06 18:01:45,154 6480 INFO kelapa odoo.addons.base.models.ir_cron: Job 'QRIS Fetch Status' (62) processed 0 records, 0 records remaining 
2026-06-06 18:01:45,162 6480 INFO kelapa odoo.addons.base.models.ir_cron: Job 'QRIS Fetch Status' (62) completed 
2026-06-06 18:21:26,563 6480 INFO kelapa odoo.addons.base.models.res_device: User 2 inserts device log (DekpoknOJSgQn7wTaQ6YZxZRsCKgWfQ-vNWclGG0Av) 
2026-06-06 18:21:26,575 6480 INFO kelapa werkzeug: 127.0.0.1 - - [06/Jun/2026 18:21:26] "GET /websocket?version=18.0-7 HTTP/1.1" 101 - 2 0.034 0.229
2026-06-06 18:21:27,246 6480 INFO kelapa werkzeug: 127.0.0.1 - - [06/Jun/2026 18:21:27] "POST /bus/has_missed_notifications HTTP/1.1" 200 - 2 0.018 0.140
2026-06-06 19:07:35,892 6480 INFO kelapa werkzeug: 127.0.0.1 - - [06/Jun/2026 19:07:35] "GET /websocket?version=18.0-7 HTTP/1.1" 101 - 1 0.016 0.174
2026-06-06 23:35:37,527 6480 INFO kelapa odoo.addons.base.models.ir_cron: Job 'Notification: Notify scheduled messages' (38) starting 
2026-06-06 23:35:37,538 6480 INFO kelapa odoo.addons.base.models.ir_cron: Job 'SMS: SMS Queue Manager' (45) starting 
2026-06-06 23:35:37,572 6480 INFO kelapa odoo.addons.base.models.ir_cron: Job 'Notification: Notify scheduled messages' (38) done in 0.045s 
2026-06-07 00:05:47,758 6480 INFO kelapa odoo.addons.base.models.ir_cron: Job 'Notification: Notify scheduled messages' (38) processed 0 records, 0 records remaining 
2026-06-07 00:05:47,792 6480 INFO kelapa odoo.addons.base.models.ir_cron: Job 'SMS: SMS Queue Manager' (45) done in 1810.253s 
2026-06-07 00:05:47,804 6480 INFO kelapa odoo.addons.base.models.ir_cron: Job 'SMS: SMS Queue Manager' (45) processed 0 records, 0 records remaining 
2026-06-07 00:05:47,834 6480 INFO kelapa odoo.addons.base.models.ir_cron: Job 'Notification: Notify scheduled messages' (38) completed 
2026-06-07 00:05:47,871 6480 INFO kelapa odoo.addons.base.models.ir_cron: Job 'Snailmail: process letters queue' (46) starting 
2026-06-07 00:05:47,879 6480 INFO kelapa odoo.addons.base.models.ir_cron: Job 'SMS: SMS Queue Manager' (45) completed 
2026-06-07 00:05:47,892 6480 INFO kelapa odoo.addons.base.models.ir_cron: Job 'Snailmail: process letters queue' (46) done in 0.021s 
2026-06-07 00:05:47,901 6480 INFO kelapa odoo.addons.base.models.ir_cron: Job 'Snailmail: process letters queue' (46) processed 0 records, 0 records remaining 
2026-06-07 00:05:47,910 6480 INFO kelapa odoo.addons.base.models.ir_cron: Job 'Snailmail: process letters queue' (46) completed 
2026-06-07 00:05:48,020 6480 INFO kelapa odoo.addons.base.models.ir_cron: Job 'QRIS Fetch Status' (62) starting 
2026-06-07 00:05:48,042 6480 INFO kelapa odoo.addons.base.models.ir_cron: Job 'Mail: Email Queue Manager' (33) starting 
2026-06-07 00:05:48,065 6480 INFO kelapa odoo.addons.base.models.ir_cron: Job 'Mail: Email Queue Manager' (33) done in 0.023s 
2026-06-07 00:05:48,072 6480 INFO kelapa odoo.addons.base.models.ir_cron: Job 'Mail: Email Queue Manager' (33) processed 0 records, 0 records remaining 
2026-06-07 00:05:48,078 6480 INFO kelapa odoo.addons.base.models.ir_cron: Job 'QRIS Fetch Status' (62) done in 0.058s 
2026-06-07 00:05:48,082 6480 INFO kelapa odoo.addons.base.models.ir_cron: Job 'Mail: Email Queue Manager' (33) completed 
2026-06-07 00:05:48,086 6480 INFO kelapa odoo.addons.base.models.ir_cron: Job 'QRIS Fetch Status' (62) processed 0 records, 0 records remaining 
2026-06-07 00:05:48,094 6480 INFO kelapa odoo.addons.base.models.ir_cron: Job 'QRIS Fetch Status' (62) completed 
2026-06-07 00:05:48,107 6480 INFO kelapa odoo.addons.base.models.ir_cron: Job 'Partner Autocomplete: Sync with remote DB' (44) starting 
2026-06-07 00:05:48,116 6480 INFO kelapa odoo.addons.base.models.ir_cron: Job 'Partner Autocomplete: Sync with remote DB' (44) done in 0.008s 
2026-06-07 00:05:48,123 6480 INFO kelapa odoo.addons.base.models.ir_cron: Job 'Partner Autocomplete: Sync with remote DB' (44) processed 0 records, 0 records remaining 
2026-06-07 00:05:48,133 6480 INFO kelapa odoo.addons.base.models.ir_cron: Job 'Partner Autocomplete: Sync with remote DB' (44) completed 
2026-06-07 01:08:46,851 6480 INFO kelapa odoo.addons.base.models.ir_cron: Job 'Notification: Notify scheduled messages' (38) starting 
2026-06-07 01:08:46,973 6480 INFO kelapa odoo.addons.base.models.ir_cron: Job 'Notification: Notify scheduled messages' (38) done in 0.121s 
2026-06-07 01:08:48,102 6480 INFO kelapa odoo.addons.base.models.ir_cron: Job 'Notification: Notify scheduled messages' (38) processed 0 records, 0 records remaining 
2026-06-07 01:08:48,110 6480 INFO kelapa odoo.addons.base.models.ir_cron: Job 'SMS: SMS Queue Manager' (45) starting 
2026-06-07 01:08:48,231 6480 INFO kelapa odoo.addons.base.models.ir_cron: Job 'SMS: SMS Queue Manager' (45) done in 0.121s 
2026-06-07 01:08:48,233 6480 INFO kelapa odoo.addons.base.models.ir_cron: Job 'Notification: Notify scheduled messages' (38) completed 
2026-06-07 01:08:49,547 6480 INFO kelapa odoo.addons.base.models.ir_cron: Job 'SMS: SMS Queue Manager' (45) processed 0 records, 0 records remaining 
2026-06-07 01:08:51,652 6480 INFO kelapa odoo.addons.base.models.ir_cron: Job 'Snailmail: process letters queue' (46) starting 
2026-06-07 01:08:51,658 6480 INFO kelapa odoo.addons.base.models.ir_cron: Job 'SMS: SMS Queue Manager' (45) completed 
2026-06-07 01:08:51,671 6480 INFO kelapa odoo.addons.base.models.ir_cron: Job 'Snailmail: process letters queue' (46) done in 0.019s 
2026-06-07 01:08:52,754 6480 INFO kelapa odoo.addons.base.models.ir_cron: Job 'Snailmail: process letters queue' (46) processed 0 records, 0 records remaining 
2026-06-07 01:08:52,765 6480 INFO kelapa odoo.addons.base.models.ir_cron: Job 'Snailmail: process letters queue' (46) completed 
2026-06-07 01:08:53,874 6480 INFO kelapa odoo.addons.base.models.ir_cron: Job 'QRIS Fetch Status' (62) starting 
2026-06-07 01:08:54,912 6480 INFO kelapa odoo.addons.base.models.ir_cron: Job 'Mail: Email Queue Manager' (33) starting 
2026-06-07 01:08:54,936 6480 INFO kelapa odoo.addons.base.models.ir_cron: Job 'Mail: Email Queue Manager' (33) done in 0.023s 
2026-06-07 01:08:54,938 6480 INFO kelapa odoo.addons.base.models.ir_cron: Job 'QRIS Fetch Status' (62) done in 1.064s 
2026-06-07 01:08:56,020 6480 INFO kelapa odoo.addons.base.models.ir_cron: Job 'Mail: Email Queue Manager' (33) processed 0 records, 0 records remaining 
2026-06-07 01:08:56,022 6480 INFO kelapa odoo.addons.base.models.ir_cron: Job 'QRIS Fetch Status' (62) processed 0 records, 0 records remaining 
2026-06-07 01:08:56,034 6480 INFO kelapa odoo.addons.base.models.ir_cron: Job 'Mail: Email Queue Manager' (33) completed 
2026-06-07 01:08:56,037 6480 INFO kelapa odoo.addons.base.models.ir_cron: Job 'QRIS Fetch Status' (62) completed 
2026-06-07 01:08:58,208 6480 INFO kelapa odoo.addons.base.models.ir_cron: Job 'Partner Autocomplete: Sync with remote DB' (44) starting 
2026-06-07 01:08:58,216 6480 INFO kelapa odoo.addons.base.models.ir_cron: Job 'Partner Autocomplete: Sync with remote DB' (44) done in 0.008s 
2026-06-07 01:08:59,240 6480 INFO kelapa odoo.addons.base.models.ir_cron: Job 'Partner Autocomplete: Sync with remote DB' (44) processed 0 records, 0 records remaining 
2026-06-07 01:08:59,251 6480 INFO kelapa odoo.addons.base.models.ir_cron: Job 'Partner Autocomplete: Sync with remote DB' (44) completed 
2026-06-08 06:05:45,926 6480 INFO kelapa odoo.addons.base.models.res_device: User 2 inserts device log (DekpoknOJSgQn7wTaQ6YZxZRsCKgWfQ-vNWclGG0Av) 
2026-06-08 06:05:45,936 6480 INFO kelapa werkzeug: 127.0.0.1 - - [08/Jun/2026 06:05:45] "GET /websocket?version=18.0-7 HTTP/1.1" 101 - 2 0.030 0.319
2026-06-08 06:05:52,653 6480 INFO kelapa odoo.addons.base.models.ir_cron: Job 'Base: Auto-vacuum internal data' (1) starting 
2026-06-08 06:05:52,954 6480 INFO kelapa odoo.addons.base.models.ir_attachment: filestore gc 14 checked, 2 removed 
2026-06-08 06:05:53,364 6480 INFO kelapa odoo.models.unlink: User #1 deleted res.config.settings records with IDs: [16, 15] 
2026-06-08 06:05:53,393 6480 INFO kelapa odoo.addons.base.models.res_users: GC'd 1 user log entries 
2026-06-08 06:05:53,441 6480 INFO kelapa odoo.addons.base.models.res_users: GC 'res.users.apikeys' delete 0 entries 
2026-06-08 06:05:53,476 6480 INFO kelapa odoo.addons.base.models.res_device: GC device logs delete 2 entries 
2026-06-08 06:05:53,485 6480 INFO kelapa odoo.addons.base.models.res_device: GC device logs delete 0 entries 
2026-06-08 06:05:53,508 6480 INFO kelapa odoo.models.unlink: User #1 deleted base.module.update records with IDs: [2, 3] 
2026-06-08 06:05:53,535 6480 INFO kelapa odoo.models.unlink: User #1 deleted base.language.install records with IDs: [7, 8] 
2026-06-08 06:05:53,603 6480 INFO kelapa odoo.addons.base.models.res_users: GC 'auth_totp.device' delete 0 entries 
2026-06-08 06:05:53,682 6480 INFO kelapa odoo.models.unlink: User #1 deleted bus.presence records with IDs: [4] 
2026-06-08 06:05:54,420 6480 INFO kelapa odoo.addons.sms.models.sms_sms: GC'd 0 sms marked for deletion 
2026-06-08 06:05:54,807 6480 INFO kelapa odoo.addons.base.models.ir_cron: Job 'Notification: Delete Notifications older than 6 Month' (35) starting 
2026-06-08 06:05:54,935 6480 INFO kelapa odoo.addons.base.models.ir_cron: Job 'Notification: Delete Notifications older than 6 Month' (35) done in 0.128s 
2026-06-08 06:05:54,948 6480 INFO kelapa odoo.addons.base.models.ir_cron: Job 'Notification: Delete Notifications older than 6 Month' (35) processed 0 records, 0 records remaining 
2026-06-08 06:05:55,027 6480 INFO kelapa odoo.addons.base.models.ir_cron: Job 'Notification: Delete Notifications older than 6 Month' (35) completed 
2026-06-08 06:05:55,066 6480 INFO kelapa odoo.addons.base.models.ir_cron: Job 'Mail: Post scheduled messages' (37) starting 
2026-06-08 06:05:55,088 6480 INFO kelapa odoo.addons.mail.models.mail_scheduled_message: Posting 0 scheduled messages 
2026-06-08 06:05:55,090 6480 INFO kelapa odoo.addons.base.models.ir_cron: Job 'Mail: Post scheduled messages' (37) done in 0.024s 
2026-06-08 06:05:55,142 6480 INFO kelapa odoo.addons.base.models.ir_cron: Job 'Mail: Post scheduled messages' (37) processed 0 records, 0 records remaining 
2026-06-08 06:05:55,184 6480 INFO kelapa odoo.addons.base.models.ir_cron: Job 'Mail: Post scheduled messages' (37) completed 
2026-06-08 06:05:55,229 6480 INFO kelapa odoo.addons.base.models.ir_cron: Job 'Notification: Notify scheduled messages' (38) starting 
2026-06-08 06:05:55,281 6480 INFO kelapa odoo.addons.base.models.ir_cron: Job 'Notification: Notify scheduled messages' (38) done in 0.051s 
2026-06-08 06:05:55,291 6480 INFO kelapa odoo.addons.base.models.ir_cron: Job 'Notification: Notify scheduled messages' (38) processed 0 records, 0 records remaining 
2026-06-08 06:05:55,310 6480 INFO kelapa odoo.addons.base.models.ir_cron: Job 'Notification: Notify scheduled messages' (38) completed 
2026-06-08 06:05:55,337 6480 INFO kelapa odoo.addons.base.models.ir_cron: Job 'Mail: send web push notification' (39) starting 
2026-06-08 06:05:55,369 6480 INFO kelapa odoo.addons.base.models.ir_cron: Job 'Mail: send web push notification' (39) done in 0.031s 
2026-06-08 06:05:55,381 6480 INFO kelapa odoo.addons.base.models.ir_cron: Job 'Mail: send web push notification' (39) processed 0 records, 0 records remaining 
2026-06-08 06:05:55,392 6480 INFO kelapa odoo.addons.base.models.ir_cron: Job 'Mail: send web push notification' (39) completed 
2026-06-08 06:05:55,418 6480 INFO kelapa odoo.addons.base.models.ir_cron: Job 'Discuss: channel member unmute' (40) starting 
2026-06-08 06:05:55,464 6480 INFO kelapa odoo.addons.base.models.ir_cron: Job 'Base: Auto-vacuum internal data' (1) done in 2.811s 
2026-06-08 06:05:55,475 6480 INFO kelapa odoo.addons.base.models.ir_cron: Job 'Base: Auto-vacuum internal data' (1) processed 0 records, 0 records remaining 
2026-06-08 06:05:55,484 6480 INFO kelapa odoo.addons.base.models.ir_cron: Job 'Discuss: channel member unmute' (40) done in 0.065s 
2026-06-08 06:05:55,488 6480 INFO kelapa odoo.addons.base.models.ir_cron: Job 'Base: Auto-vacuum internal data' (1) completed 
2026-06-08 06:05:55,492 6480 INFO kelapa odoo.addons.base.models.ir_cron: Job 'Discuss: channel member unmute' (40) processed 0 records, 0 records remaining 
2026-06-08 06:05:55,502 6480 INFO kelapa odoo.addons.base.models.ir_cron: Job 'Discuss: channel member unmute' (40) completed 
2026-06-08 06:05:55,527 6480 INFO kelapa odoo.addons.base.models.ir_cron: Job 'Discuss: users settings unmute' (41) starting 
2026-06-08 06:05:55,539 6480 INFO kelapa odoo.addons.base.models.ir_cron: Job 'Calendar: Event Reminder' (43) starting 
2026-06-08 06:05:55,546 6480 INFO kelapa odoo.addons.base.models.ir_cron: Job 'Discuss: users settings unmute' (41) done in 0.018s 
2026-06-08 06:05:55,553 6480 INFO kelapa odoo.addons.base.models.ir_cron: Job 'Discuss: users settings unmute' (41) processed 0 records, 0 records remaining 
2026-06-08 06:05:55,563 6480 INFO kelapa odoo.addons.base.models.ir_cron: Job 'Discuss: users settings unmute' (41) completed 
2026-06-08 06:05:55,569 6480 INFO kelapa odoo.addons.base.models.ir_cron: Job 'Calendar: Event Reminder' (43) done in 0.029s 
2026-06-08 06:05:55,578 6480 INFO kelapa odoo.addons.base.models.ir_cron: Job 'Calendar: Event Reminder' (43) processed 0 records, 0 records remaining 
2026-06-08 06:05:55,590 6480 INFO kelapa odoo.addons.base.models.ir_cron: Job 'Calendar: Event Reminder' (43) completed 
2026-06-08 06:05:55,593 6480 INFO kelapa odoo.addons.base.models.ir_cron: Job 'SMS: SMS Queue Manager' (45) starting 
2026-06-08 06:05:55,618 6480 INFO kelapa odoo.addons.base.models.ir_cron: Job 'Snailmail: process letters queue' (46) starting 
2026-06-08 06:05:55,629 6480 INFO kelapa odoo.addons.base.models.ir_cron: Job 'SMS: SMS Queue Manager' (45) done in 0.036s 
2026-06-08 06:05:55,636 6480 INFO kelapa odoo.addons.base.models.ir_cron: Job 'Snailmail: process letters queue' (46) done in 0.017s 
2026-06-08 06:05:55,639 6480 INFO kelapa odoo.addons.base.models.ir_cron: Job 'SMS: SMS Queue Manager' (45) processed 0 records, 0 records remaining 
2026-06-08 06:05:55,646 6480 INFO kelapa odoo.addons.base.models.ir_cron: Job 'Snailmail: process letters queue' (46) processed 0 records, 0 records remaining 
2026-06-08 06:05:55,653 6480 INFO kelapa odoo.addons.base.models.ir_cron: Job 'SMS: SMS Queue Manager' (45) completed 
2026-06-08 06:05:55,657 6480 INFO kelapa odoo.addons.base.models.ir_cron: Job 'Snailmail: process letters queue' (46) completed 
2026-06-08 06:05:55,680 6480 INFO kelapa odoo.addons.base.models.ir_cron: Job 'Digest Emails' (47) starting 
2026-06-08 06:05:55,686 6480 INFO kelapa odoo.addons.base.models.ir_cron: Job 'HR Employee: check work permit validity' (48) starting 
2026-06-08 06:05:55,722 6480 INFO kelapa odoo.addons.base.models.ir_cron: Job 'HR Employee: check work permit validity' (48) done in 0.034s 
2026-06-08 06:05:55,730 6480 INFO kelapa odoo.addons.base.models.ir_cron: Job 'HR Employee: check work permit validity' (48) processed 0 records, 0 records remaining 
2026-06-08 06:05:55,741 6480 INFO kelapa odoo.addons.base.models.ir_cron: Job 'HR Employee: check work permit validity' (48) completed 
2026-06-08 06:05:55,765 6480 INFO kelapa odoo.addons.base.models.ir_cron: Job 'HR Contract: update state' (49) starting 
2026-06-08 06:05:55,835 6480 INFO kelapa odoo.addons.base.models.ir_cron: Job 'HR Contract: update state' (49) done in 0.070s 
2026-06-08 06:05:55,844 6480 INFO kelapa odoo.addons.base.models.ir_cron: Job 'HR Contract: update state' (49) processed 0 records, 0 records remaining 
2026-06-08 06:05:55,855 6480 INFO kelapa odoo.addons.base.models.ir_cron: Job 'HR Contract: update state' (49) completed 
2026-06-08 06:05:55,886 6480 INFO kelapa odoo.addons.base.models.ir_cron: Job 'Accrual Time Off: Updates the number of time off' (50) starting 
2026-06-08 06:05:55,921 6480 INFO kelapa odoo.addons.base.models.ir_cron: Job 'Accrual Time Off: Updates the number of time off' (50) done in 0.032s 
2026-06-08 06:05:55,928 6480 INFO kelapa odoo.addons.base.models.ir_cron: Job 'Accrual Time Off: Updates the number of time off' (50) processed 0 records, 0 records remaining 
2026-06-08 06:05:55,941 6480 INFO kelapa odoo.addons.base.models.ir_cron: Job 'Accrual Time Off: Updates the number of time off' (50) completed 
2026-06-08 06:05:55,965 6480 INFO kelapa odoo.addons.base.models.ir_cron: Job 'Time Off: Cancel invalid leaves' (51) starting 
2026-06-08 06:05:56,000 6480 INFO kelapa odoo.addons.base.models.ir_cron: Job 'Time Off: Cancel invalid leaves' (51) done in 0.034s 
2026-06-08 06:05:56,008 6480 INFO kelapa odoo.addons.base.models.ir_cron: Job 'Time Off: Cancel invalid leaves' (51) processed 0 records, 0 records remaining 
2026-06-08 06:05:56,020 6480 INFO kelapa odoo.addons.base.models.ir_cron: Job 'Time Off: Cancel invalid leaves' (51) completed 
2026-06-08 06:05:56,043 6480 INFO kelapa odoo.addons.base.models.ir_cron: Job 'Gamification: Goal Challenge Check' (52) starting 
2026-06-08 06:05:56,174 6480 INFO kelapa odoo.addons.base.models.ir_cron: Job 'Gamification: Goal Challenge Check' (52) done in 0.131s 
2026-06-08 06:05:56,182 6480 INFO kelapa odoo.addons.base.models.ir_cron: Job 'Gamification: Goal Challenge Check' (52) processed 0 records, 0 records remaining 
2026-06-08 06:05:56,192 6480 INFO kelapa odoo.addons.base.models.ir_cron: Job 'Gamification: Goal Challenge Check' (52) completed 
2026-06-08 06:05:56,216 6480 INFO kelapa odoo.addons.base.models.ir_cron: Job 'Project: Send rating' (56) starting 
2026-06-08 06:05:56,240 6480 INFO kelapa odoo.addons.base.models.ir_cron: Job 'Project: Send rating' (56) done in 0.024s 
2026-06-08 06:05:56,249 6480 INFO kelapa odoo.addons.base.models.ir_cron: Job 'Project: Send rating' (56) processed 0 records, 0 records remaining 
2026-06-08 06:05:56,259 6480 INFO kelapa odoo.addons.base.models.ir_cron: Job 'Project: Send rating' (56) completed 
2026-06-08 06:05:56,295 6480 INFO kelapa odoo.addons.base.models.ir_cron: Job 'Procurement: run scheduler' (57) starting 
2026-06-08 06:05:57,210 6480 INFO kelapa odoo.addons.stock.models.stock_orderpoint: A batch of 4 orderpoints is processed and committed 
2026-06-08 06:05:57,444 6480 INFO kelapa odoo.addons.stock.models.stock_rule: A batch of 2 moves are assigned and committed 
2026-06-08 06:05:57,541 6480 INFO kelapa odoo.addons.base.models.ir_cron: Job 'Procurement: run scheduler' (57) done in 1.246s 
2026-06-08 06:05:57,552 6480 INFO kelapa odoo.addons.base.models.ir_cron: Job 'Procurement: run scheduler' (57) processed 3 records, 0 records remaining 
2026-06-08 06:05:57,563 6480 INFO kelapa odoo.addons.base.models.ir_cron: Job 'Procurement: run scheduler' (57) completed 
2026-06-08 06:05:57,592 6480 INFO kelapa odoo.addons.base.models.ir_cron: Job 'Account: Post draft entries with auto_post enabled and accounting date up to today' (59) starting 
2026-06-08 06:05:57,939 6480 INFO kelapa odoo.addons.base.models.ir_cron: Job 'Account: Post draft entries with auto_post enabled and accounting date up to today' (59) done in 0.346s 
2026-06-08 06:05:57,947 6480 INFO kelapa odoo.addons.base.models.ir_cron: Job 'Account: Post draft entries with auto_post enabled and accounting date up to today' (59) processed 0 records, 0 records remaining 
2026-06-08 06:05:57,957 6480 INFO kelapa odoo.addons.base.models.ir_cron: Job 'Account: Post draft entries with auto_post enabled and accounting date up to today' (59) completed 
2026-06-08 06:05:57,982 6480 INFO kelapa odoo.addons.base.models.ir_cron: Job 'Send invoices automatically' (60) starting 
2026-06-08 06:05:57,994 6480 INFO kelapa odoo.addons.base.models.ir_cron: Job 'Send invoices automatically' (60) done in 0.013s 
2026-06-08 06:05:58,009 6480 INFO kelapa odoo.addons.base.models.ir_cron: Job 'Send invoices automatically' (60) processed 0 records, 0 records remaining 
2026-06-08 06:05:58,020 6480 INFO kelapa odoo.addons.base.models.ir_cron: Job 'Send invoices automatically' (60) completed 
2026-06-08 06:05:58,057 6480 INFO kelapa odoo.addons.base.models.ir_cron: Job 'Purchase reminder' (61) starting 
2026-06-08 06:05:58,721 6480 INFO kelapa odoo.addons.base.models.ir_cron: Job 'Purchase reminder' (61) done in 0.664s 
2026-06-08 06:05:58,853 6480 INFO kelapa odoo.addons.base.models.ir_cron: Job 'Purchase reminder' (61) processed 0 records, 0 records remaining 
2026-06-08 06:05:58,900 6480 INFO kelapa odoo.addons.base.models.ir_cron: Job 'Purchase reminder' (61) completed 
2026-06-08 06:05:58,958 6480 INFO kelapa odoo.addons.base.models.ir_cron: Job 'QRIS Fetch Status' (62) starting 
2026-06-08 06:05:58,987 6480 INFO kelapa odoo.addons.base.models.ir_cron: Job 'QRIS Fetch Status' (62) done in 0.029s 
2026-06-08 06:05:58,996 6480 INFO kelapa odoo.addons.base.models.ir_cron: Job 'QRIS Fetch Status' (62) processed 0 records, 0 records remaining 
2026-06-08 06:05:59,009 6480 INFO kelapa odoo.addons.base.models.ir_cron: Job 'QRIS Fetch Status' (62) completed 
2026-06-08 06:05:59,036 6480 INFO kelapa odoo.addons.base.models.ir_cron: Job 'Mail: Email Queue Manager' (33) starting 
2026-06-08 06:05:59,075 6480 INFO kelapa odoo.addons.base.models.ir_cron: Job 'Mail: Email Queue Manager' (33) done in 0.039s 
2026-06-08 06:05:59,086 6480 INFO kelapa odoo.addons.base.models.ir_cron: Job 'Mail: Email Queue Manager' (33) processed 0 records, 0 records remaining 
2026-06-08 06:05:59,096 6480 INFO kelapa odoo.addons.base.models.ir_cron: Job 'Mail: Email Queue Manager' (33) completed 
2026-06-08 06:05:59,128 6480 INFO kelapa odoo.addons.base.models.ir_cron: Job 'Users: Notify About Unregistered Users' (42) starting 
2026-06-08 06:05:59,144 6480 INFO kelapa odoo.addons.base.models.ir_cron: Job 'Digest Emails' (47) done in 3.463s 
2026-06-08 06:05:59,155 6480 INFO kelapa odoo.addons.base.models.ir_cron: Job 'Digest Emails' (47) processed 0 records, 0 records remaining 
2026-06-08 06:05:59,166 6480 INFO kelapa odoo.addons.base.models.ir_cron: Job 'Digest Emails' (47) completed 
2026-06-08 06:05:59,166 6480 INFO kelapa odoo.addons.base.models.ir_cron: Job 'Users: Notify About Unregistered Users' (42) done in 0.039s 
2026-06-08 06:05:59,174 6480 INFO kelapa odoo.addons.base.models.ir_cron: Job 'Users: Notify About Unregistered Users' (42) processed 0 records, 0 records remaining 
2026-06-08 06:05:59,187 6480 INFO kelapa odoo.addons.base.models.ir_cron: Job 'Users: Notify About Unregistered Users' (42) completed 
2026-06-08 06:05:59,212 6480 INFO kelapa odoo.addons.base.models.ir_cron: Job 'Partner Autocomplete: Sync with remote DB' (44) starting 
2026-06-08 06:05:59,223 6480 INFO kelapa odoo.addons.base.models.ir_cron: Job 'Partner Autocomplete: Sync with remote DB' (44) done in 0.011s 
2026-06-08 06:05:59,228 6480 INFO kelapa odoo.addons.base.models.ir_cron: Job 'Base: Portal Users Deletion' (2) starting 
2026-06-08 06:05:59,234 6480 INFO kelapa odoo.addons.base.models.ir_cron: Job 'Partner Autocomplete: Sync with remote DB' (44) processed 0 records, 0 records remaining 
2026-06-08 06:05:59,247 6480 INFO kelapa odoo.addons.base.models.ir_cron: Job 'Partner Autocomplete: Sync with remote DB' (44) completed 
2026-06-08 06:05:59,252 6480 INFO kelapa odoo.addons.base.models.ir_cron: Job 'Base: Portal Users Deletion' (2) done in 0.022s 
2026-06-08 06:05:59,257 6480 INFO kelapa odoo.addons.base.models.ir_cron: Job 'Base: Portal Users Deletion' (2) processed 0 records, 0 records remaining 
2026-06-08 06:05:59,281 6480 INFO kelapa odoo.addons.base.models.ir_cron: Job 'Base: Portal Users Deletion' (2) completed 
2026-06-08 06:23:35,485 6480 INFO kelapa werkzeug: 127.0.0.1 - - [08/Jun/2026 06:23:35] "GET /websocket?version=18.0-7 HTTP/1.1" 101 - 1 0.003 0.018
2026-06-08 06:29:52,030 6480 INFO kelapa werkzeug: 127.0.0.1 - - [08/Jun/2026 06:29:52] "POST /bus/has_missed_notifications HTTP/1.1" 200 - 2 0.016 0.371
2026-06-08 06:29:52,032 6480 INFO kelapa werkzeug: 127.0.0.1 - - [08/Jun/2026 06:29:52] "POST /bus/has_missed_notifications HTTP/1.1" 200 - 2 0.017 0.372
2026-06-08 06:29:52,035 6480 INFO kelapa werkzeug: 127.0.0.1 - - [08/Jun/2026 06:29:52] "POST /bus/has_missed_notifications HTTP/1.1" 200 - 2 0.016 0.374
2026-06-08 12:37:25,788 6480 INFO kelapa odoo.addons.base.models.ir_cron: Job 'Base: Auto-vacuum internal data' (1) starting 
2026-06-08 12:37:26,145 6480 INFO kelapa odoo.addons.base.models.ir_attachment: filestore gc 0 checked, 0 removed 
2026-06-08 12:37:26,384 6480 INFO kelapa odoo.addons.base.models.res_users: GC'd 0 user log entries 
2026-06-08 12:37:26,429 6480 INFO kelapa odoo.addons.base.models.res_users: GC 'res.users.apikeys' delete 0 entries 
2026-06-08 12:37:26,468 6480 INFO kelapa odoo.addons.base.models.res_device: GC device logs delete 0 entries 
2026-06-08 12:37:26,480 6480 INFO kelapa odoo.addons.base.models.res_device: GC device logs delete 0 entries 
2026-06-08 12:37:26,579 6480 INFO kelapa odoo.addons.base.models.res_users: GC 'auth_totp.device' delete 0 entries 
2026-06-08 12:37:27,327 6480 INFO kelapa odoo.addons.sms.models.sms_sms: GC'd 0 sms marked for deletion 
2026-06-08 12:37:28,895 6480 INFO kelapa odoo.addons.base.models.ir_cron: Job 'Base: Auto-vacuum internal data' (1) done in 3.104s 
2026-06-08 12:37:28,902 6480 INFO kelapa odoo.addons.base.models.ir_cron: Job 'Base: Auto-vacuum internal data' (1) processed 0 records, 0 records remaining 
2026-06-08 12:37:28,985 6480 INFO kelapa odoo.addons.base.models.ir_cron: Job 'Base: Auto-vacuum internal data' (1) completed 
2026-06-08 12:37:29,020 6480 INFO kelapa odoo.addons.base.models.ir_cron: Job 'Notification: Notify scheduled messages' (38) starting 
2026-06-08 12:37:29,036 6480 INFO kelapa odoo.addons.base.models.ir_cron: Job 'Notification: Notify scheduled messages' (38) done in 0.017s 
2026-06-08 12:37:29,045 6480 INFO kelapa odoo.addons.base.models.ir_cron: Job 'Notification: Notify scheduled messages' (38) processed 0 records, 0 records remaining 
2026-06-08 12:37:29,056 6480 INFO kelapa odoo.addons.base.models.ir_cron: Job 'Notification: Notify scheduled messages' (38) completed 
2026-06-08 12:37:29,076 6480 INFO kelapa odoo.addons.base.models.ir_cron: Job 'SMS: SMS Queue Manager' (45) starting 
2026-06-08 12:37:29,113 6480 INFO kelapa odoo.addons.base.models.ir_cron: Job 'SMS: SMS Queue Manager' (45) done in 0.038s 
2026-06-08 12:37:29,113 6480 INFO kelapa odoo.addons.base.models.ir_cron: Job 'SMS: SMS Queue Manager' (45) processed 0 records, 0 records remaining 
2026-06-08 12:37:29,131 6480 INFO kelapa odoo.addons.base.models.ir_cron: Job 'SMS: SMS Queue Manager' (45) completed 
2026-06-08 12:37:29,170 6480 INFO kelapa odoo.addons.base.models.ir_cron: Job 'Snailmail: process letters queue' (46) starting 
2026-06-08 12:37:29,194 6480 INFO kelapa odoo.addons.base.models.ir_cron: Job 'Snailmail: process letters queue' (46) done in 0.024s 
2026-06-08 12:37:29,203 6480 INFO kelapa odoo.addons.base.models.ir_cron: Job 'Snailmail: process letters queue' (46) processed 0 records, 0 records remaining 
2026-06-08 12:37:29,218 6480 INFO kelapa odoo.addons.base.models.ir_cron: Job 'Snailmail: process letters queue' (46) completed 
2026-06-08 12:37:29,245 6480 INFO kelapa odoo.addons.base.models.ir_cron: Job 'QRIS Fetch Status' (62) starting 
2026-06-08 12:37:29,369 6480 INFO kelapa odoo.addons.base.models.ir_cron: Job 'QRIS Fetch Status' (62) done in 0.125s 
2026-06-08 12:37:29,387 6480 INFO kelapa odoo.addons.base.models.ir_cron: Job 'QRIS Fetch Status' (62) processed 0 records, 0 records remaining 
2026-06-08 12:37:29,400 6480 INFO kelapa odoo.addons.base.models.ir_cron: Job 'QRIS Fetch Status' (62) completed 
2026-06-08 12:37:29,430 6480 INFO kelapa odoo.addons.base.models.ir_cron: Job 'Mail: Email Queue Manager' (33) starting 
2026-06-08 12:37:33,606 6480 INFO kelapa odoo.addons.base.models.ir_cron: Job 'Mail: Email Queue Manager' (33) done in 4.176s 
2026-06-08 12:37:33,606 6480 INFO kelapa odoo.addons.base.models.ir_cron: Job 'Mail: Email Queue Manager' (33) processed 0 records, 0 records remaining 
2026-06-08 12:37:33,616 6480 INFO kelapa odoo.addons.base.models.ir_cron: Job 'Mail: Email Queue Manager' (33) completed 
2026-06-08 12:37:33,620 6480 INFO kelapa odoo.addons.base.models.ir_cron: Job 'Partner Autocomplete: Sync with remote DB' (44) starting 
2026-06-08 12:37:33,636 6480 INFO kelapa odoo.addons.base.models.ir_cron: Job 'Partner Autocomplete: Sync with remote DB' (44) done in 0.016s 
2026-06-08 12:37:33,643 6480 INFO kelapa odoo.addons.base.models.ir_cron: Job 'Partner Autocomplete: Sync with remote DB' (44) processed 0 records, 0 records remaining 
2026-06-08 12:37:33,643 6480 INFO kelapa odoo.addons.base.models.ir_cron: Job 'Partner Autocomplete: Sync with remote DB' (44) completed 
2026-06-08 12:37:33,658 6480 INFO kelapa odoo.addons.base.models.ir_cron: Job 'Base: Portal Users Deletion' (2) starting 
2026-06-08 12:37:33,672 6480 INFO kelapa odoo.addons.base.models.ir_cron: Job 'Base: Portal Users Deletion' (2) done in 0.014s 
2026-06-08 12:37:33,677 6480 INFO kelapa odoo.addons.base.models.ir_cron: Job 'Base: Portal Users Deletion' (2) processed 0 records, 0 records remaining 
2026-06-08 12:37:33,683 6480 INFO kelapa odoo.addons.base.models.ir_cron: Job 'Base: Portal Users Deletion' (2) completed 
2026-06-08 12:43:39,808 6480 INFO kelapa odoo.addons.base.models.ir_cron: Job 'Notification: Notify scheduled messages' (38) starting 
2026-06-08 12:43:39,812 6480 INFO kelapa odoo.addons.base.models.ir_cron: Job 'Notification: Notify scheduled messages' (38) done in 0.004s 
2026-06-08 12:43:39,815 6480 INFO kelapa odoo.addons.base.models.ir_cron: Job 'Notification: Notify scheduled messages' (38) processed 0 records, 0 records remaining 
2026-06-08 12:43:39,820 6480 INFO kelapa odoo.addons.base.models.ir_cron: Job 'Notification: Notify scheduled messages' (38) completed 
2026-06-08 12:43:39,830 6480 INFO kelapa odoo.addons.base.models.ir_cron: Job 'Mail: Email Queue Manager' (33) starting 
2026-06-08 12:43:39,834 6480 INFO kelapa odoo.addons.base.models.ir_cron: Job 'Mail: Email Queue Manager' (33) done in 0.004s 
2026-06-08 12:43:39,836 6480 INFO kelapa odoo.addons.base.models.ir_cron: Job 'Mail: Email Queue Manager' (33) processed 0 records, 0 records remaining 
2026-06-08 12:43:39,840 6480 INFO kelapa odoo.addons.base.models.ir_cron: Job 'Mail: Email Queue Manager' (33) completed 
2026-06-08 12:44:40,881 6480 INFO kelapa odoo.addons.base.models.ir_cron: Job 'SMS: SMS Queue Manager' (45) starting 
2026-06-08 12:44:40,889 6480 INFO kelapa odoo.addons.base.models.ir_cron: Job 'SMS: SMS Queue Manager' (45) done in 0.008s 
2026-06-08 12:44:40,892 6480 INFO kelapa odoo.addons.base.models.ir_cron: Job 'SMS: SMS Queue Manager' (45) processed 0 records, 0 records remaining 
2026-06-08 12:44:40,896 6480 INFO kelapa odoo.addons.base.models.ir_cron: Job 'SMS: SMS Queue Manager' (45) completed 
2026-06-08 12:44:40,906 6480 INFO kelapa odoo.addons.base.models.ir_cron: Job 'Snailmail: process letters queue' (46) starting 
2026-06-08 12:44:40,910 6480 INFO kelapa odoo.addons.base.models.ir_cron: Job 'Snailmail: process letters queue' (46) done in 0.004s 
2026-06-08 12:44:40,913 6480 INFO kelapa odoo.addons.base.models.ir_cron: Job 'Snailmail: process letters queue' (46) processed 0 records, 0 records remaining 
2026-06-08 12:44:40,917 6480 INFO kelapa odoo.addons.base.models.ir_cron: Job 'Snailmail: process letters queue' (46) completed 
2026-06-08 12:44:40,925 6480 INFO kelapa odoo.addons.base.models.ir_cron: Job 'Partner Autocomplete: Sync with remote DB' (44) starting 
2026-06-08 12:44:40,929 6480 INFO kelapa odoo.addons.base.models.ir_cron: Job 'Partner Autocomplete: Sync with remote DB' (44) done in 0.004s 
2026-06-08 12:44:40,931 6480 INFO kelapa odoo.addons.base.models.ir_cron: Job 'Partner Autocomplete: Sync with remote DB' (44) processed 0 records, 0 records remaining 
2026-06-08 12:44:40,935 6480 INFO kelapa odoo.addons.base.models.ir_cron: Job 'Partner Autocomplete: Sync with remote DB' (44) completed 
2026-06-08 13:01:58,444 6480 INFO kelapa odoo.addons.base.models.ir_cron: Job 'QRIS Fetch Status' (62) starting 
2026-06-08 13:01:58,494 6480 INFO kelapa odoo.addons.base.models.ir_cron: Job 'QRIS Fetch Status' (62) done in 0.050s 
2026-06-08 13:01:58,501 6480 INFO kelapa odoo.addons.base.models.ir_cron: Job 'QRIS Fetch Status' (62) processed 0 records, 0 records remaining 
2026-06-08 13:01:58,507 6480 INFO kelapa odoo.addons.base.models.ir_cron: Job 'QRIS Fetch Status' (62) completed 
2026-06-08 13:27:14,975 6480 INFO kelapa odoo.addons.base.models.res_device: User 2 inserts device log (DekpoknOJSgQn7wTaQ6YZxZRsCKgWfQ-vNWclGG0Av) 
2026-06-08 13:27:15,091 6480 INFO kelapa werkzeug: 127.0.0.1 - - [08/Jun/2026 13:27:15] "GET / HTTP/1.1" 303 - 2 0.019 0.172
2026-06-08 13:27:15,455 6480 INFO kelapa werkzeug: 127.0.0.1 - - [08/Jun/2026 13:27:15] "GET /odoo HTTP/1.1" 200 - 20 0.124 0.207
2026-06-08 13:27:16,086 6480 INFO kelapa werkzeug: 127.0.0.1 - - [08/Jun/2026 13:27:16] "GET /web/assets/debug/web.assets_web.css HTTP/1.1" 304 - 3 0.026 0.271
2026-06-08 13:27:16,088 6480 INFO kelapa werkzeug: 127.0.0.1 - - [08/Jun/2026 13:27:16] "GET /web/manifest.webmanifest HTTP/1.1" 200 - 7 0.099 0.166
2026-06-08 13:27:16,519 6480 INFO kelapa werkzeug: 127.0.0.1 - - [08/Jun/2026 13:27:16] "GET /web/assets/debug/web.assets_web_print.css HTTP/1.1" 304 - 3 0.003 0.090
2026-06-08 13:27:16,789 6480 INFO kelapa werkzeug: 127.0.0.1 - - [08/Jun/2026 13:27:16] "GET /web/assets/debug/web.assets_web.js HTTP/1.1" 304 - 3 0.017 1.292
2026-06-08 13:27:18,646 6480 INFO kelapa werkzeug: 127.0.0.1 - - [08/Jun/2026 13:27:18] "GET /bus/websocket_worker_bundle?v=18.0-7 HTTP/1.1" 304 - 3 0.007 0.069
2026-06-08 13:27:18,892 6480 INFO kelapa werkzeug: 127.0.0.1 - - [08/Jun/2026 13:27:18] "POST /web/action/load HTTP/1.1" 200 - 6 0.040 0.015
2026-06-08 13:27:19,090 6480 INFO kelapa werkzeug: 127.0.0.1 - - [08/Jun/2026 13:27:19] "GET /web/image?model=res.users&field=avatar_128&id=2 HTTP/1.1" 304 - 9 0.079 0.034
2026-06-08 13:27:19,111 6480 INFO kelapa werkzeug: 127.0.0.1 - - [08/Jun/2026 13:27:19] "GET /websocket?version=18.0-7 HTTP/1.1" 101 - 1 0.001 0.012
2026-06-08 13:27:19,372 6480 INFO kelapa werkzeug: 127.0.0.1 - - [08/Jun/2026 13:27:19] "POST /mail/data HTTP/1.1" 200 - 49 0.289 0.107
2026-06-08 13:27:19,550 6480 INFO kelapa werkzeug: 127.0.0.1 - - [08/Jun/2026 13:27:19] "POST /mail/data HTTP/1.1" 200 - 68 0.398 0.119
2026-06-08 13:27:19,790 6480 INFO kelapa werkzeug: 127.0.0.1 - - [08/Jun/2026 13:27:19] "POST /mail/inbox/messages HTTP/1.1" 200 - 5 0.024 0.017
2026-06-08 13:27:21,803 6480 INFO kelapa werkzeug: 127.0.0.1 - - [08/Jun/2026 13:27:21] "GET /web/service-worker.js HTTP/1.1" 200 - 1 0.001 0.117
2026-06-08 13:27:24,925 15608 INFO ? odoo: Odoo version 18.0-20260415 
2026-06-08 13:27:24,925 15608 INFO ? odoo: Using configuration file at C:\odoo\odoo.conf 
2026-06-08 13:27:24,926 15608 INFO ? odoo: addons paths: ['C:\\odoo\\odoo18\\server\\odoo\\addons', 'c:\\odoo\\odoo18\\sessions\\addons\\18.0', 'c:\\odoo\\odoo18\\server\\odoo\\addons'] 
2026-06-08 13:27:24,926 15608 INFO ? odoo: database: openpg@localhost:5432 
2026-06-08 13:27:26,180 15608 INFO ? odoo.addons.base.models.ir_actions_report: Will use the Wkhtmltopdf binary at C:\Program Files\wkhtmltopdf\bin\wkhtmltopdf.exe 
2026-06-08 13:27:26,413 15608 INFO ? odoo.addons.base.models.ir_actions_report: Will use the Wkhtmltoimage binary at C:\Program Files\wkhtmltopdf\bin\wkhtmltoimage.exe 
2026-06-08 13:27:28,232 15608 INFO ? odoo.service.server: HTTP service (werkzeug) running on DIANTAMELA:8069 
2026-06-08 13:27:37,461 6480 INFO kelapa werkzeug: 127.0.0.1 - - [08/Jun/2026 13:27:37] "POST /web/action/load HTTP/1.1" 200 - 11 0.021 0.019
2026-06-08 13:27:37,876 6480 INFO kelapa werkzeug: 127.0.0.1 - - [08/Jun/2026 13:27:37] "POST /web/dataset/call_kw/purchase.order/get_views HTTP/1.1" 200 - 3 0.016 0.069
2026-06-08 13:27:38,101 6480 INFO kelapa werkzeug: 127.0.0.1 - - [08/Jun/2026 13:27:38] "POST /web/dataset/call_kw/purchase.order/web_search_read HTTP/1.1" 200 - 11 0.017 0.029
2026-06-08 13:27:38,238 6480 INFO kelapa werkzeug: 127.0.0.1 - - [08/Jun/2026 13:27:38] "POST /web/dataset/call_kw/res.users/has_group HTTP/1.1" 200 - 1 0.001 0.010
2026-06-08 13:27:38,336 6480 INFO kelapa werkzeug: 127.0.0.1 - - [08/Jun/2026 13:27:38] "POST /web/dataset/call_kw/purchase.order/retrieve_dashboard HTTP/1.1" 200 - 12 0.040 0.012
2026-06-08 13:27:38,782 6480 INFO kelapa werkzeug: 127.0.0.1 - - [08/Jun/2026 13:27:38] "GET /web/image/res.users/2/avatar_128 HTTP/1.1" 304 - 9 0.010 0.018
2026-06-08 13:27:41,526 6480 INFO kelapa werkzeug: 127.0.0.1 - - [08/Jun/2026 13:27:41] "POST /web/action/load HTTP/1.1" 200 - 10 0.011 0.010
2026-06-08 13:27:42,015 6480 INFO kelapa werkzeug: 127.0.0.1 - - [08/Jun/2026 13:27:42] "POST /web/dataset/call_kw/ir.module.module/get_views HTTP/1.1" 200 - 49 0.087 0.069
2026-06-08 13:27:42,134 6480 INFO kelapa werkzeug: 127.0.0.1 - - [08/Jun/2026 13:27:42] "POST /web/dataset/call_kw/ir.module.module/search_panel_select_range HTTP/1.1" 200 - 1 0.000 0.007
2026-06-08 13:27:42,471 6480 INFO kelapa werkzeug: 127.0.0.1 - - [08/Jun/2026 13:27:42] "POST /web/dataset/call_kw/ir.module.module/search_panel_select_range HTTP/1.1" 200 - 63 0.089 0.037
2026-06-08 13:27:42,515 6480 INFO kelapa werkzeug: 127.0.0.1 - - [08/Jun/2026 13:27:42] "POST /web/dataset/call_kw/ir.module.module/web_search_read HTTP/1.1" 200 - 3 0.013 0.157
2026-06-08 13:27:50,546 6480 INFO kelapa werkzeug: 127.0.0.1 - - [08/Jun/2026 13:27:50] "POST /web/dataset/call_kw/ir.module.module/search_panel_select_range HTTP/1.1" 200 - 61 0.048 0.038
2026-06-08 13:27:50,877 6480 INFO kelapa werkzeug: 127.0.0.1 - - [08/Jun/2026 13:27:50] "POST /web/dataset/call_kw/ir.module.module/web_search_read HTTP/1.1" 200 - 3 0.005 0.008
2026-06-08 13:27:53,808 6480 INFO kelapa odoo.addons.base.models.ir_module: ALLOW access to module.button_uninstall_wizard on ['Pembelian'] to user tameladian@gmail.com #2 via 127.0.0.1 
2026-06-08 13:27:53,809 6480 INFO kelapa werkzeug: 127.0.0.1 - - [08/Jun/2026 13:27:53] "POST /web/dataset/call_button/ir.module.module/button_uninstall_wizard HTTP/1.1" 200 - 3 0.002 0.008
2026-06-08 13:27:54,176 6480 INFO kelapa werkzeug: 127.0.0.1 - - [08/Jun/2026 13:27:54] "POST /web/dataset/call_kw/base.module.uninstall/get_views HTTP/1.1" 200 - 15 0.013 0.026
2026-06-08 13:27:54,456 6480 INFO kelapa werkzeug: 127.0.0.1 - - [08/Jun/2026 13:27:54] "POST /web/dataset/call_kw/base.module.uninstall/onchange HTTP/1.1" 200 - 15 0.050 0.021
2026-06-08 13:28:00,658 6480 INFO kelapa werkzeug: 127.0.0.1 - - [08/Jun/2026 13:28:00] "POST /web/dataset/call_kw/base.module.uninstall/web_save HTTP/1.1" 200 - 16 0.049 0.045
2026-06-08 13:28:01,014 6480 INFO kelapa odoo.addons.base.models.ir_module: ALLOW access to module.button_immediate_uninstall on ['Pembelian'] to user tameladian@gmail.com #2 via 127.0.0.1 
2026-06-08 13:28:01,015 6480 INFO kelapa odoo.addons.base.models.ir_module: User #2 triggered module uninstallation 
2026-06-08 13:28:01,017 6480 INFO kelapa odoo.addons.base.models.ir_module: ALLOW access to module.button_uninstall on ['Pembelian'] to user tameladian@gmail.com #2 via 127.0.0.1 
2026-06-08 13:28:01,591 6480 INFO kelapa odoo.modules.loading: loading 1 modules... 
2026-06-08 13:28:01,637 6480 INFO kelapa odoo.modules.loading: 1 modules loaded in 0.04s, 0 queries (+0 extra) 
2026-06-08 13:28:01,775 6480 INFO kelapa odoo.modules.loading: updating modules list 
2026-06-08 13:28:01,779 6480 INFO kelapa odoo.addons.base.models.ir_module: ALLOW access to module.update_list on [] to user __system__ #1 via 127.0.0.1 
2026-06-08 13:28:04,160 6480 INFO kelapa odoo.modules.loading: loading 97 modules... 
2026-06-08 13:28:04,294 6480 INFO kelapa odoo.modules.loading: 97 modules loaded in 0.13s, 0 queries (+0 extra) 
2026-06-08 13:28:05,085 6480 INFO kelapa odoo.addons.base.models.ir_module: ALLOW access to module.module_uninstall on ['Import/Export electronic orders with UBL', 'Project - Purchase - Stock', 'Purchase and MRP Management', 'Purchase', 'Project Purchase', 'Purchase Stock'] to user __system__ #1 via 127.0.0.1 
2026-06-08 13:28:05,128 6480 INFO kelapa odoo.addons.base.models.ir_model: Deleting ir.model.access(1754, 1753) 
2026-06-08 13:28:05,210 6480 INFO kelapa odoo.models.unlink: User #1 deleted ir.model.data records with IDs: [109702, 109701] 
2026-06-08 13:28:05,211 6480 INFO kelapa odoo.models.unlink: User #1 deleted ir.model.access records with IDs: [1754, 1753] 
2026-06-08 13:28:05,214 6480 INFO kelapa odoo.addons.base.models.ir_model: Deleting ir.ui.view(3703, 3702, 3701, 3700) 
2026-06-08 13:28:05,266 6480 INFO kelapa odoo.models.unlink: User #1 deleted ir.model.data records with IDs: [109697, 109699, 109698, 109700] 
2026-06-08 13:28:05,266 6480 INFO kelapa odoo.models.unlink: User #1 deleted ir.ui.view records with IDs: [3703, 3702, 3701, 3700] 
2026-06-08 13:28:05,269 6480 INFO kelapa odoo.addons.base.models.ir_model: Deleting purchase.order(12,) 
2026-06-08 13:28:05,379 6480 INFO kelapa odoo.models.unlink: User #1 deleted mail.message records with IDs: [1517] 
2026-06-08 13:28:05,523 6480 INFO kelapa odoo.models.unlink: User #1 deleted ir.model.data records with IDs: [108480] 
2026-06-08 13:28:05,523 6480 INFO kelapa odoo.models.unlink: User #1 deleted purchase.order records with IDs: [12] 
2026-06-08 13:28:05,551 6480 INFO kelapa odoo.models.unlink: User #1 deleted mail.followers records with IDs: [603, 605] 
2026-06-08 13:28:05,559 6480 INFO kelapa odoo.addons.base.models.ir_model: Deleting ir.ui.view(3689, 3688, 3687, 3686, 3685, 3684, 3683, 3682, 3681, 3680, 3679, 3678, 3677, 3676, 3675, 3674, 3673, 3672, 3671, 3670, 3669, 3668, 3667, 3666) 
2026-06-08 13:28:05,605 6480 INFO kelapa odoo.models.unlink: User #1 deleted ir.model.data records with IDs: [108468, 108462, 108463, 108454, 108448, 108447, 108449, 108467, 108464, 108465, 108466, 108456, 108457, 108458, 108450, 108459, 108453, 108461, 108470, 108469, 108455, 108451, 108452, 108460] 
2026-06-08 13:28:05,605 6480 INFO kelapa odoo.models.unlink: User #1 deleted ir.ui.view records with IDs: [3689, 3688, 3687, 3686, 3685, 3684, 3683, 3682, 3681, 3680, 3679, 3678, 3677, 3676, 3675, 3674, 3673, 3672, 3671, 3670, 3669, 3668, 3667, 3666] 
2026-06-08 13:28:05,609 6480 INFO kelapa odoo.addons.base.models.ir_model: Deleting ir.actions.act_window(1240,) 
2026-06-08 13:28:05,689 6480 INFO kelapa odoo.models.unlink: User #1 deleted ir.model.data records with IDs: [108446] 
2026-06-08 13:28:05,689 6480 INFO kelapa odoo.models.unlink: User #1 deleted ir.actions.act_window records with IDs: [1240] 
2026-06-08 13:28:05,692 6480 INFO kelapa odoo.addons.base.models.ir_model: Deleting ir.ui.view(3665, 3664, 3663) 
2026-06-08 13:28:05,704 6480 INFO kelapa odoo.models.unlink: User #1 deleted ir.model.data records with IDs: [108443, 108444, 108445] 
2026-06-08 13:28:05,705 6480 INFO kelapa odoo.models.unlink: User #1 deleted ir.ui.view records with IDs: [3665, 3664, 3663] 
2026-06-08 13:28:05,707 6480 INFO kelapa odoo.addons.base.models.ir_model: Deleting stock.route(7,) 
2026-06-08 13:28:05,771 6480 INFO kelapa odoo.models.unlink: User #1 deleted ir.model.data records with IDs: [108441] 
2026-06-08 13:28:05,771 6480 INFO kelapa odoo.models.unlink: User #1 deleted stock.route records with IDs: [7] 
2026-06-08 13:28:05,774 6480 INFO kelapa odoo.addons.base.models.ir_model: Deleting ir.model.access(1750, 1749, 1748, 1747, 1746, 1745, 1744, 1743, 1742, 1741, 1740, 1739, 1738, 1737) 
2026-06-08 13:28:05,785 6480 INFO kelapa odoo.models.unlink: User #1 deleted ir.model.data records with IDs: [108428, 108427, 108439, 108440, 108429, 108433, 108432, 108436, 108431, 108435, 108437, 108438, 108430, 108434] 
2026-06-08 13:28:05,785 6480 INFO kelapa odoo.models.unlink: User #1 deleted ir.model.access records with IDs: [1750, 1749, 1748, 1747, 1746, 1745, 1744, 1743, 1742, 1741, 1740, 1739, 1738, 1737] 
2026-06-08 13:28:05,790 6480 INFO kelapa odoo.addons.base.models.ir_model: Deleting ir.ui.view(3662, 3661, 3660, 3659, 3658, 3657, 3656, 3655, 3654, 3653, 3652, 3651) 
2026-06-08 13:28:05,810 6480 INFO kelapa odoo.models.unlink: User #1 deleted ir.model.data records with IDs: [107234, 107239, 107241, 107235, 107240, 107242, 107243, 107244, 107236, 107237, 107238, 107245] 
2026-06-08 13:28:05,810 6480 INFO kelapa odoo.models.unlink: User #1 deleted ir.ui.view records with IDs: [3662, 3661, 3660, 3659, 3658, 3657, 3656, 3655, 3654, 3653, 3652, 3651] 
2026-06-08 13:28:05,812 6480 INFO kelapa odoo.addons.base.models.ir_model: Deleting ir.model.inherit(454,) 
2026-06-08 13:28:05,826 6480 INFO kelapa odoo.models.unlink: User #1 deleted ir.model.data records with IDs: [107221] 
2026-06-08 13:28:05,826 6480 INFO kelapa odoo.models.unlink: User #1 deleted ir.model.inherit records with IDs: [454] 
2026-06-08 13:28:05,829 6480 INFO kelapa odoo.addons.base.models.ir_model: Deleting purchase.order.line(24, 23, 22) 
2026-06-08 13:28:05,912 6480 INFO kelapa odoo.models.unlink: User #1 deleted ir.model.data records with IDs: [107040, 107041, 107042] 
2026-06-08 13:28:05,912 6480 INFO kelapa odoo.models.unlink: User #1 deleted purchase.order.line records with IDs: [24, 23, 22] 
2026-06-08 13:28:05,916 6480 INFO kelapa odoo.addons.base.models.ir_model: Deleting purchase.order(11,) 
2026-06-08 13:28:05,927 6480 INFO kelapa odoo.models.unlink: User #1 deleted mail.message records with IDs: [1516] 
2026-06-08 13:28:05,938 6480 INFO kelapa odoo.models.unlink: User #1 deleted ir.model.data records with IDs: [107039] 
2026-06-08 13:28:05,938 6480 INFO kelapa odoo.models.unlink: User #1 deleted purchase.order records with IDs: [11] 
2026-06-08 13:28:05,945 6480 INFO kelapa odoo.models.unlink: User #1 deleted mail.followers records with IDs: [602] 
2026-06-08 13:28:05,951 6480 INFO kelapa odoo.addons.base.models.ir_model: Deleting product.product(60,) 
2026-06-08 13:28:05,989 6480 INFO kelapa odoo.models.unlink: User #1 deleted mail.message records with IDs: [1515] 
2026-06-08 13:28:06,214 6480 INFO kelapa odoo.models.unlink: User #1 deleted ir.model.data records with IDs: [107038] 
2026-06-08 13:28:06,215 6480 INFO kelapa odoo.models.unlink: User #1 deleted product.product records with IDs: [60] 
2026-06-08 13:28:06,231 6480 INFO kelapa odoo.models.unlink: User #1 deleted mail.message records with IDs: [1514] 
2026-06-08 13:28:06,799 6480 INFO kelapa odoo.models.unlink: User #1 deleted ir.model.data records with IDs: [107037] 
2026-06-08 13:28:06,799 6480 INFO kelapa odoo.models.unlink: User #1 deleted product.template records with IDs: [51] 
2026-06-08 13:28:06,805 6480 INFO kelapa odoo.addons.base.models.ir_model: Deleting product.template(51,) 
2026-06-08 13:28:06,813 6480 INFO kelapa odoo.models.unlink: User #1 deleted product.template records with IDs: [51] 
2026-06-08 13:28:06,821 6480 INFO kelapa odoo.addons.base.models.ir_model: Deleting product.product(59,) 
2026-06-08 13:28:06,841 6480 INFO kelapa odoo.models.unlink: User #1 deleted mail.message records with IDs: [1513] 
2026-06-08 13:28:06,873 6480 INFO kelapa odoo.models.unlink: User #1 deleted ir.model.data records with IDs: [107036] 
2026-06-08 13:28:06,873 6480 INFO kelapa odoo.models.unlink: User #1 deleted product.product records with IDs: [59] 
2026-06-08 13:28:06,893 6480 INFO kelapa odoo.models.unlink: User #1 deleted mail.message records with IDs: [1512] 
2026-06-08 13:28:06,908 6480 INFO kelapa odoo.models.unlink: User #1 deleted ir.model.data records with IDs: [107035] 
2026-06-08 13:28:06,908 6480 INFO kelapa odoo.models.unlink: User #1 deleted product.template records with IDs: [50] 
2026-06-08 13:28:06,913 6480 INFO kelapa odoo.addons.base.models.ir_model: Deleting product.template(50,) 
2026-06-08 13:28:06,923 6480 INFO kelapa odoo.models.unlink: User #1 deleted product.template records with IDs: [50] 
2026-06-08 13:28:06,931 6480 INFO kelapa odoo.addons.base.models.ir_model: Deleting product.product(58,) 
2026-06-08 13:28:06,951 6480 INFO kelapa odoo.models.unlink: User #1 deleted mail.message records with IDs: [1511] 
2026-06-08 13:28:06,982 6480 INFO kelapa odoo.models.unlink: User #1 deleted ir.model.data records with IDs: [107034] 
2026-06-08 13:28:06,982 6480 INFO kelapa odoo.models.unlink: User #1 deleted product.product records with IDs: [58] 
2026-06-08 13:28:06,999 6480 INFO kelapa odoo.models.unlink: User #1 deleted mail.message records with IDs: [1510] 
2026-06-08 13:28:07,013 6480 INFO kelapa odoo.models.unlink: User #1 deleted ir.model.data records with IDs: [107033] 
2026-06-08 13:28:07,013 6480 INFO kelapa odoo.models.unlink: User #1 deleted product.template records with IDs: [49] 
2026-06-08 13:28:07,019 6480 INFO kelapa odoo.addons.base.models.ir_model: Deleting product.template(49,) 
2026-06-08 13:28:07,029 6480 INFO kelapa odoo.models.unlink: User #1 deleted product.template records with IDs: [49] 
2026-06-08 13:28:07,034 6480 INFO kelapa odoo.addons.base.models.ir_model: Deleting ir.ui.view(3649,) 
2026-06-08 13:28:07,048 6480 INFO kelapa odoo.models.unlink: User #1 deleted ir.model.data records with IDs: [107032] 
2026-06-08 13:28:07,048 6480 INFO kelapa odoo.models.unlink: User #1 deleted ir.ui.view records with IDs: [3649] 
2026-06-08 13:28:07,050 6480 INFO kelapa odoo.addons.base.models.ir_model: Deleting ir.embedded.actions(18,) 
2026-06-08 13:28:07,067 6480 INFO kelapa odoo.models.unlink: User #1 deleted ir.model.data records with IDs: [107031] 
2026-06-08 13:28:07,068 6480 INFO kelapa odoo.models.unlink: User #1 deleted ir.embedded.actions records with IDs: [18] 
2026-06-08 13:28:07,071 6480 INFO kelapa odoo.addons.base.models.ir_model: Deleting mail.activity(92, 91, 90, 89) 
2026-06-08 13:28:07,093 6480 INFO kelapa odoo.models.unlink: User #1 deleted ir.model.data records with IDs: [105027, 105028, 105029, 105030] 
2026-06-08 13:28:07,094 6480 INFO kelapa odoo.models.unlink: User #1 deleted mail.activity records with IDs: [92, 91, 90, 89] 
2026-06-08 13:28:07,116 6480 INFO kelapa odoo.addons.base.models.ir_model: Deleting purchase.order(10, 9, 8, 7, 6, 5, 4, 3, 2, 1) 
2026-06-08 13:28:07,160 6480 INFO kelapa odoo.models.unlink: User #1 deleted mail.message records with IDs: [1499, 1498, 1497, 1496, 1495, 1494, 1493, 1492, 1491, 1490, 1489, 1488, 1487, 1486, 1485, 1484, 1483, 1482, 1481] 
2026-06-08 13:28:07,189 6480 INFO kelapa odoo.models.unlink: User #1 deleted ir.model.data records with IDs: [105017, 105026, 105018, 105019, 105020, 105021, 105022, 105023, 105024, 105025] 
2026-06-08 13:28:07,189 6480 INFO kelapa odoo.models.unlink: User #1 deleted purchase.order records with IDs: [10, 9, 8, 7, 6, 5, 4, 3, 2, 1] 
2026-06-08 13:28:07,198 6480 INFO kelapa odoo.models.unlink: User #1 deleted mail.followers records with IDs: [584, 585, 586, 587, 588, 589, 590, 591, 592, 593] 
2026-06-08 13:28:07,205 6480 INFO kelapa odoo.addons.base.models.ir_model: Deleting web_tour.tour(14,) 
2026-06-08 13:28:07,222 6480 INFO kelapa odoo.models.unlink: User #1 deleted ir.model.data records with IDs: [105012] 
2026-06-08 13:28:07,222 6480 INFO kelapa odoo.models.unlink: User #1 deleted web_tour.tour records with IDs: [14] 
2026-06-08 13:28:07,225 6480 INFO kelapa odoo.addons.base.models.ir_model: Deleting ir.ui.view(3609, 3608, 3607, 3606, 3605, 3604, 3603, 3602, 3601, 3600, 3599, 3598, 3597, 3596, 3595, 3594, 3593) 
2026-06-08 13:28:07,237 6480 INFO kelapa odoo.models.unlink: User #1 deleted ir.model.data records with IDs: [105002] 
2026-06-08 13:28:07,238 6480 INFO kelapa odoo.models.unlink: User #1 deleted ir.ui.view records with IDs: [3600] 
2026-06-08 13:28:07,259 6480 INFO kelapa odoo.models.unlink: User #1 deleted ir.model.data records with IDs: [105010, 105011, 105005, 104995, 104996, 104999, 104998, 104997, 105008, 105009, 105000, 105001, 105004, 105003, 105007, 105006] 
2026-06-08 13:28:07,259 6480 INFO kelapa odoo.models.unlink: User #1 deleted ir.ui.view records with IDs: [3609, 3608, 3607, 3606, 3605, 3604, 3603, 3602, 3601, 3600, 3599, 3598, 3597, 3596, 3595, 3594, 3593] 
2026-06-08 13:28:07,261 6480 INFO kelapa odoo.addons.base.models.ir_model: Deleting mail.template(54, 53, 52) 
2026-06-08 13:28:07,339 6480 INFO kelapa odoo.models.unlink: User #1 deleted ir.model.data records with IDs: [104992, 104993, 104994] 
2026-06-08 13:28:07,339 6480 INFO kelapa odoo.models.unlink: User #1 deleted mail.template records with IDs: [54, 53, 52] 
2026-06-08 13:28:07,341 6480 INFO kelapa odoo.addons.base.models.ir_model: Deleting ir.ui.view(3592, 3591) 
2026-06-08 13:28:07,353 6480 INFO kelapa odoo.models.unlink: User #1 deleted ir.model.data records with IDs: [104991, 104990] 
2026-06-08 13:28:07,353 6480 INFO kelapa odoo.models.unlink: User #1 deleted ir.ui.view records with IDs: [3592, 3591] 
2026-06-08 13:28:07,356 6480 INFO kelapa odoo.addons.base.models.ir_model: Deleting ir.ui.menu(736, 735) 
2026-06-08 13:28:07,397 6480 INFO kelapa odoo.models.unlink: User #1 deleted ir.model.data records with IDs: [104989, 104988] 
2026-06-08 13:28:07,397 6480 INFO kelapa odoo.models.unlink: User #1 deleted ir.ui.menu records with IDs: [736, 735] 
2026-06-08 13:28:07,400 6480 INFO kelapa odoo.addons.base.models.ir_model: Deleting ir.actions.act_window(1230,) 
2026-06-08 13:28:07,422 6480 INFO kelapa odoo.models.unlink: User #1 deleted ir.model.data records with IDs: [104987] 
2026-06-08 13:28:07,422 6480 INFO kelapa odoo.models.unlink: User #1 deleted ir.actions.act_window records with IDs: [1230] 
2026-06-08 13:28:07,425 6480 INFO kelapa odoo.addons.base.models.ir_model: Deleting ir.ui.view(3590, 3589, 3588, 3587, 3586, 3585, 3584, 3583) 
2026-06-08 13:28:07,443 6480 INFO kelapa odoo.models.unlink: User #1 deleted ir.model.data records with IDs: [104985, 104980, 104979, 104981, 104982, 104984, 104983, 104986] 
2026-06-08 13:28:07,443 6480 INFO kelapa odoo.models.unlink: User #1 deleted ir.ui.view records with IDs: [3590, 3589, 3588, 3587, 3586, 3585, 3584, 3583] 
2026-06-08 13:28:07,446 6480 INFO kelapa odoo.addons.base.models.ir_model: Deleting ir.actions.act_window(1229,) 
2026-06-08 13:28:07,465 6480 INFO kelapa odoo.models.unlink: User #1 deleted ir.model.data records with IDs: [104978] 
2026-06-08 13:28:07,465 6480 INFO kelapa odoo.models.unlink: User #1 deleted ir.actions.act_window records with IDs: [1229] 
2026-06-08 13:28:07,467 6480 INFO kelapa odoo.addons.base.models.ir_model: Deleting ir.ui.view(3582,) 
2026-06-08 13:28:07,479 6480 INFO kelapa odoo.models.unlink: User #1 deleted ir.model.data records with IDs: [104977] 
2026-06-08 13:28:07,480 6480 INFO kelapa odoo.models.unlink: User #1 deleted ir.ui.view records with IDs: [3582] 
2026-06-08 13:28:07,482 6480 INFO kelapa odoo.addons.base.models.ir_model: Deleting ir.actions.act_window(1228,) 
2026-06-08 13:28:07,501 6480 INFO kelapa odoo.models.unlink: User #1 deleted ir.model.data records with IDs: [104976] 
2026-06-08 13:28:07,501 6480 INFO kelapa odoo.models.unlink: User #1 deleted ir.actions.act_window records with IDs: [1228] 
2026-06-08 13:28:07,504 6480 INFO kelapa odoo.addons.base.models.ir_model: Deleting ir.ui.view(3581, 3580, 3579, 3578, 3577, 3576, 3575, 3574, 3573, 3572) 
2026-06-08 13:28:07,517 6480 INFO kelapa odoo.models.unlink: User #1 deleted ir.model.data records with IDs: [104967] 
2026-06-08 13:28:07,517 6480 INFO kelapa odoo.models.unlink: User #1 deleted ir.ui.view records with IDs: [3573] 
2026-06-08 13:28:07,533 6480 INFO kelapa odoo.models.unlink: User #1 deleted ir.model.data records with IDs: [104971, 104966, 104972, 104973, 104974, 104975, 104969, 104968, 104970] 
2026-06-08 13:28:07,533 6480 INFO kelapa odoo.models.unlink: User #1 deleted ir.ui.view records with IDs: [3581, 3580, 3579, 3578, 3577, 3576, 3575, 3574, 3573, 3572] 
2026-06-08 13:28:07,536 6480 INFO kelapa odoo.addons.base.models.ir_model: Deleting ir.ui.menu(734,) 
2026-06-08 13:28:07,547 6480 INFO kelapa odoo.models.unlink: User #1 deleted ir.model.data records with IDs: [104965] 
2026-06-08 13:28:07,547 6480 INFO kelapa odoo.models.unlink: User #1 deleted ir.ui.menu records with IDs: [734] 
2026-06-08 13:28:07,549 6480 INFO kelapa odoo.addons.base.models.ir_model: Deleting ir.actions.act_window(1227,) 
2026-06-08 13:28:07,568 6480 INFO kelapa odoo.models.unlink: User #1 deleted ir.model.data records with IDs: [104964] 
2026-06-08 13:28:07,568 6480 INFO kelapa odoo.models.unlink: User #1 deleted ir.actions.act_window records with IDs: [1227] 
2026-06-08 13:28:07,571 6480 INFO kelapa odoo.addons.base.models.ir_model: Deleting ir.ui.view(3571, 3570) 
2026-06-08 13:28:07,585 6480 INFO kelapa odoo.models.unlink: User #1 deleted ir.model.data records with IDs: [104962, 104963] 
2026-06-08 13:28:07,585 6480 INFO kelapa odoo.models.unlink: User #1 deleted ir.ui.view records with IDs: [3571, 3570] 
2026-06-08 13:28:07,588 6480 INFO kelapa odoo.addons.base.models.ir_model: Deleting ir.actions.server(1226,) 
2026-06-08 13:28:07,623 6480 INFO kelapa odoo.models.unlink: User #1 deleted ir.model.data records with IDs: [104961] 
2026-06-08 13:28:07,623 6480 INFO kelapa odoo.models.unlink: User #1 deleted ir.actions.server records with IDs: [1226] 
2026-06-08 13:28:07,625 6480 INFO kelapa odoo.addons.base.models.ir_model: Deleting ir.actions.act_window(1225,) 
2026-06-08 13:28:07,646 6480 INFO kelapa odoo.models.unlink: User #1 deleted ir.model.data records with IDs: [104960] 
2026-06-08 13:28:07,646 6480 INFO kelapa odoo.models.unlink: User #1 deleted ir.actions.act_window records with IDs: [1225] 
2026-06-08 13:28:07,648 6480 INFO kelapa odoo.addons.base.models.ir_model: Deleting ir.actions.server(1224,) 
2026-06-08 13:28:07,667 6480 INFO kelapa odoo.models.unlink: User #1 deleted ir.model.data records with IDs: [104959] 
2026-06-08 13:28:07,667 6480 INFO kelapa odoo.models.unlink: User #1 deleted ir.actions.server records with IDs: [1224] 
2026-06-08 13:28:07,670 6480 INFO kelapa odoo.addons.base.models.ir_model: Deleting ir.actions.act_window(1223,) 
2026-06-08 13:28:07,689 6480 INFO kelapa odoo.models.unlink: User #1 deleted ir.model.data records with IDs: [104958] 
2026-06-08 13:28:07,689 6480 INFO kelapa odoo.models.unlink: User #1 deleted ir.actions.act_window records with IDs: [1223] 
2026-06-08 13:28:07,692 6480 INFO kelapa odoo.addons.base.models.ir_model: Deleting ir.actions.server(1222, 1221) 
2026-06-08 13:28:07,711 6480 INFO kelapa odoo.models.unlink: User #1 deleted ir.model.data records with IDs: [104956, 104957] 
2026-06-08 13:28:07,711 6480 INFO kelapa odoo.models.unlink: User #1 deleted ir.actions.server records with IDs: [1222, 1221] 
2026-06-08 13:28:07,713 6480 INFO kelapa odoo.addons.base.models.ir_model: Deleting ir.actions.act_window(1220,) 
2026-06-08 13:28:07,730 6480 INFO kelapa odoo.models.unlink: User #1 deleted ir.model.data records with IDs: [104955] 
2026-06-08 13:28:07,730 6480 INFO kelapa odoo.models.unlink: User #1 deleted ir.actions.act_window records with IDs: [1220] 
2026-06-08 13:28:07,733 6480 INFO kelapa odoo.addons.base.models.ir_model: Deleting ir.ui.view(3569, 3568, 3567, 3566, 3565, 3564) 
2026-06-08 13:28:07,749 6480 INFO kelapa odoo.models.unlink: User #1 deleted ir.model.data records with IDs: [104954, 104953, 104952, 104950, 104951, 104949] 
2026-06-08 13:28:07,749 6480 INFO kelapa odoo.models.unlink: User #1 deleted ir.ui.view records with IDs: [3569, 3568, 3567, 3566, 3565, 3564] 
2026-06-08 13:28:07,752 6480 INFO kelapa odoo.addons.base.models.ir_model: Deleting ir.ui.menu(733,) 
2026-06-08 13:28:07,763 6480 INFO kelapa odoo.models.unlink: User #1 deleted ir.model.data records with IDs: [104948] 
2026-06-08 13:28:07,763 6480 INFO kelapa odoo.models.unlink: User #1 deleted ir.ui.menu records with IDs: [733] 
2026-06-08 13:28:07,765 6480 INFO kelapa odoo.addons.base.models.ir_model: Deleting ir.actions.act_window(1219,) 
2026-06-08 13:28:07,782 6480 INFO kelapa odoo.models.unlink: User #1 deleted ir.model.data records with IDs: [104947] 
2026-06-08 13:28:07,782 6480 INFO kelapa odoo.models.unlink: User #1 deleted ir.actions.act_window records with IDs: [1219] 
2026-06-08 13:28:07,786 6480 INFO kelapa odoo.addons.base.models.ir_model: Deleting ir.ui.menu(732,) 
2026-06-08 13:28:07,796 6480 INFO kelapa odoo.models.unlink: User #1 deleted ir.model.data records with IDs: [104946] 
2026-06-08 13:28:07,796 6480 INFO kelapa odoo.models.unlink: User #1 deleted ir.ui.menu records with IDs: [732] 
2026-06-08 13:28:07,798 6480 INFO kelapa odoo.addons.base.models.ir_model: Deleting ir.actions.act_window(1218,) 
2026-06-08 13:28:07,816 6480 INFO kelapa odoo.models.unlink: User #1 deleted ir.model.data records with IDs: [104945] 
2026-06-08 13:28:07,816 6480 INFO kelapa odoo.models.unlink: User #1 deleted ir.actions.act_window records with IDs: [1218] 
2026-06-08 13:28:07,818 6480 INFO kelapa odoo.addons.base.models.ir_model: Deleting ir.ui.view(3563, 3562, 3561, 3560, 3559, 3558, 3557, 3556, 3555, 3554, 3553, 3552) 
2026-06-08 13:28:07,831 6480 INFO kelapa odoo.models.unlink: User #1 deleted ir.model.data records with IDs: [104940] 
2026-06-08 13:28:07,831 6480 INFO kelapa odoo.models.unlink: User #1 deleted ir.ui.view records with IDs: [3559] 
2026-06-08 13:28:07,849 6480 INFO kelapa odoo.models.unlink: User #1 deleted ir.model.data records with IDs: [104933, 104936, 104935, 104942, 104934, 104941, 104944, 104938, 104943, 104937, 104939] 
2026-06-08 13:28:07,849 6480 INFO kelapa odoo.models.unlink: User #1 deleted ir.ui.view records with IDs: [3563, 3562, 3561, 3560, 3559, 3558, 3557, 3556, 3555, 3554, 3553, 3552] 
2026-06-08 13:28:07,851 6480 INFO kelapa odoo.addons.base.models.ir_model: Deleting ir.ui.menu(731,) 
2026-06-08 13:28:07,862 6480 INFO kelapa odoo.models.unlink: User #1 deleted ir.model.data records with IDs: [104932] 
2026-06-08 13:28:07,862 6480 INFO kelapa odoo.models.unlink: User #1 deleted ir.ui.menu records with IDs: [731] 
2026-06-08 13:28:07,865 6480 INFO kelapa odoo.addons.base.models.ir_model: Deleting ir.actions.act_window(1217,) 
2026-06-08 13:28:07,884 6480 INFO kelapa odoo.models.unlink: User #1 deleted ir.model.data records with IDs: [104931] 
2026-06-08 13:28:07,885 6480 INFO kelapa odoo.models.unlink: User #1 deleted ir.actions.act_window records with IDs: [1217] 
2026-06-08 13:28:07,887 6480 INFO kelapa odoo.addons.base.models.ir_model: Deleting ir.ui.menu(730,) 
2026-06-08 13:28:07,897 6480 INFO kelapa odoo.models.unlink: User #1 deleted ir.model.data records with IDs: [104930] 
2026-06-08 13:28:07,898 6480 INFO kelapa odoo.models.unlink: User #1 deleted ir.ui.menu records with IDs: [730] 
2026-06-08 13:28:07,899 6480 INFO kelapa odoo.addons.base.models.ir_model: Deleting ir.actions.act_window(1216,) 
2026-06-08 13:28:07,917 6480 INFO kelapa odoo.models.unlink: User #1 deleted ir.model.data records with IDs: [104929] 
2026-06-08 13:28:07,917 6480 INFO kelapa odoo.models.unlink: User #1 deleted ir.actions.act_window records with IDs: [1216] 
2026-06-08 13:28:07,920 6480 INFO kelapa odoo.addons.base.models.ir_model: Deleting ir.ui.menu(729, 728, 727, 726, 725, 724, 723, 722, 721, 720, 719, 718) 
2026-06-08 13:28:07,959 6480 INFO kelapa odoo.models.unlink: User #1 deleted ir.model.data records with IDs: [104917, 104918, 104923, 104924, 104921, 104920, 104919, 104928, 104916, 104927, 104926, 104925] 
2026-06-08 13:28:08,038 6480 INFO kelapa odoo.models.unlink: User #1 deleted ir.attachment records with IDs: [2346] 
2026-06-08 13:28:08,039 6480 INFO kelapa odoo.models.unlink: User #1 deleted ir.ui.menu records with IDs: [729, 728, 727, 726, 725, 724, 723, 722, 721, 720, 719, 718] 
2026-06-08 13:28:08,042 6480 INFO kelapa odoo.addons.base.models.ir_model: Deleting ir.actions.report(1215, 1214) 
2026-06-08 13:28:08,064 6480 INFO kelapa odoo.models.unlink: User #1 deleted ir.model.data records with IDs: [104914, 104915] 
2026-06-08 13:28:08,064 6480 INFO kelapa odoo.models.unlink: User #1 deleted ir.actions.report records with IDs: [1215, 1214] 
2026-06-08 13:28:08,066 6480 INFO kelapa odoo.addons.base.models.ir_model: Deleting ir.cron(61,) 
2026-06-08 13:28:08,084 6480 INFO kelapa odoo.models.unlink: User #1 deleted ir.model.data records with IDs: [104913] 
2026-06-08 13:28:08,085 6480 INFO kelapa odoo.models.unlink: User #1 deleted ir.cron records with IDs: [61] 
2026-06-08 13:28:08,087 6480 INFO kelapa odoo.addons.base.models.ir_model: Deleting ir.actions.server(1213, 1212) 
2026-06-08 13:28:08,108 6480 INFO kelapa odoo.models.unlink: User #1 deleted ir.model.data records with IDs: [104911, 104912] 
2026-06-08 13:28:08,108 6480 INFO kelapa odoo.models.unlink: User #1 deleted ir.actions.server records with IDs: [1213, 1212] 
2026-06-08 13:28:08,111 6480 INFO kelapa odoo.addons.base.models.ir_model: Deleting ir.sequence(69,) 
2026-06-08 13:28:08,146 6480 INFO kelapa odoo.models.unlink: User #1 deleted ir.model.data records with IDs: [104910] 
2026-06-08 13:28:08,146 6480 INFO kelapa odoo.models.unlink: User #1 deleted ir.sequence records with IDs: [69] 
2026-06-08 13:28:08,149 6480 INFO kelapa odoo.addons.base.models.ir_model: Deleting mail.message.subtype(100, 99, 98, 97) 
2026-06-08 13:28:08,164 6480 INFO kelapa odoo.models.unlink: User #1 deleted ir.model.data records with IDs: [104907, 104906, 104908, 104909] 
2026-06-08 13:28:08,165 6480 INFO kelapa odoo.models.unlink: User #1 deleted mail.message.subtype records with IDs: [100, 99, 98, 97] 
2026-06-08 13:28:08,167 6480 INFO kelapa odoo.addons.base.models.ir_model: Deleting ir.ui.view(3551,) 
2026-06-08 13:28:08,180 6480 INFO kelapa odoo.models.unlink: User #1 deleted ir.model.data records with IDs: [104905] 
2026-06-08 13:28:08,180 6480 INFO kelapa odoo.models.unlink: User #1 deleted ir.ui.view records with IDs: [3551] 
2026-06-08 13:28:08,183 6480 INFO kelapa odoo.addons.base.models.ir_model: Deleting digest.tip(19, 18) 
2026-06-08 13:28:08,201 6480 INFO kelapa odoo.models.unlink: User #1 deleted ir.model.data records with IDs: [104903, 104904] 
2026-06-08 13:28:08,202 6480 INFO kelapa odoo.models.unlink: User #1 deleted digest.tip records with IDs: [19, 18] 
2026-06-08 13:28:08,206 6480 INFO kelapa odoo.addons.base.models.ir_model: Deleting ir.model.access(1721, 1720, 1719, 1718, 1717, 1716, 1715, 1714, 1713, 1712, 1711, 1710, 1709, 1708, 1707, 1706, 1705, 1704, 1703, 1702, 1701, 1700, 1699, 1698, 1697, 1696, 1695, 1694, 1693, 1692, 1691, 1690, 1689, 1688, 1687, 1686, 1685, 1684, 1683, 1682, 1681, 1680) 
2026-06-08 13:28:08,221 6480 INFO kelapa odoo.models.unlink: User #1 deleted ir.model.data records with IDs: [104899, 104888, 104881, 104883, 104884, 104885, 104887, 104886, 104876, 104875, 104877, 104873, 104893, 104895, 104897, 104879, 104878, 104896, 104898, 104894, 104880, 104870, 104872, 104871, 104900, 104861, 104864, 104863, 104866, 104869, 104868, 104867, 104874, 104862, 104865, 104901, 104902, 104890, 104882, 104891, 104892, 104889] 
2026-06-08 13:28:08,221 6480 INFO kelapa odoo.models.unlink: User #1 deleted ir.model.access records with IDs: [1721, 1720, 1719, 1718, 1717, 1716, 1715, 1714, 1713, 1712, 1711, 1710, 1709, 1708, 1707, 1706, 1705, 1704, 1703, 1702, 1701, 1700, 1699, 1698, 1697, 1696, 1695, 1694, 1693, 1692, 1691, 1690, 1689, 1688, 1687, 1686, 1685, 1684, 1683, 1682, 1681, 1680] 
2026-06-08 13:28:08,224 6480 INFO kelapa odoo.addons.base.models.ir_model: Deleting ir.rule(471, 470, 469, 468, 467, 466, 465, 464) 
2026-06-08 13:28:08,244 6480 INFO kelapa odoo.models.unlink: User #1 deleted ir.model.data records with IDs: [104858, 104855, 104859, 104853, 104854, 104860, 104856, 104857] 
2026-06-08 13:28:08,244 6480 INFO kelapa odoo.models.unlink: User #1 deleted ir.rule records with IDs: [471, 470, 469, 468, 467, 466, 465, 464] 
2026-06-08 13:28:08,247 6480 INFO kelapa odoo.addons.base.models.ir_model: Deleting res.groups(146, 145, 144, 143) 
2026-06-08 13:28:08,287 6480 INFO kelapa odoo.models.unlink: User #1 deleted ir.model.data records with IDs: [104848, 104847, 104850, 104849] 
2026-06-08 13:28:08,287 6480 INFO kelapa odoo.models.unlink: User #1 deleted res.groups records with IDs: [146, 145, 144, 143] 
2026-06-08 13:28:08,364 6480 INFO kelapa odoo.addons.base.models.ir_model: Deleting ir.model.inherit(448, 447, 446) 
2026-06-08 13:28:08,374 6480 INFO kelapa odoo.models.unlink: User #1 deleted ir.model.data records with IDs: [104792, 104793, 104794] 
2026-06-08 13:28:08,374 6480 INFO kelapa odoo.models.unlink: User #1 deleted ir.model.inherit records with IDs: [448, 447, 446] 
2026-06-08 13:28:08,381 6480 INFO kelapa odoo.addons.base.models.ir_model: Deleting ir.model.constraint(4295, 4294) 
2026-06-08 13:28:08,434 6480 INFO kelapa odoo.addons.base.models.ir_model: Dropped CONSTRAINT purchase_order_line_non_accountable_null_fields@purchase.order.line 
2026-06-08 13:28:08,436 6480 INFO kelapa odoo.addons.base.models.ir_model: Dropped CONSTRAINT purchase_order_line_accountable_required_fields@purchase.order.line 
2026-06-08 13:28:08,448 6480 INFO kelapa odoo.models.unlink: User #1 deleted ir.model.data records with IDs: [104752, 104753] 
2026-06-08 13:28:08,448 6480 INFO kelapa odoo.models.unlink: User #1 deleted ir.model.constraint records with IDs: [4295, 4294] 
2026-06-08 13:28:08,470 6480 INFO kelapa odoo.addons.base.models.ir_model: Deleting ir.model.fields.selection(4269, 4268, 4267, 4266, 4265, 4254, 4253, 4252, 4251, 4250, 4249, 4248, 4247, 4246, 4245, 4244, 4243, 4242, 4241, 4240, 4239, 4238, 4237, 4236, 4235, 4234, 4233, 4232, 4231, 4230, 4229, 4228, 4227, 4226, 4225, 4224, 4223, 4222, 4221, 4215) 
2026-06-08 13:28:08,481 6480 INFO kelapa odoo.addons.base.models.ir_model: Deleting ir.model.fields.selection(4269, 4268, 4267, 4266, 4265, 4254, 4253, 4252, 4251, 4250, 4249, 4248, 4247, 4246, 4245, 4244, 4243, 4242, 4241, 4240) 
2026-06-08 13:28:08,487 6480 INFO kelapa odoo.addons.base.models.ir_model: Deleting ir.model.fields.selection(4269, 4268, 4267, 4266, 4265, 4254, 4253, 4252, 4251, 4250) 
2026-06-08 13:28:08,492 6480 INFO kelapa odoo.addons.base.models.ir_model: Deleting ir.model.fields.selection(4269, 4268, 4267, 4266, 4265) 
2026-06-08 13:28:08,498 6480 INFO kelapa odoo.addons.base.models.ir_model: Deleting ir.model.fields.selection(4269, 4268) 
2026-06-08 13:28:08,504 6480 INFO kelapa odoo.addons.base.models.ir_model: Deleting ir.model.fields.selection(4269,) 
2026-06-08 13:28:08,516 6480 INFO kelapa odoo.models.unlink: User #1 deleted stock.rule records with IDs: [9] 
2026-06-08 13:28:08,528 6480 INFO kelapa odoo.models.unlink: User #1 deleted ir.model.data records with IDs: [108291] 
2026-06-08 13:28:08,528 6480 INFO kelapa odoo.models.unlink: User #1 deleted ir.model.fields.selection records with IDs: [4269] 
2026-06-08 13:28:08,530 6480 INFO kelapa odoo.addons.base.models.ir_model: Deleting ir.model.fields.selection(4268,) 
2026-06-08 13:28:08,545 6480 INFO kelapa odoo.models.unlink: User #1 deleted ir.model.data records with IDs: [107441] 
2026-06-08 13:28:08,545 6480 INFO kelapa odoo.models.unlink: User #1 deleted ir.model.fields.selection records with IDs: [4268] 
2026-06-08 13:28:08,548 6480 INFO kelapa odoo.addons.base.models.ir_model: Deleting ir.model.fields.selection(4267, 4266, 4265) 
2026-06-08 13:28:08,561 6480 INFO kelapa odoo.models.unlink: User #1 deleted ir.model.data records with IDs: [107439, 107438, 107437] 
2026-06-08 13:28:08,561 6480 INFO kelapa odoo.models.unlink: User #1 deleted ir.model.fields.selection records with IDs: [4267, 4266, 4265] 
2026-06-08 13:28:08,564 6480 INFO kelapa odoo.addons.base.models.ir_model: Deleting ir.model.fields.selection(4254, 4253, 4252, 4251, 4250) 
2026-06-08 13:28:08,578 6480 INFO kelapa odoo.models.unlink: User #1 deleted ir.model.data records with IDs: [104736, 104735, 104734, 104732, 104733] 
2026-06-08 13:28:08,578 6480 INFO kelapa odoo.models.unlink: User #1 deleted ir.model.fields.selection records with IDs: [4254, 4253, 4252, 4251, 4250] 
2026-06-08 13:28:08,580 6480 INFO kelapa odoo.addons.base.models.ir_model: Deleting ir.model.fields.selection(4249, 4248, 4247, 4246, 4245, 4244, 4243, 4242, 4241, 4240) 
2026-06-08 13:28:08,598 6480 INFO kelapa odoo.models.unlink: User #1 deleted ir.model.data records with IDs: [104731, 103995, 103996, 103993, 103994, 104007, 104008, 104730, 104728, 104729] 
2026-06-08 13:28:08,598 6480 INFO kelapa odoo.models.unlink: User #1 deleted ir.model.fields.selection records with IDs: [4249, 4248, 4247, 4246, 4245, 4244, 4243, 4242, 4241, 4240] 
2026-06-08 13:28:08,601 6480 INFO kelapa odoo.addons.base.models.ir_model: Deleting ir.model.fields.selection(4239, 4238, 4237, 4236, 4235, 4234, 4233, 4232, 4231, 4230, 4229, 4228, 4227, 4226, 4225, 4224, 4223, 4222, 4221, 4215) 
2026-06-08 13:28:08,609 6480 INFO kelapa odoo.addons.base.models.ir_model: Deleting ir.model.fields.selection(4239, 4238, 4237, 4236, 4235, 4234, 4233, 4232, 4231, 4230) 
2026-06-08 13:28:08,624 6480 INFO kelapa odoo.models.unlink: User #1 deleted ir.model.data records with IDs: [103939, 103937, 103938, 103935, 103936, 103919, 103918, 103922, 103921, 103920] 
2026-06-08 13:28:08,624 6480 INFO kelapa odoo.models.unlink: User #1 deleted ir.model.fields.selection records with IDs: [4239, 4238, 4237, 4236, 4235, 4234, 4233, 4232, 4231, 4230] 
2026-06-08 13:28:08,627 6480 INFO kelapa odoo.addons.base.models.ir_model: Deleting ir.model.fields.selection(4229, 4228, 4227, 4226, 4225, 4224, 4223, 4222, 4221, 4215) 
2026-06-08 13:28:08,634 6480 INFO kelapa odoo.addons.base.models.ir_model: Deleting ir.model.fields.selection(4229, 4228, 4227, 4226, 4225) 
2026-06-08 13:28:08,649 6480 INFO kelapa odoo.models.unlink: User #1 deleted ir.model.data records with IDs: [103917, 103916, 103915, 103914, 103913] 
2026-06-08 13:28:08,650 6480 INFO kelapa odoo.models.unlink: User #1 deleted ir.model.fields.selection records with IDs: [4229, 4228, 4227, 4226, 4225] 
2026-06-08 13:28:08,652 6480 INFO kelapa odoo.addons.base.models.ir_model: Deleting ir.model.fields.selection(4224, 4223, 4222, 4221, 4215) 
2026-06-08 13:28:08,659 6480 INFO kelapa odoo.addons.base.models.ir_model: Deleting ir.model.fields.selection(4224, 4223) 
2026-06-08 13:28:08,673 6480 INFO kelapa odoo.models.unlink: User #1 deleted ir.model.data records with IDs: [103911, 103912] 
2026-06-08 13:28:08,673 6480 INFO kelapa odoo.models.unlink: User #1 deleted ir.model.fields.selection records with IDs: [4224, 4223] 
2026-06-08 13:28:08,677 6480 INFO kelapa odoo.addons.base.models.ir_model: Deleting ir.model.fields.selection(4222, 4221, 4215) 
2026-06-08 13:28:08,685 6480 INFO kelapa odoo.addons.base.models.ir_model: Deleting ir.model.fields.selection(4222,) 
2026-06-08 13:28:08,698 6480 INFO kelapa odoo.models.unlink: User #1 deleted ir.model.data records with IDs: [103910] 
2026-06-08 13:28:08,699 6480 INFO kelapa odoo.models.unlink: User #1 deleted ir.model.fields.selection records with IDs: [4222] 
2026-06-08 13:28:08,701 6480 INFO kelapa odoo.addons.base.models.ir_model: Deleting ir.model.fields.selection(4221, 4215) 
2026-06-08 13:28:08,709 6480 INFO kelapa odoo.addons.base.models.ir_model: Deleting ir.model.fields.selection(4221,) 
2026-06-08 13:28:08,721 6480 INFO kelapa odoo.models.unlink: User #1 deleted ir.model.data records with IDs: [103909] 
2026-06-08 13:28:08,721 6480 INFO kelapa odoo.models.unlink: User #1 deleted ir.model.fields.selection records with IDs: [4221] 
2026-06-08 13:28:08,724 6480 INFO kelapa odoo.addons.base.models.ir_model: Deleting ir.model.fields.selection(4215,) 
2026-06-08 13:28:08,743 6480 INFO kelapa odoo.models.unlink: User #1 deleted ir.model.data records with IDs: [103895] 
2026-06-08 13:28:08,743 6480 INFO kelapa odoo.models.unlink: User #1 deleted ir.model.fields.selection records with IDs: [4215] 
2026-06-08 13:28:08,795 6480 INFO kelapa odoo.addons.base.models.ir_model: Deleting ir.model.fields(20253, 20252, 20251, 20181, 20180, 20179, 20178, 20177, 20176, 20175, 20173, 20172, 20171, 20170, 20169, 20168, 20167, 20166, 20165, 20164, 20163, 20162, 20161, 20160, 20159, 20158, 20157, 20156, 20155, 20154, 20153, 20152, 20151, 20150, 20149, 20148, 20147, 20146, 20145, 20144, 20143, 20142, 20141, 20140, 20139, 20138, 20137, 20136, 20135, 20134, 20133, 20132, 20131, 20130, 20129, 20128, 20127, 20126, 20125, 20124, 20123, 20122, 20121, 20120, 20119, 20118, 20117, 19771, 19834, 20115, 20114, 19949, 19948, 19947, 19946, 19945, 19944, 19943, 19942, 19941, 19940, 19939, 19938, 19933, 19931, 19930, 19929, 19927, 19926, 19925, 19924, 19923, 19922, 19921, 19920, 19919, 19918, 19916, 19915, 19914, 19913, 19912, 19911, 19910, 19909, 19908, 19907, 19906, 19905, 19904, 19903, 19902, 19901, 19900, 19899, 19898, 19897, 19896, 19895, 19894, 19893, 19892, 19891, 19890, 19889, 19888, 19887, 19886, 19885, 19884, 19883, 19882, 19881, 19880, 19879, 19878, 19877, 19876, 19875, 19874, 19873, 19872, 19871, 19870, 19869, 19868, 19867, 19866, 19865, 19864, 19863, 19862, 19861, 19860, 19859, 19858, 19857, 19856, 19855, 19850, 19848, 19847, 19846, 19845, 19844, 19843, 19842, 19841, 19840, 19839, 19838, 19837, 19836, 19835, 19833, 19832, 19831, 19830, 19829, 19828, 19827, 19826, 19825, 19824, 19823, 19822, 19821, 19820, 19819, 19818, 19817, 19816, 19815, 19814, 19813, 19812, 19811, 19810, 19805, 19803, 19802, 19801, 19800, 19799, 19798, 19797, 19796, 19795, 19794, 19793, 19792, 19791, 19790, 19789, 19788, 19787, 19786, 19785, 19784, 19783, 19782, 19781, 19780, 19779, 19778, 19777, 19776, 19775, 19774, 19773, 19772, 19770, 19769, 19768, 19767, 19766, 19765, 19764, 19763, 19762, 19761, 19760, 19759, 19758, 19757, 19756, 19755, 19754, 19753, 19752, 19751, 19750, 19749, 19748, 19747, 19746, 19745, 19744, 19743, 19742, 19741, 19740, 19739, 19738, 19737, 19736, 19734, 19733, 19732, 19731, 19730, 19729, 19728, 19727, 19726, 19725, 19724, 19723, 19722, 19721, 19720, 19719, 19718, 19717, 19716, 19715, 19714, 19713, 19712, 19711, 19710, 19709, 19708, 19707) 
2026-06-08 13:28:11,265 6480 INFO kelapa odoo.models.unlink: User #1 deleted ir.model.data records with IDs: [98208, 106960, 106961, 103597, 103824, 103821, 103822, 103823, 103820, 103593, 103590, 103591, 103592, 103589, 103594, 103595, 103596, 103815, 103813, 103812, 103746, 103742, 103744, 103745, 103743, 103741, 103739, 103740, 103738, 103737, 103607, 103599, 103614, 103600, 103609, 103618, 103608, 103603, 103604, 103601, 103598, 103602, 103611, 103613, 103612, 103615, 103606, 103605, 103616, 103610, 103805, 103807, 103806, 103804, 103811, 103801, 103803, 103809, 103802, 103808, 103644, 103643, 103645, 103629, 103624, 103627, 103628, 103619, 103620, 103626, 103623, 103622, 103621, 103666, 103667, 103668, 103664, 103677, 103676, 103679, 103678, 103654, 103680, 103651, 103663, 103650, 103662, 103653, 103687, 103669, 103634, 103673, 103659, 103660, 103661, 103682, 103683, 103681, 103639, 103631, 103637, 103638, 103642, 103633, 103630, 103635, 103636, 103632, 103625, 103646, 103657, 103656, 103648, 103658, 103652, 103649, 103672, 103647, 103674, 103640, 103684, 103685, 103655, 103671, 103670, 103665, 103675, 103641, 103692, 103693, 103712, 103721, 103723, 103722, 103699, 103700, 103732, 103727, 103694, 103714, 103728, 103695, 103711, 103720, 103708, 103710, 103709, 103706, 103707, 103704, 103730, 103724, 103725, 103697, 103729, 103705, 103702, 103703, 103698, 103715, 103717, 103718, 103716, 103719, 103696, 103713, 103726, 103701, 103786, 103790, 103778, 103788, 103779, 103776, 103772, 103781, 103782, 103800, 103789, 103785, 103793, 103775, 103784, 103783, 103774, 103787, 103777, 103797, 103795, 103796, 103798, 103773, 103794, 103780, 103792, 103791, 103749, 103750, 103747, 103748, 103756, 103757, 103764, 103758, 103751, 103759, 103761, 103760, 103754, 103755, 103762, 103752, 103753, 103763, 103771, 103765, 103766, 103767, 103768, 103769, 103770, 103831, 103825, 103826, 103827, 103828, 103829, 103830, 109586, 109585, 109584, 107324, 107280, 107283, 107282, 107342, 107341, 107284, 107285, 107281, 107292, 107279, 107295, 107293, 107289, 107288, 107294, 107296, 107290, 107291, 107297, 107303, 107306, 107304, 107305, 107300, 107298, 107299, 107301, 107302, 107278, 107329, 107328, 107327, 107311, 107307, 107308, 107310, 107309, 107344, 107343, 107323, 107322, 107326, 107325, 107313, 107314, 107312, 107287, 107286, 107339, 107340, 107316, 107315, 107321, 107320, 107317, 107318, 107319, 107332, 107333, 107338, 107336, 107330, 107331, 107335, 107334] 
2026-06-08 13:28:11,265 6480 INFO kelapa odoo.models.unlink: User #1 deleted ir.model.fields records with IDs: [20253, 20252, 20251, 20181, 20180, 20179, 20178, 20177, 20176, 20175, 20173, 20172, 20171, 20170, 20169, 20168, 20167, 20166, 20165, 20164, 20163, 20162, 20161, 20160, 20159, 20158, 20157, 20156, 20155, 20154, 20153, 20152, 20151, 20150, 20149, 20148, 20147, 20146, 20145, 20144, 20143, 20142, 20141, 20140, 20139, 20138, 20137, 20136, 20135, 20134, 20133, 20132, 20131, 20130, 20129, 20128, 20127, 20126, 20125, 20124, 20123, 20122, 20121, 20120, 20119, 20118, 20117, 19771, 19834, 20115, 20114, 19949, 19948, 19947, 19946, 19945, 19944, 19943, 19942, 19941, 19940, 19939, 19938, 19933, 19931, 19930, 19929, 19927, 19926, 19925, 19924, 19923, 19922, 19921, 19920, 19919, 19918, 19916, 19915, 19914, 19913, 19912, 19911, 19910, 19909, 19908, 19907, 19906, 19905, 19904, 19903, 19902, 19901, 19900, 19899, 19898, 19897, 19896, 19895, 19894, 19893, 19892, 19891, 19890, 19889, 19888, 19887, 19886, 19885, 19884, 19883, 19882, 19881, 19880, 19879, 19878, 19877, 19876, 19875, 19874, 19873, 19872, 19871, 19870, 19869, 19868, 19867, 19866, 19865, 19864, 19863, 19862, 19861, 19860, 19859, 19858, 19857, 19856, 19855, 19850, 19848, 19847, 19846, 19845, 19844, 19843, 19842, 19841, 19840, 19839, 19838, 19837, 19836, 19835, 19833, 19832, 19831, 19830, 19829, 19828, 19827, 19826, 19825, 19824, 19823, 19822, 19821, 19820, 19819, 19818, 19817, 19816, 19815, 19814, 19813, 19812, 19811, 19810, 19805, 19803, 19802, 19801, 19800, 19799, 19798, 19797, 19796, 19795, 19794, 19793, 19792, 19791, 19790, 19789, 19788, 19787, 19786, 19785, 19784, 19783, 19782, 19781, 19780, 19779, 19778, 19777, 19776, 19775, 19774, 19773, 19772, 19770, 19769, 19768, 19767, 19766, 19765, 19764, 19763, 19762, 19761, 19760, 19759, 19758, 19757, 19756, 19755, 19754, 19753, 19752, 19751, 19750, 19749, 19748, 19747, 19746, 19745, 19744, 19743, 19742, 19741, 19740, 19739, 19738, 19737, 19736, 19734, 19733, 19732, 19731, 19730, 19729, 19728, 19727, 19726, 19725, 19724, 19723, 19722, 19721, 19720, 19719, 19718, 19717, 19716, 19715, 19714, 19713, 19712, 19711, 19710, 19709, 19708, 19707, 18946] 
2026-06-08 13:28:11,286 6480 INFO kelapa odoo.models.unlink: User #1 deleted ir.model.relation records with IDs: [365, 366, 367, 378, 379, 380, 381] 
2026-06-08 13:28:11,288 6480 INFO kelapa odoo.addons.base.models.ir_model: Dropped table product_supplierinfo_stock_replenishment_info_rel 
2026-06-08 13:28:11,290 6480 INFO kelapa odoo.addons.base.models.ir_model: Dropped table stock_move_created_purchase_line_rel 
2026-06-08 13:28:11,293 6480 INFO kelapa odoo.addons.base.models.ir_model: Dropped table purchase_order_stock_picking_rel 
2026-06-08 13:28:11,295 6480 INFO kelapa odoo.addons.base.models.ir_model: Dropped table product_template_attribute_value_purchase_order_line_rel 
2026-06-08 13:28:11,298 6480 INFO kelapa odoo.addons.base.models.ir_model: Dropped table account_tax_purchase_order_line_rel 
2026-06-08 13:28:11,302 6480 INFO kelapa odoo.addons.base.models.ir_model: Dropped table account_move_purchase_order_rel 
2026-06-08 13:28:11,312 6480 INFO kelapa odoo.addons.base.models.ir_model: Deleting ir.model(1319, 1320, 1330, 1321, 1329, 1323, 1322, 1318) 
2026-06-08 13:28:11,538 6480 INFO kelapa odoo.models.unlink: User #1 deleted ir.model.data records with IDs: [106959, 106958, 109531, 103587, 103582, 103586, 103583, 103584, 103585, 107149, 107148, 109583, 109582, 107269, 107267, 107264, 107273] 
2026-06-08 13:28:11,538 6480 INFO kelapa odoo.models.unlink: User #1 deleted ir.model records with IDs: [1319, 1320, 1330, 1321, 1329, 1323, 1322, 1318] 
2026-06-08 13:28:11,539 6480 INFO kelapa odoo.addons.base.models.ir_model: ir.model.data could not be deleted ([]) 
2026-06-08 13:28:11,561 6480 INFO kelapa odoo.models.unlink: User #1 deleted ir.model.data records with IDs: [109702, 109701, 109700, 109699, 109698, 109697, 109586, 109585, 109584, 109583, 109582, 109581, 109580, 109579, 109578, 109577, 109576, 109575, 109531, 109530, 108480, 108470, 108469, 108468, 108467, 108466, 108465, 108464, 108463, 108462, 108461, 108460, 108459, 108458, 108457, 108456, 108455, 108454, 108453, 108452, 108451, 108450, 108449, 108448, 108447, 108446, 108445, 108444, 108443, 108441, 108440, 108439, 108438, 108437, 108436, 108435, 108434, 108433, 108432, 108431, 108430, 108429, 108428, 108427, 108425, 108417, 108291, 107441, 107439, 107438, 107437, 107344, 107343, 107342, 107341, 107340, 107339, 107338, 107337, 107336, 107335, 107334, 107333, 107332, 107331, 107330, 107329, 107328, 107327, 107326, 107325, 107324, 107323, 107322, 107321, 107320, 107319, 107318, 107317, 107316, 107315, 107314, 107313, 107312, 107311, 107310, 107309, 107308, 107307, 107306, 107305, 107304, 107303, 107302, 107301, 107300, 107299, 107298, 107297, 107296, 107295, 107294, 107293, 107292, 107291, 107290, 107289, 107288, 107287, 107286, 107285, 107284, 107283, 107282, 107281, 107280, 107279, 107278, 107277, 107276, 107275, 107274, 107273, 107272, 107271, 107270, 107269, 107268, 107267, 107266, 107265, 107264, 107263, 107262, 107261, 107260, 107259, 107258, 107257, 107256, 107255, 107254, 107253, 107252, 107251, 107250, 107249, 107248, 107247, 107246, 107245, 107244, 107243, 107242, 107241, 107240, 107239, 107238, 107237, 107236, 107235, 107234, 107221, 107149, 107148, 107147, 107042, 107041, 107040, 107039, 107038, 107037, 107036, 107035, 107034, 107033, 107032, 107031, 106961, 106960, 106959, 106958, 106957, 105030, 105029, 105028, 105027, 105026, 105025, 105024, 105023, 105022, 105021, 105020, 105019, 105018, 105017, 105012, 105011, 105010, 105009, 105008, 105007, 105006, 105005, 105004, 105003, 105002, 105001, 105000, 104999, 104998, 104997, 104996, 104995, 104994, 104993, 104992, 104991, 104990, 104989, 104988, 104987, 104986, 104985, 104984, 104983, 104982, 104981, 104980, 104979, 104978, 104977, 104976, 104975, 104974, 104973, 104972, 104971, 104970, 104969, 104968, 104967, 104966, 104965, 104964, 104963, 104962, 104961, 104960, 104959, 104958, 104957, 104956, 104955, 104954, 104953, 104952, 104951, 104950, 104949, 104948, 104947, 104946, 104945, 104944, 104943, 104942, 104941, 104940, 104939, 104938, 104937, 104936, 104935, 104934, 104933, 104932, 104931, 104930, 104929, 104928, 104927, 104926, 104925, 104924, 104923, 104921, 104920, 104919, 104918, 104917, 104916, 104915, 104914, 104913, 104912, 104911, 104910, 104909, 104908, 104907, 104906, 104905, 104904, 104903, 104902, 104901, 104900, 104899, 104898, 104897, 104896, 104895, 104894, 104893, 104892, 104891, 104890, 104889, 104888, 104887, 104886, 104885, 104884, 104883, 104882, 104881, 104880, 104879, 104878, 104877, 104876, 104875, 104874, 104873, 104872, 104871, 104870, 104869, 104868, 104867, 104866, 104865, 104864, 104863, 104862, 104861, 104860, 104859, 104858, 104857, 104856, 104855, 104854, 104853, 104850, 104849, 104848, 104847, 104794, 104793, 104792, 104791, 104784, 104753, 104752, 104736, 104735, 104734, 104733, 104732, 104731, 104730, 104729, 104728, 104008, 104007, 103996, 103995, 103994, 103993, 103939, 103938, 103937, 103936, 103935, 103922, 103921, 103920, 103919, 103918, 103917, 103916, 103915, 103914, 103913, 103912, 103911, 103910, 103909, 103895, 103831, 103830, 103829, 103828, 103827, 103826, 103825, 103824, 103823, 103822, 103821, 103820, 103819, 103818, 103817, 103816, 103815, 103814, 103813, 103812, 103811, 103810, 103809, 103808, 103807, 103806, 103805, 103804, 103803, 103802, 103801, 103800, 103799, 103798, 103797, 103796, 103795, 103794, 103793, 103792, 103791, 103790, 103789, 103788, 103787, 103786, 103785, 103784, 103783, 103782, 103781, 103780, 103779, 103778, 103777, 103776, 103775, 103774, 103773, 103772, 103771, 103770, 103769, 103768, 103767, 103766, 103765, 103764, 103763, 103762, 103761, 103760, 103759, 103758, 103757, 103756, 103755, 103754, 103753, 103752, 103751, 103750, 103749, 103748, 103747, 103746, 103745, 103744, 103743, 103742, 103741, 103740, 103739, 103738, 103737, 103736, 103735, 103734, 103733, 103732, 103731, 103730, 103729, 103728, 103727, 103726, 103725, 103724, 103723, 103722, 103721, 103720, 103719, 103718, 103717, 103716, 103715, 103714, 103713, 103712, 103711, 103710, 103709, 103708, 103707, 103706, 103705, 103704, 103703, 103702, 103701, 103700, 103699, 103698, 103697, 103696, 103695, 103694, 103693, 103692, 103691, 103690, 103689, 103688, 103687, 103686, 103685, 103684, 103683, 103682, 103681, 103680, 103679, 103678, 103677, 103676, 103675, 103674, 103673, 103672, 103671, 103670, 103669, 103668, 103667, 103666, 103665, 103664, 103663, 103662, 103661, 103660, 103659, 103658, 103657, 103656, 103655, 103654, 103653, 103652, 103651, 103650, 103649, 103648, 103647, 103646, 103645, 103644, 103643, 103642, 103641, 103640, 103639, 103638, 103637, 103636, 103635, 103634, 103633, 103632, 103631, 103630, 103629, 103628, 103627, 103626, 103625, 103624, 103623, 103622, 103621, 103620, 103619, 103618, 103617, 103616, 103615, 103614, 103613, 103612, 103611, 103610, 103609, 103608, 103607, 103606, 103605, 103604, 103603, 103602, 103601, 103600, 103599, 103598, 103597, 103596, 103595, 103594, 103593, 103592, 103591, 103590, 103589, 103588, 103587, 103586, 103585, 103584, 103583, 103582, 103581, 103580, 103579, 103578, 103577, 103576, 103575, 103574, 103573, 103572, 103571, 103570, 103569] 
2026-06-08 13:28:11,741 6480 INFO kelapa odoo.modules.loading: Reloading registry once more after uninstalling modules 
2026-06-08 13:28:11,797 6480 INFO kelapa odoo.modules.loading: loading 1 modules... 
2026-06-08 13:28:11,808 6480 INFO kelapa odoo.modules.loading: 1 modules loaded in 0.01s, 0 queries (+0 extra) 
2026-06-08 13:28:11,847 6480 INFO kelapa odoo.modules.loading: updating modules list 
2026-06-08 13:28:11,851 6480 INFO kelapa odoo.addons.base.models.ir_module: ALLOW access to module.update_list on [] to user __system__ #1 via 127.0.0.1 
2026-06-08 13:28:13,754 6480 INFO kelapa odoo.modules.loading: loading 91 modules... 
2026-06-08 13:28:13,872 6480 INFO kelapa odoo.modules.loading: 91 modules loaded in 0.12s, 0 queries (+0 extra) 
2026-06-08 13:28:18,114 6480 INFO kelapa odoo.modules.loading: Modules loaded. 
2026-06-08 13:28:18,122 6480 INFO kelapa odoo.modules.registry: Registry changed, signaling through the database 
2026-06-08 13:28:18,124 6480 INFO kelapa odoo.modules.registry: Registry loaded in 6.383s 
2026-06-08 13:28:18,130 6480 INFO kelapa odoo.modules.registry: Registry changed, signaling through the database 
2026-06-08 13:28:18,132 6480 INFO kelapa odoo.modules.registry: Registry loaded in 16.929s 
2026-06-08 13:28:18,132 6480 INFO kelapa odoo.addons.base.models.ir_module: getting next ir.actions.todo() 
2026-06-08 13:28:18,144 6480 INFO kelapa werkzeug: 127.0.0.1 - - [08/Jun/2026 13:28:18] "POST /web/dataset/call_button/base.module.uninstall/action_uninstall HTTP/1.1" 200 - 7016 10.789 6.363
2026-06-08 13:28:18,170 6480 INFO kelapa odoo.addons.base.models.ir_http: Generating routing map for key None 
2026-06-08 13:28:20,636 6480 INFO kelapa werkzeug: 127.0.0.1 - - [08/Jun/2026 13:28:20] "GET /odoo HTTP/1.1" 200 - 105 0.133 2.337
2026-06-08 13:28:20,698 6480 INFO kelapa werkzeug: 127.0.0.1 - - [08/Jun/2026 13:28:20] "GET /web/assets/debug/web.assets_web.css HTTP/1.1" 304 - 3 0.003 0.039
2026-06-08 13:28:21,056 6480 INFO kelapa werkzeug: 127.0.0.1 - - [08/Jun/2026 13:28:21] "GET /web/webclient/translations/34bb4cbeff1ba5ec17724f33c378f2b966f193de?lang=id_ID HTTP/1.1" 200 - 1 0.015 0.069
2026-06-08 13:28:21,092 6480 INFO kelapa werkzeug: 127.0.0.1 - - [08/Jun/2026 13:28:21] "GET /web/manifest.webmanifest HTTP/1.1" 200 - 9 0.018 0.017
2026-06-08 13:28:21,449 6480 INFO kelapa werkzeug: 127.0.0.1 - - [08/Jun/2026 13:28:21] "GET /web/webclient/load_menus/4a6b13193e020ca68e627ecfb63bc8b8d3ec97f6a659e28be513a3de019fdadd HTTP/1.1" 200 - 228 0.265 0.214
2026-06-08 13:28:21,463 6480 INFO kelapa werkzeug: 127.0.0.1 - - [08/Jun/2026 13:28:21] "GET /web/assets/debug/web.assets_web_print.css HTTP/1.1" 304 - 3 0.003 0.054
2026-06-08 13:28:32,308 6480 INFO kelapa odoo.addons.base.models.assetsbundle: Generating a new asset bundle attachment /web/assets/76abc48/web.assets_web.js.map (id:2377) 
2026-06-08 13:28:32,311 6480 INFO kelapa odoo.addons.base.models.assetsbundle: Deleting attachments [2370, 2365] (matching /web/assets/_______/web.assets_web.js.map) because it was replaced with /web/assets/76abc48/web.assets_web.js.map 
2026-06-08 13:28:52,439 6480 INFO kelapa werkzeug: 127.0.0.1 - - [08/Jun/2026 13:28:52] "GET /web/service-worker.js HTTP/1.1" 200 - 1 0.002 0.008
2026-06-08 13:29:26,335 6480 INFO kelapa odoo.addons.base.models.assetsbundle: Generating a new asset bundle attachment /web/assets/76abc48/web.assets_web.js (id:2378) 
2026-06-08 13:29:26,336 6480 INFO kelapa odoo.addons.base.models.assetsbundle: Deleting attachments [2372, 2371] (matching /web/assets/_______/web.assets_web.js) because it was replaced with /web/assets/76abc48/web.assets_web.js 
2026-06-08 13:29:28,048 6480 INFO kelapa werkzeug: 127.0.0.1 - - [08/Jun/2026 13:29:28] "GET /web/assets/debug/web.assets_web.js HTTP/1.1" 200 - 22 0.801 66.277
2026-06-08 13:29:29,113 6480 INFO kelapa werkzeug: 127.0.0.1 - - [08/Jun/2026 13:29:29] "GET /bus/websocket_worker_bundle?v=18.0-7 HTTP/1.1" 304 - 4 0.003 0.008
2026-06-08 13:29:29,458 6480 INFO kelapa werkzeug: 127.0.0.1 - - [08/Jun/2026 13:29:29] "GET /websocket?version=18.0-7 HTTP/1.1" 101 - 1 0.001 0.010
2026-06-08 13:29:29,514 6480 INFO kelapa werkzeug: 127.0.0.1 - - [08/Jun/2026 13:29:29] "POST /mail/data HTTP/1.1" 200 - 82 0.078 0.081
2026-06-08 13:29:30,736 6480 INFO kelapa werkzeug: 127.0.0.1 - - [08/Jun/2026 13:29:30] "GET /web/service-worker.js HTTP/1.1" 200 - 1 0.001 0.006
2026-06-08 13:30:36,738 6480 INFO kelapa werkzeug: 127.0.0.1 - - [08/Jun/2026 13:30:36] "POST /web/action/load HTTP/1.1" 200 - 6 0.011 0.016
2026-06-08 13:30:36,747 6480 INFO kelapa werkzeug: 127.0.0.1 - - [08/Jun/2026 13:30:36] "GET /web/image?model=res.users&field=avatar_128&id=2 HTTP/1.1" 304 - 9 0.013 0.022
2026-06-08 13:30:37,169 6480 INFO kelapa werkzeug: 127.0.0.1 - - [08/Jun/2026 13:30:37] "POST /mail/data HTTP/1.1" 200 - 69 0.097 0.094
2026-06-08 13:30:37,328 6480 INFO kelapa werkzeug: 127.0.0.1 - - [08/Jun/2026 13:30:37] "POST /mail/inbox/messages HTTP/1.1" 200 - 5 0.009 0.009
2026-06-08 13:30:46,297 6480 INFO kelapa werkzeug: 127.0.0.1 - - [08/Jun/2026 13:30:46] "POST /web/action/load HTTP/1.1" 200 - 10 0.007 0.013
2026-06-08 13:30:46,657 6480 INFO kelapa werkzeug: 127.0.0.1 - - [08/Jun/2026 13:30:46] "POST /web/dataset/call_kw/ir.module.module/get_views HTTP/1.1" 200 - 56 0.048 0.067
2026-06-08 13:30:46,675 6480 INFO kelapa werkzeug: 127.0.0.1 - - [08/Jun/2026 13:30:46] "POST /web/dataset/call_kw/ir.module.module/search_panel_select_range HTTP/1.1" 200 - 1 0.001 0.004
2026-06-08 13:30:47,069 6480 INFO kelapa werkzeug: 127.0.0.1 - - [08/Jun/2026 13:30:47] "POST /web/dataset/call_kw/ir.module.module/search_panel_select_range HTTP/1.1" 200 - 63 0.057 0.034
2026-06-08 13:30:47,086 6480 INFO kelapa werkzeug: 127.0.0.1 - - [08/Jun/2026 13:30:47] "POST /web/dataset/call_kw/ir.module.module/web_search_read HTTP/1.1" 200 - 4 0.009 0.098
2026-06-08 13:32:03,570 24252 INFO ? odoo: Odoo version 18.0-20260415 
2026-06-08 13:32:03,571 24252 INFO ? odoo: Using configuration file at c:\odoo\odoo.conf 
2026-06-08 13:32:03,571 24252 INFO ? odoo: addons paths: ['C:\\odoo\\odoo18\\server\\odoo\\addons', 'c:\\odoo\\odoo18\\sessions\\addons\\18.0', 'c:\\odoo\\odoo18\\server\\odoo\\addons'] 
2026-06-08 13:32:03,571 24252 INFO ? odoo: database: openpg@localhost:5432 
2026-06-08 13:32:03,836 24252 INFO ? odoo.addons.base.models.ir_actions_report: Will use the Wkhtmltopdf binary at C:\Program Files\wkhtmltopdf\bin\wkhtmltopdf.exe 
2026-06-08 13:32:03,894 24252 INFO ? odoo.addons.base.models.ir_actions_report: Will use the Wkhtmltoimage binary at C:\Program Files\wkhtmltopdf\bin\wkhtmltoimage.exe 
2026-06-08 13:32:04,451 24252 INFO ? odoo.service.server: HTTP service (werkzeug) running on DIANTAMELA:8069 
2026-06-08 13:32:28,743 6480 INFO kelapa werkzeug: 127.0.0.1 - - [08/Jun/2026 13:32:28] "POST /web/action/load HTTP/1.1" 200 - 9 0.008 0.012
2026-06-08 13:32:29,009 6480 INFO kelapa werkzeug: 127.0.0.1 - - [08/Jun/2026 13:32:29] "POST /web/dataset/call_kw/base.module.update/get_views HTTP/1.1" 200 - 12 0.005 0.018
2026-06-08 13:32:29,088 6480 INFO kelapa werkzeug: 127.0.0.1 - - [08/Jun/2026 13:32:29] "POST /web/dataset/call_kw/base.module.update/onchange HTTP/1.1" 200 - 2 0.004 0.004
2026-06-08 13:32:30,469 6480 INFO kelapa werkzeug: 127.0.0.1 - - [08/Jun/2026 13:32:30] "POST /web/dataset/call_kw/base.module.update/web_save HTTP/1.1" 200 - 5 0.019 0.005
2026-06-08 13:32:30,788 6480 INFO kelapa odoo.addons.base.models.ir_module: ALLOW access to module.update_list on [] to user tameladian@gmail.com #2 via 127.0.0.1 
2026-06-08 13:32:32,723 6480 INFO kelapa werkzeug: 127.0.0.1 - - [08/Jun/2026 13:32:32] "POST /web/dataset/call_button/base.module.update/update_module HTTP/1.1" 200 - 1753 1.246 0.697
2026-06-08 13:32:39,200 6480 INFO kelapa werkzeug: 127.0.0.1 - - [08/Jun/2026 13:32:39] "POST /web/action/load HTTP/1.1" 200 - 9 0.012 0.018
2026-06-08 13:32:40,579 6480 INFO kelapa werkzeug: 127.0.0.1 - - [08/Jun/2026 13:32:40] "POST /web/dataset/call_kw/res.config.settings/get_views HTTP/1.1" 200 - 410 0.409 0.612
2026-06-08 13:32:40,981 6480 INFO kelapa werkzeug: 127.0.0.1 - - [08/Jun/2026 13:32:40] "POST /web/dataset/call_kw/res.config.settings/onchange HTTP/1.1" 200 - 152 0.248 0.119
2026-06-08 13:32:41,595 6480 INFO kelapa werkzeug: 127.0.0.1 - - [08/Jun/2026 13:32:41] "POST /base_setup/demo_active HTTP/1.1" 200 - 2 0.002 0.005
2026-06-08 13:32:41,647 6480 INFO kelapa werkzeug: 127.0.0.1 - - [08/Jun/2026 13:32:41] "POST /base_setup/data HTTP/1.1" 200 - 6 0.006 0.008
2026-06-08 13:33:01,698 6480 INFO kelapa werkzeug: 127.0.0.1 - - [08/Jun/2026 13:33:01] "POST /web/dataset/call_kw/res.users/action_get HTTP/1.1" 200 - 12 0.019 0.017
2026-06-08 13:33:02,405 6480 INFO kelapa werkzeug: 127.0.0.1 - - [08/Jun/2026 13:33:02] "POST /web/dataset/call_kw/res.users/get_views HTTP/1.1" 200 - 164 0.148 0.242
2026-06-08 13:33:02,612 6480 INFO kelapa werkzeug: 127.0.0.1 - - [08/Jun/2026 13:33:02] "POST /web/dataset/call_kw/res.users/web_read HTTP/1.1" 200 - 60 0.113 0.078
2026-06-08 13:33:03,137 6480 INFO kelapa werkzeug: 127.0.0.1 - - [08/Jun/2026 13:33:03] "GET /web/image/res.users/2/avatar_128?unique=1780925582694 HTTP/1.1" 200 - 9 0.008 0.019
2026-06-08 13:33:08,458 6480 INFO kelapa werkzeug: 127.0.0.1 - - [08/Jun/2026 13:33:08] "POST /web/action/load HTTP/1.1" 200 - 10 0.010 0.013
2026-06-08 13:33:08,851 6480 INFO kelapa werkzeug: 127.0.0.1 - - [08/Jun/2026 13:33:08] "POST /web/dataset/call_kw/res.config.settings/onchange HTTP/1.1" 200 - 26 0.021 0.042
2026-06-08 13:33:13,054 6480 INFO kelapa werkzeug: 127.0.0.1 - - [08/Jun/2026 13:33:13] "POST /web/dataset/call_kw/res.config.settings/onchange HTTP/1.1" 200 - 26 0.022 0.045
2026-06-08 13:34:01,116 6480 INFO kelapa werkzeug: 127.0.0.1 - - [08/Jun/2026 13:34:01] "GET /odoo/settings?debug=1 HTTP/1.1" 200 - 40 0.062 0.255
2026-06-08 13:34:01,249 6480 INFO kelapa werkzeug: 127.0.0.1 - - [08/Jun/2026 13:34:01] "GET /web/manifest.webmanifest HTTP/1.1" 200 - 7 0.019 0.067
2026-06-08 13:34:07,068 6480 INFO kelapa odoo.addons.base.models.assetsbundle: Generating a new asset bundle attachment /web/assets/76abc48/web.assets_web.min.js (id:2379) 
2026-06-08 13:34:07,069 6480 INFO kelapa odoo.addons.base.models.assetsbundle: Deleting attachments [2358] (matching /web/assets/_______/web.assets_web.min.js) because it was replaced with /web/assets/76abc48/web.assets_web.min.js 
2026-06-08 13:34:08,072 6480 INFO kelapa werkzeug: 127.0.0.1 - - [08/Jun/2026 13:34:08] "GET /web/assets/76abc48/web.assets_web.min.js HTTP/1.1" 200 - 13 0.019 6.914
2026-06-08 13:34:09,008 6480 INFO kelapa werkzeug: 127.0.0.1 - - [08/Jun/2026 13:34:09] "POST /web/action/load HTTP/1.1" 200 - 10 0.008 0.017
2026-06-08 13:34:09,351 6480 INFO kelapa werkzeug: 127.0.0.1 - - [08/Jun/2026 13:34:09] "GET /web/image?model=res.users&field=avatar_128&id=2 HTTP/1.1" 304 - 9 0.063 0.111
2026-06-08 13:34:09,356 6480 INFO kelapa werkzeug: 127.0.0.1 - - [08/Jun/2026 13:34:09] "POST /mail/data HTTP/1.1" 200 - 47 0.136 0.082
2026-06-08 13:34:09,407 6480 INFO kelapa werkzeug: 127.0.0.1 - - [08/Jun/2026 13:34:09] "GET /bus/websocket_worker_bundle?v=18.0-7 HTTP/1.1" 200 - 3 0.012 0.140
2026-06-08 13:34:09,777 6480 INFO kelapa werkzeug: 127.0.0.1 - - [08/Jun/2026 13:34:09] "POST /web/dataset/call_kw/res.config.settings/get_views HTTP/1.1" 200 - 267 0.279 0.344
2026-06-08 13:34:09,787 6480 INFO kelapa werkzeug: 127.0.0.1 - - [08/Jun/2026 13:34:09] "GET /websocket?version=18.0-7 HTTP/1.1" 101 - 1 0.001 0.023
2026-06-08 13:34:09,868 6480 INFO kelapa werkzeug: 127.0.0.1 - - [08/Jun/2026 13:34:09] "POST /web/dataset/call_kw/res.config.settings/onchange HTTP/1.1" 200 - 26 0.020 0.043
2026-06-08 13:34:10,319 6480 INFO kelapa werkzeug: 127.0.0.1 - - [08/Jun/2026 13:34:10] "POST /base_setup/demo_active HTTP/1.1" 200 - 2 0.002 0.004
2026-06-08 13:34:10,352 6480 INFO kelapa werkzeug: 127.0.0.1 - - [08/Jun/2026 13:34:10] "POST /base_setup/data HTTP/1.1" 200 - 5 0.004 0.004
2026-06-08 13:34:11,957 6480 INFO kelapa werkzeug: 127.0.0.1 - - [08/Jun/2026 13:34:11] "GET /web/service-worker.js HTTP/1.1" 200 - 1 0.001 0.004
2026-06-08 13:34:14,432 6480 INFO kelapa werkzeug: 127.0.0.1 - - [08/Jun/2026 13:34:14] "POST /web/action/load HTTP/1.1" 200 - 9 0.008 0.022
2026-06-08 13:34:14,765 6480 INFO kelapa werkzeug: 127.0.0.1 - - [08/Jun/2026 13:34:14] "POST /web/dataset/call_kw/res.config.settings/onchange HTTP/1.1" 200 - 26 0.027 0.085
2026-06-08 13:34:18,245 6480 INFO kelapa werkzeug: 127.0.0.1 - - [08/Jun/2026 13:34:18] "POST /web/action/load HTTP/1.1" 200 - 10 0.008 0.011
2026-06-08 13:34:18,582 6480 INFO kelapa werkzeug: 127.0.0.1 - - [08/Jun/2026 13:34:18] "POST /web/dataset/call_kw/ir.module.module/get_views HTTP/1.1" 200 - 2 0.002 0.012
2026-06-08 13:34:18,840 6480 INFO kelapa werkzeug: 127.0.0.1 - - [08/Jun/2026 13:34:18] "POST /web/dataset/call_kw/ir.module.module/search_panel_select_range HTTP/1.1" 200 - 1 0.001 0.004
2026-06-08 13:34:18,994 6480 INFO kelapa werkzeug: 127.0.0.1 - - [08/Jun/2026 13:34:18] "POST /web/dataset/call_kw/ir.module.module/search_panel_select_range HTTP/1.1" 200 - 61 0.061 0.036
2026-06-08 13:34:19,013 6480 INFO kelapa werkzeug: 127.0.0.1 - - [08/Jun/2026 13:34:19] "POST /web/dataset/call_kw/ir.module.module/web_search_read HTTP/1.1" 200 - 3 0.004 0.110
2026-06-08 13:34:20,292 6480 INFO kelapa werkzeug: 127.0.0.1 - - [08/Jun/2026 13:34:20] "POST /web/action/load HTTP/1.1" 200 - 9 0.007 0.009
2026-06-08 13:34:20,621 6480 INFO kelapa werkzeug: 127.0.0.1 - - [08/Jun/2026 13:34:20] "POST /web/dataset/call_kw/base.module.update/get_views HTTP/1.1" 200 - 1 0.001 0.005
2026-06-08 13:34:20,883 6480 INFO kelapa werkzeug: 127.0.0.1 - - [08/Jun/2026 13:34:20] "POST /web/dataset/call_kw/base.module.update/onchange HTTP/1.1" 200 - 1 0.001 0.004
2026-06-08 13:34:22,522 6480 INFO kelapa werkzeug: 127.0.0.1 - - [08/Jun/2026 13:34:22] "POST /web/dataset/call_kw/base.module.update/web_save HTTP/1.1" 200 - 3 0.003 0.017
2026-06-08 13:34:22,849 6480 INFO kelapa odoo.addons.base.models.ir_module: ALLOW access to module.update_list on [] to user tameladian@gmail.com #2 via 127.0.0.1 
2026-06-08 13:34:24,810 6480 INFO kelapa werkzeug: 127.0.0.1 - - [08/Jun/2026 13:34:24] "POST /web/dataset/call_button/base.module.update/update_module HTTP/1.1" 200 - 1749 1.222 0.747
2026-06-08 13:34:29,687 6480 INFO kelapa werkzeug: 127.0.0.1 - - [08/Jun/2026 13:34:29] "POST /web/dataset/call_kw/ir.module.module/search_panel_select_range HTTP/1.1" 200 - 61 0.044 0.037
2026-06-08 13:34:30,016 6480 INFO kelapa werkzeug: 127.0.0.1 - - [08/Jun/2026 13:34:30] "POST /web/dataset/call_kw/ir.module.module/web_search_read HTTP/1.1" 200 - 3 0.003 0.008
2026-06-08 13:34:31,643 6480 INFO kelapa odoo.addons.base.models.ir_module: ALLOW access to module.button_immediate_install on ['Coconut Purchase Customization'] to user tameladian@gmail.com #2 via 127.0.0.1 
2026-06-08 13:34:31,643 6480 INFO kelapa odoo.addons.base.models.ir_module: User #2 triggered module installation 
2026-06-08 13:34:31,645 6480 INFO kelapa odoo.addons.base.models.ir_module: ALLOW access to module.button_install on ['Coconut Purchase Customization'] to user tameladian@gmail.com #2 via 127.0.0.1 
2026-06-08 13:34:31,803 6480 INFO kelapa odoo.modules.loading: loading 1 modules... 
2026-06-08 13:34:31,817 6480 INFO kelapa odoo.modules.loading: 1 modules loaded in 0.01s, 0 queries (+0 extra) 
2026-06-08 13:34:31,865 6480 INFO kelapa odoo.modules.loading: updating modules list 
2026-06-08 13:34:31,867 6480 INFO kelapa odoo.addons.base.models.ir_module: ALLOW access to module.update_list on [] to user __system__ #1 via 127.0.0.1 
2026-06-08 13:34:33,629 6480 INFO kelapa odoo.modules.loading: loading 91 modules... 
2026-06-08 13:34:33,716 6480 INFO kelapa odoo.modules.loading: 91 modules loaded in 0.09s, 0 queries (+0 extra) 
2026-06-08 13:34:33,719 6480 INFO kelapa odoo.modules.loading: loading 98 modules... 
2026-06-08 13:34:33,719 6480 INFO kelapa odoo.modules.loading: Loading module purchase (74/98) 
2026-06-08 13:34:34,091 6480 INFO kelapa odoo.modules.registry: module purchase: creating or updating database tables 
2026-06-08 13:34:34,498 6480 INFO kelapa odoo.models: Prepare computation of product.template.purchase_method 
2026-06-08 13:34:36,058 6480 INFO kelapa odoo.modules.loading: loading purchase/security/purchase_security.xml 
2026-06-08 13:34:36,864 6480 INFO kelapa odoo.modules.loading: loading purchase/security/ir.model.access.csv 
2026-06-08 13:34:36,957 6480 INFO kelapa odoo.modules.loading: loading purchase/data/digest_data.xml 
2026-06-08 13:34:36,995 6480 INFO kelapa odoo.modules.loading: loading purchase/views/account_move_views.xml 
2026-06-08 13:34:37,076 6480 INFO kelapa odoo.modules.loading: loading purchase/data/purchase_data.xml 
2026-06-08 13:34:37,206 6480 INFO kelapa odoo.modules.loading: loading purchase/data/ir_cron_data.xml 
2026-06-08 13:34:37,253 6480 INFO kelapa odoo.modules.loading: loading purchase/report/purchase_reports.xml 
2026-06-08 13:34:37,304 6480 INFO kelapa odoo.modules.loading: loading purchase/views/purchase_views.xml 
2026-06-08 13:34:37,909 6480 INFO kelapa odoo.modules.loading: loading purchase/views/purchase_bill_line_match_views.xml 
2026-06-08 13:34:37,938 6480 INFO kelapa odoo.modules.loading: loading purchase/views/res_config_settings_views.xml 
2026-06-08 13:34:38,012 6480 INFO kelapa odoo.modules.loading: loading purchase/views/product_views.xml 
2026-06-08 13:34:38,208 6480 INFO kelapa odoo.modules.loading: loading purchase/views/res_partner_views.xml 
2026-06-08 13:34:38,351 6480 INFO kelapa odoo.modules.loading: loading purchase/report/purchase_bill_views.xml 
2026-06-08 13:34:38,383 6480 INFO kelapa odoo.modules.loading: loading purchase/report/purchase_report_views.xml 
2026-06-08 13:34:38,455 6480 INFO kelapa odoo.modules.loading: loading purchase/data/mail_templates.xml 
2026-06-08 13:34:38,481 6480 INFO kelapa odoo.modules.loading: loading purchase/data/mail_template_data.xml 
2026-06-08 13:34:38,539 6480 INFO kelapa odoo.modules.loading: loading purchase/views/portal_templates.xml 
2026-06-08 13:34:38,639 6480 INFO kelapa odoo.modules.loading: loading purchase/report/purchase_order_templates.xml 
2026-06-08 13:34:38,681 6480 INFO kelapa odoo.modules.loading: loading purchase/report/purchase_quotation_templates.xml 
2026-06-08 13:34:38,711 6480 INFO kelapa odoo.modules.loading: loading purchase/views/product_packaging_views.xml 
2026-06-08 13:34:38,756 6480 INFO kelapa odoo.modules.loading: loading purchase/views/analytic_account_views.xml 
2026-06-08 13:34:38,790 6480 INFO kelapa odoo.modules.loading: loading purchase/wizard/bill_to_po_wizard_views.xml 
2026-06-08 13:34:38,814 6480 INFO kelapa odoo.modules.loading: loading purchase/data/purchase_tour.xml 
2026-06-08 13:34:38,836 6480 INFO kelapa odoo.modules.loading: Module purchase: loading demo 
2026-06-08 13:34:38,837 6480 INFO kelapa odoo.modules.loading: loading purchase/data/purchase_demo.xml 
2026-06-08 13:34:56,393 6480 INFO kelapa odoo.addons.base.models.ir_module: module purchase: loading translation file c:\odoo\odoo18\server\odoo\addons\purchase\i18n\id.po for language id_ID 
2026-06-08 13:34:56,419 6480 INFO kelapa odoo.tools.translate: loading base translation file c:\odoo\odoo18\server\odoo\addons\purchase\i18n\id.po for language id_ID 
2026-06-08 13:34:57,335 6480 INFO kelapa odoo.modules.loading: Module purchase loaded in 23.62s, 2386 queries (+2387 other) 
2026-06-08 13:34:57,335 6480 INFO kelapa odoo.modules.loading: Loading module coconut_purchase_customization (81/98) 
2026-06-08 13:34:57,657 6480 INFO kelapa odoo.modules.registry: module coconut_purchase_customization: creating or updating database tables 
2026-06-08 13:34:58,028 6480 INFO kelapa odoo.modules.loading: loading coconut_purchase_customization/security/ir.model.access.csv 
2026-06-08 13:34:58,060 6480 INFO kelapa odoo.modules.loading: loading coconut_purchase_customization/security/coconut_security.xml 
2026-06-08 13:34:58,087 6480 INFO kelapa odoo.modules.loading: loading coconut_purchase_customization/data/sequence_data.xml 
2026-06-08 13:34:58,107 6480 INFO kelapa odoo.modules.loading: loading coconut_purchase_customization/data/product_data.xml 
2026-06-08 13:34:58,191 6480 WARNING kelapa odoo.modules.loading: Transient module states were reset 
2026-06-08 13:34:58,192 6480 ERROR kelapa odoo.modules.registry: Failed to load registry 
2026-06-08 13:34:58,207 6480 INFO kelapa odoo.modules.loading: loading 1 modules... 
2026-06-08 13:34:58,221 6480 INFO kelapa odoo.modules.loading: 1 modules loaded in 0.01s, 0 queries (+0 extra) 
2026-06-08 13:34:58,232 6480 INFO kelapa odoo.modules.loading: loading 91 modules... 
2026-06-08 13:34:58,349 6480 INFO kelapa odoo.modules.loading: 91 modules loaded in 0.12s, 0 queries (+0 extra) 
2026-06-08 13:34:58,725 6480 INFO kelapa odoo.modules.loading: Modules loaded. 
2026-06-08 13:34:58,732 6480 INFO kelapa odoo.modules.registry: Registry loaded in 0.539s 
2026-06-08 13:34:58,741 6480 ERROR kelapa odoo.http: Exception during request handling. 
Traceback (most recent call last):
  File "C:\odoo\odoo18\server\odoo\tools\convert.py", line 590, in _tag_root
    f(rec)
  File "C:\odoo\odoo18\server\odoo\tools\convert.py", line 444, in _tag_record
    record = model._load_records([data], self.mode == 'update')
             ^^^^^^^^^^^^^^^^^^^^^^^^^^^^^^^^^^^^^^^^^^^^^^^^^^
  File "C:\odoo\odoo18\server\odoo\models.py", line 5531, in _load_records
    records = self._load_records_create([data['values'] for data in to_create])
              ^^^^^^^^^^^^^^^^^^^^^^^^^^^^^^^^^^^^^^^^^^^^^^^^^^^^^^^^^^^^^^^^^
  File "C:\odoo\odoo18\server\odoo\models.py", line 5435, in _load_records_create
    records = self.create(vals_list)
              ^^^^^^^^^^^^^^^^^^^^^^
  File "<decorator-gen-88>", line 2, in create
  File "C:\odoo\odoo18\server\odoo\api.py", line 498, in _model_create_multi
    return create(self, arg)
           ^^^^^^^^^^^^^^^^^
  File "C:\odoo\odoo18\server\odoo\addons\product\models\product_product.py", line 376, in create
    products = super(ProductProduct, self.with_context(create_product_product=False)).create(vals_list)
               ^^^^^^^^^^^^^^^^^^^^^^^^^^^^^^^^^^^^^^^^^^^^^^^^^^^^^^^^^^^^^^^^^^^^^^^^^^^^^^^^^^^^^^^^
  File "<decorator-gen-51>", line 2, in create
  File "C:\odoo\odoo18\server\odoo\api.py", line 498, in _model_create_multi
    return create(self, arg)
           ^^^^^^^^^^^^^^^^^
  File "C:\odoo\odoo18\server\odoo\addons\mail\models\mail_thread.py", line 294, in create
    threads = super(MailThread, self).create(vals_list)
              ^^^^^^^^^^^^^^^^^^^^^^^^^^^^^^^^^^^^^^^^^
  File "<decorator-gen-0>", line 2, in create
  File "C:\odoo\odoo18\server\odoo\api.py", line 498, in _model_create_multi
    return create(self, arg)
           ^^^^^^^^^^^^^^^^^
  File "C:\odoo\odoo18\server\odoo\models.py", line 5031, in create
    parents = self.env[model_name].create([
              ^^^^^^^^^^^^^^^^^^^^^^^^^^^^^
  File "<decorator-gen-131>", line 2, in create
  File "C:\odoo\odoo18\server\odoo\api.py", line 498, in _model_create_multi
    return create(self, arg)
           ^^^^^^^^^^^^^^^^^
  File "C:\odoo\odoo18\server\odoo\addons\account\models\product.py", line 183, in create
    products = super().create(vals_list)
               ^^^^^^^^^^^^^^^^^^^^^^^^^
  File "<decorator-gen-87>", line 2, in create
  File "C:\odoo\odoo18\server\odoo\api.py", line 498, in _model_create_multi
    return create(self, arg)
           ^^^^^^^^^^^^^^^^^
  File "C:\odoo\odoo18\server\odoo\addons\product\models\product_template.py", line 511, in create
    templates = super(ProductTemplate, self).create(vals_list)
                ^^^^^^^^^^^^^^^^^^^^^^^^^^^^^^^^^^^^^^^^^^^^^^
  File "<decorator-gen-51>", line 2, in create
  File "C:\odoo\odoo18\server\odoo\api.py", line 498, in _model_create_multi
    return create(self, arg)
           ^^^^^^^^^^^^^^^^^
  File "C:\odoo\odoo18\server\odoo\addons\mail\models\mail_thread.py", line 294, in create
    threads = super(MailThread, self).create(vals_list)
              ^^^^^^^^^^^^^^^^^^^^^^^^^^^^^^^^^^^^^^^^^
  File "<decorator-gen-0>", line 2, in create
  File "C:\odoo\odoo18\server\odoo\api.py", line 498, in _model_create_multi
    return create(self, arg)
           ^^^^^^^^^^^^^^^^^
  File "C:\odoo\odoo18\server\odoo\models.py", line 5039, in create
    records = self._create(data_list)
              ^^^^^^^^^^^^^^^^^^^^^^^
  File "C:\odoo\odoo18\server\odoo\models.py", line 5206, in _create
    row.append(field.convert_to_column_insert(stored[fname], self, stored))
               ^^^^^^^^^^^^^^^^^^^^^^^^^^^^^^^^^^^^^^^^^^^^^^^^^^^^^^^^^^^
  File "C:\odoo\odoo18\server\odoo\fields.py", line 994, in convert_to_column_insert
    value = self.convert_to_column(value, record, values, validate)
            ^^^^^^^^^^^^^^^^^^^^^^^^^^^^^^^^^^^^^^^^^^^^^^^^^^^^^^^
  File "C:\odoo\odoo18\server\odoo\fields.py", line 3036, in convert_to_column
    value = self.convert_to_cache(value, record)
            ^^^^^^^^^^^^^^^^^^^^^^^^^^^^^^^^^^^^
  File "C:\odoo\odoo18\server\odoo\fields.py", line 3046, in convert_to_cache
    raise ValueError("Wrong value for %s: %r" % (self, value))
ValueError: Wrong value for product.template.type: 'product'

The above exception was the direct cause of the following exception:

Traceback (most recent call last):
  File "C:\odoo\odoo18\server\odoo\http.py", line 2577, in __call__
    response = request._serve_db()
               ^^^^^^^^^^^^^^^^^^^
  File "C:\odoo\odoo18\server\odoo\http.py", line 2104, in _serve_db
    return self._transactioning(
           ^^^^^^^^^^^^^^^^^^^^^
  File "C:\odoo\odoo18\server\odoo\http.py", line 2167, in _transactioning
    return service_model.retrying(func, env=self.env)
           ^^^^^^^^^^^^^^^^^^^^^^^^^^^^^^^^^^^^^^^^^^
  File "C:\odoo\odoo18\server\odoo\service\model.py", line 157, in retrying
    result = func()
             ^^^^^^
  File "C:\odoo\odoo18\server\odoo\http.py", line 2134, in _serve_ir_http
    response = self.dispatcher.dispatch(rule.endpoint, args)
               ^^^^^^^^^^^^^^^^^^^^^^^^^^^^^^^^^^^^^^^^^^^^^
  File "C:\odoo\odoo18\server\odoo\http.py", line 2382, in dispatch
    result = self.request.registry['ir.http']._dispatch(endpoint)
             ^^^^^^^^^^^^^^^^^^^^^^^^^^^^^^^^^^^^^^^^^^^^^^^^^^^^
  File "C:\odoo\odoo18\server\odoo\addons\base\models\ir_http.py", line 333, in _dispatch
    result = endpoint(**request.params)
             ^^^^^^^^^^^^^^^^^^^^^^^^^^
  File "C:\odoo\odoo18\server\odoo\http.py", line 754, in route_wrapper
    result = endpoint(self, *args, **params_ok)
             ^^^^^^^^^^^^^^^^^^^^^^^^^^^^^^^^^^
  File "C:\odoo\odoo18\server\odoo\addons\web\controllers\dataset.py", line 42, in call_button
    action = call_kw(request.env[model], method, args, kwargs)
             ^^^^^^^^^^^^^^^^^^^^^^^^^^^^^^^^^^^^^^^^^^^^^^^^^
  File "C:\odoo\odoo18\server\odoo\api.py", line 535, in call_kw
    result = getattr(recs, name)(*args, **kwargs)
             ^^^^^^^^^^^^^^^^^^^^^^^^^^^^^^^^^^^^
  File "C:\odoo\odoo18\python\Lib\site-packages\decorator.py", line 232, in fun
    return caller(func, *(extras + args), **kw)
           ^^^^^^^^^^^^^^^^^^^^^^^^^^^^^^^^^^^^
  File "C:\odoo\odoo18\server\odoo\addons\base\models\ir_module.py", line 77, in check_and_log
    return method(self, *args, **kwargs)
           ^^^^^^^^^^^^^^^^^^^^^^^^^^^^^
  File "C:\odoo\odoo18\server\odoo\addons\base\models\ir_module.py", line 500, in button_immediate_install
    return self._button_immediate_function(self.env.registry[self._name].button_install)
           ^^^^^^^^^^^^^^^^^^^^^^^^^^^^^^^^^^^^^^^^^^^^^^^^^^^^^^^^^^^^^^^^^^^^^^^^^^^^^
  File "C:\odoo\odoo18\server\odoo\addons\base\models\ir_module.py", line 624, in _button_immediate_function
    registry = modules.registry.Registry.new(self._cr.dbname, update_module=True)
               ^^^^^^^^^^^^^^^^^^^^^^^^^^^^^^^^^^^^^^^^^^^^^^^^^^^^^^^^^^^^^^^^^^
  File "C:\odoo\odoo18\python\Lib\site-packages\decorator.py", line 232, in fun
    return caller(func, *(extras + args), **kw)
           ^^^^^^^^^^^^^^^^^^^^^^^^^^^^^^^^^^^^
  File "C:\odoo\odoo18\server\odoo\tools\func.py", line 97, in locked
    return func(inst, *args, **kwargs)
           ^^^^^^^^^^^^^^^^^^^^^^^^^^^
  File "C:\odoo\odoo18\server\odoo\modules\registry.py", line 129, in new
    odoo.modules.load_modules(registry, force_demo, status, update_module)
  File "C:\odoo\odoo18\server\odoo\modules\loading.py", line 489, in load_modules
    processed_modules += load_marked_modules(env, graph,
                         ^^^^^^^^^^^^^^^^^^^^^^^^^^^^^^^
  File "C:\odoo\odoo18\server\odoo\modules\loading.py", line 365, in load_marked_modules
    loaded, processed = load_module_graph(
                        ^^^^^^^^^^^^^^^^^^
  File "C:\odoo\odoo18\server\odoo\modules\loading.py", line 228, in load_module_graph
    load_data(env, idref, mode, kind='data', package=package)
  File "C:\odoo\odoo18\server\odoo\modules\loading.py", line 72, in load_data
    tools.convert_file(env, package.name, filename, idref, mode, noupdate, kind)
  File "C:\odoo\odoo18\server\odoo\tools\convert.py", line 662, in convert_file
    convert_xml_import(env, module, fp, idref, mode, noupdate)
  File "C:\odoo\odoo18\server\odoo\tools\convert.py", line 733, in convert_xml_import
    obj.parse(doc.getroot())
  File "C:\odoo\odoo18\server\odoo\tools\convert.py", line 648, in parse
    self._tag_root(de)
  File "C:\odoo\odoo18\server\odoo\tools\convert.py", line 590, in _tag_root
    f(rec)
  File "C:\odoo\odoo18\server\odoo\tools\convert.py", line 603, in _tag_root
    raise ParseError('while parsing %s:%s, somewhere inside\n%s' % (
odoo.tools.convert.ParseError: while parsing file:/c:/odoo/odoo18/server/odoo/addons/coconut_purchase_customization/data/product_data.xml:11, somewhere inside
<record id="product_coconut_machine_cracked" model="product.product">
            <field name="name">Kelapa Cungkil Mesin</field>
            <field name="default_code">RAW-COCO-MACH</field>
            <field name="type">product</field>
            <field name="categ_id" ref="coconut_raw_material_category"/>
            <field name="uom_id" ref="uom.product_uom_kgm"/>
            <field name="uom_po_id" ref="uom.product_uom_kgm"/>
            <field name="purchase_ok" eval="True"/>
            <field name="sale_ok" eval="False"/>
            <field name="description">Kelapa yang sudah dicungkil menggunakan mesin. Bahan baku untuk pengolahan lebih lanjut.</field>
            <field name="standard_price">0.0</field>
            <field name="list_price">0.0</field>
        </record>
2026-06-08 13:34:58,749 6480 INFO kelapa werkzeug: 127.0.0.1 - - [08/Jun/2026 13:34:58] "POST /web/dataset/call_button/ir.module.module/button_immediate_install HTTP/1.1" 200 - 4384 5.351 21.763
2026-06-08 13:35:04,059 6480 INFO kelapa odoo.addons.base.models.ir_cron: Job 'Purchase reminder' (63) starting 
2026-06-08 13:35:04,064 6480 ERROR kelapa odoo.addons.base.models.ir_cron: Job 'Purchase reminder' (63) server action #1245 failed 
Traceback (most recent call last):
  File "C:\odoo\odoo18\server\odoo\addons\base\models\ir_cron.py", line 570, in _callback
    self.env['ir.actions.server'].browse(server_action_id).run()
  File "C:\odoo\odoo18\server\odoo\addons\base\models\ir_actions.py", line 970, in run
    self.env[model_name].check_access("write")
    ~~~~~~~~^^^^^^^^^^^^
  File "C:\odoo\odoo18\server\odoo\api.py", line 614, in __getitem__
    return self.registry[model_name](self, (), ())
           ~~~~~~~~~~~~~^^^^^^^^^^^^
  File "C:\odoo\odoo18\server\odoo\modules\registry.py", line 244, in __getitem__
    return self.models[model_name]
           ~~~~~~~~~~~^^^^^^^^^^^^
KeyError: 'purchase.order'
2026-06-08 13:35:04,110 6480 INFO kelapa odoo.addons.base.models.ir_cron: Job 'Purchase reminder' (63) processed 0 records, 0 records remaining 
2026-06-08 13:35:04,129 6480 INFO kelapa odoo.addons.base.models.ir_cron: Job 'Purchase reminder' (63) completed 
2026-06-08 13:37:33,197 12592 INFO ? odoo: Odoo version 18.0-20260415 
2026-06-08 13:37:33,197 12592 INFO ? odoo: Using configuration file at c:\odoo\odoo.conf 
2026-06-08 13:37:33,197 12592 INFO ? odoo: addons paths: ['C:\\odoo\\odoo18\\server\\odoo\\addons', 'c:\\odoo\\odoo18\\sessions\\addons\\18.0', 'c:\\odoo\\odoo18\\server\\odoo\\addons'] 
2026-06-08 13:37:33,197 12592 INFO ? odoo: database: openpg@localhost:5432 
2026-06-08 13:37:33,434 12592 INFO ? odoo.addons.base.models.ir_actions_report: Will use the Wkhtmltopdf binary at C:\Program Files\wkhtmltopdf\bin\wkhtmltopdf.exe 
2026-06-08 13:37:33,467 12592 INFO ? odoo.addons.base.models.ir_actions_report: Will use the Wkhtmltoimage binary at C:\Program Files\wkhtmltopdf\bin\wkhtmltoimage.exe 
2026-06-08 13:37:33,927 12592 INFO ? odoo.service.server: Initiating shutdown 
2026-06-08 13:37:33,927 12592 INFO ? odoo.service.server: Hit CTRL-C again or send a second signal to force the shutdown. 
2026-06-08 13:38:54,759 6480 INFO kelapa odoo.addons.base.models.ir_http: Generating routing map for key None 
2026-06-08 13:38:55,377 6480 ERROR kelapa odoo.addons.base.models.ir_model: Missing model purchase.order 
2026-06-08 13:38:55,395 6480 ERROR kelapa odoo.addons.base.models.ir_model: Missing model purchase.order 
2026-06-08 13:38:55,413 6480 ERROR kelapa odoo.addons.base.models.ir_model: Missing model purchase.report 
2026-06-08 13:38:57,716 6480 INFO kelapa werkzeug: 127.0.0.1 - - [08/Jun/2026 13:38:57] "GET /odoo/apps?debug=1 HTTP/1.1" 200 - 114 0.192 2.769
2026-06-08 13:38:57,964 6480 INFO kelapa werkzeug: 127.0.0.1 - - [08/Jun/2026 13:38:57] "GET /web/manifest.webmanifest HTTP/1.1" 200 - 9 0.015 0.012
2026-06-08 13:38:58,179 6480 INFO kelapa werkzeug: 127.0.0.1 - - [08/Jun/2026 13:38:58] "GET /web/webclient/load_menus/682f2e1076d52b39af7221c018192f8e6502978991972f6fab61652227046ad3 HTTP/1.1" 200 - 235 0.213 0.227
2026-06-08 13:38:58,371 6480 INFO kelapa werkzeug: 127.0.0.1 - - [08/Jun/2026 13:38:58] "POST /web/action/load HTTP/1.1" 200 - 11 0.024 0.014
2026-06-08 13:38:58,476 6480 ERROR kelapa odoo.http: Exception during request handling. 
Traceback (most recent call last):
  File "C:\odoo\odoo18\server\odoo\http.py", line 2577, in __call__
    response = request._serve_db()
               ^^^^^^^^^^^^^^^^^^^
  File "C:\odoo\odoo18\server\odoo\http.py", line 2104, in _serve_db
    return self._transactioning(
           ^^^^^^^^^^^^^^^^^^^^^
  File "C:\odoo\odoo18\server\odoo\http.py", line 2167, in _transactioning
    return service_model.retrying(func, env=self.env)
           ^^^^^^^^^^^^^^^^^^^^^^^^^^^^^^^^^^^^^^^^^^
  File "C:\odoo\odoo18\server\odoo\service\model.py", line 157, in retrying
    result = func()
             ^^^^^^
  File "C:\odoo\odoo18\server\odoo\http.py", line 2134, in _serve_ir_http
    response = self.dispatcher.dispatch(rule.endpoint, args)
               ^^^^^^^^^^^^^^^^^^^^^^^^^^^^^^^^^^^^^^^^^^^^^
  File "C:\odoo\odoo18\server\odoo\http.py", line 2382, in dispatch
    result = self.request.registry['ir.http']._dispatch(endpoint)
             ^^^^^^^^^^^^^^^^^^^^^^^^^^^^^^^^^^^^^^^^^^^^^^^^^^^^
  File "C:\odoo\odoo18\server\odoo\addons\base\models\ir_http.py", line 333, in _dispatch
    result = endpoint(**request.params)
             ^^^^^^^^^^^^^^^^^^^^^^^^^^
  File "C:\odoo\odoo18\server\odoo\http.py", line 754, in route_wrapper
    result = endpoint(self, *args, **params_ok)
             ^^^^^^^^^^^^^^^^^^^^^^^^^^^^^^^^^^
  File "C:\odoo\odoo18\server\odoo\addons\mail\models\discuss\mail_guest.py", line 38, in wrapper
    return func(self, *args, **kwargs)
           ^^^^^^^^^^^^^^^^^^^^^^^^^^^
  File "C:\odoo\odoo18\server\odoo\addons\mail\controllers\webclient.py", line 30, in mail_data
    return self._process_request(**kwargs)
           ^^^^^^^^^^^^^^^^^^^^^^^^^^^^^^^
  File "C:\odoo\odoo18\server\odoo\addons\mail\controllers\webclient.py", line 39, in _process_request
    self._process_request_for_internal_user(store, **kwargs)
  File "C:\odoo\odoo18\server\odoo\addons\mail\controllers\webclient.py", line 98, in _process_request_for_internal_user
    groups = request.env["res.users"]._get_activity_groups()
             ^^^^^^^^^^^^^^^^^^^^^^^^^^^^^^^^^^^^^^^^^^^^^^^
  File "C:\odoo\odoo18\server\odoo\addons\contacts\models\res_users.py", line 15, in _get_activity_groups
    activities = super()._get_activity_groups()
                 ^^^^^^^^^^^^^^^^^^^^^^^^^^^^^^
  File "C:\odoo\odoo18\server\odoo\addons\calendar\models\res_users.py", line 162, in _get_activity_groups
    res = super()._get_activity_groups()
          ^^^^^^^^^^^^^^^^^^^^^^^^^^^^^^
  File "C:\odoo\odoo18\server\odoo\addons\mail\models\res_users.py", line 330, in _get_activity_groups
    record = self.env[activity.res_model].browse(activity.res_id)
             ~~~~~~~~^^^^^^^^^^^^^^^^^^^^
  File "C:\odoo\odoo18\server\odoo\api.py", line 614, in __getitem__
    return self.registry[model_name](self, (), ())
           ~~~~~~~~~~~~~^^^^^^^^^^^^
  File "C:\odoo\odoo18\server\odoo\modules\registry.py", line 244, in __getitem__
    return self.models[model_name]
           ~~~~~~~~~~~^^^^^^^^^^^^
KeyError: 'purchase.order'
2026-06-08 13:38:58,478 6480 INFO kelapa werkzeug: 127.0.0.1 - - [08/Jun/2026 13:38:58] "POST /mail/data HTTP/1.1" 200 - 35 0.042 0.135
2026-06-08 13:38:58,613 6480 INFO kelapa werkzeug: 127.0.0.1 - - [08/Jun/2026 13:38:58] "GET /web/image?model=res.users&field=avatar_128&id=2 HTTP/1.1" 304 - 9 0.016 0.028
2026-06-08 13:38:58,632 6480 INFO kelapa werkzeug: 127.0.0.1 - - [08/Jun/2026 13:38:58] "GET /web/image/res.partner/3/avatar_128?unique=1780900471000 HTTP/1.1" 200 - 8 0.040 0.021
2026-06-08 13:38:58,706 6480 INFO kelapa werkzeug: 127.0.0.1 - - [08/Jun/2026 13:38:58] "GET /bus/websocket_worker_bundle?v=18.0-7 HTTP/1.1" 304 - 4 0.007 0.009
2026-06-08 13:38:58,712 6480 INFO kelapa werkzeug: 127.0.0.1 - - [08/Jun/2026 13:38:58] "POST /web/dataset/call_kw/ir.module.module/get_views HTTP/1.1" 200 - 56 0.065 0.079
2026-06-08 13:38:59,048 6480 INFO kelapa werkzeug: 127.0.0.1 - - [08/Jun/2026 13:38:59] "POST /web/dataset/call_kw/ir.module.module/search_panel_select_range HTTP/1.1" 200 - 1 0.001 0.016
2026-06-08 13:38:59,060 6480 INFO kelapa werkzeug: 127.0.0.1 - - [08/Jun/2026 13:38:59] "GET /websocket?version=18.0-7 HTTP/1.1" 101 - 1 0.001 0.024
2026-06-08 13:38:59,137 6480 INFO kelapa werkzeug: 127.0.0.1 - - [08/Jun/2026 13:38:59] "POST /web/dataset/call_kw/ir.module.module/search_panel_select_range HTTP/1.1" 200 - 63 0.067 0.036
2026-06-08 13:38:59,153 6480 INFO kelapa werkzeug: 127.0.0.1 - - [08/Jun/2026 13:38:59] "POST /web/dataset/call_kw/ir.module.module/web_search_read HTTP/1.1" 200 - 4 0.010 0.110
2026-06-08 13:39:00,962 6480 INFO kelapa werkzeug: 127.0.0.1 - - [08/Jun/2026 13:39:00] "GET /web/service-worker.js HTTP/1.1" 200 - 1 0.000 0.005
2026-06-08 13:39:01,976 6480 INFO kelapa werkzeug: 127.0.0.1 - - [08/Jun/2026 13:39:01] "POST /web/action/load HTTP/1.1" 200 - 9 0.008 0.013
2026-06-08 13:39:02,236 6480 INFO kelapa werkzeug: 127.0.0.1 - - [08/Jun/2026 13:39:02] "POST /web/dataset/call_kw/base.module.update/get_views HTTP/1.1" 200 - 12 0.013 0.020
2026-06-08 13:39:02,305 6480 INFO kelapa werkzeug: 127.0.0.1 - - [08/Jun/2026 13:39:02] "POST /web/dataset/call_kw/base.module.update/onchange HTTP/1.1" 200 - 2 0.004 0.006
2026-06-08 13:39:03,721 6480 INFO kelapa werkzeug: 127.0.0.1 - - [08/Jun/2026 13:39:03] "POST /web/dataset/call_kw/base.module.update/web_save HTTP/1.1" 200 - 5 0.006 0.017
2026-06-08 13:39:04,044 6480 INFO kelapa odoo.addons.base.models.ir_module: ALLOW access to module.update_list on [] to user tameladian@gmail.com #2 via 127.0.0.1 
2026-06-08 13:39:05,967 6480 INFO kelapa werkzeug: 127.0.0.1 - - [08/Jun/2026 13:39:05] "POST /web/dataset/call_button/base.module.update/update_module HTTP/1.1" 200 - 1753 1.158 0.771
2026-06-08 13:39:11,335 6480 INFO kelapa werkzeug: 127.0.0.1 - - [08/Jun/2026 13:39:11] "POST /web/dataset/call_kw/ir.module.module/search_panel_select_range HTTP/1.1" 200 - 61 1.298 0.054
2026-06-08 13:39:11,733 6480 INFO kelapa werkzeug: 127.0.0.1 - - [08/Jun/2026 13:39:11] "POST /web/dataset/call_kw/ir.module.module/web_search_read HTTP/1.1" 200 - 2 0.077 0.008
2026-06-08 13:39:12,466 6480 INFO kelapa werkzeug: 127.0.0.1 - - [08/Jun/2026 13:39:12] "POST /web/dataset/call_kw/ir.module.module/search_panel_select_range HTTP/1.1" 200 - 61 0.034 0.032
2026-06-08 13:39:12,846 6480 INFO kelapa werkzeug: 127.0.0.1 - - [08/Jun/2026 13:39:12] "POST /web/dataset/call_kw/ir.module.module/web_search_read HTTP/1.1" 200 - 3 0.005 0.055
2026-06-08 13:39:18,203 6480 INFO kelapa werkzeug: 127.0.0.1 - - [08/Jun/2026 13:39:18] "POST /web/dataset/call_kw/ir.module.module/search_panel_select_range HTTP/1.1" 200 - 61 0.053 0.035
2026-06-08 13:39:18,536 6480 INFO kelapa werkzeug: 127.0.0.1 - - [08/Jun/2026 13:39:18] "POST /web/dataset/call_kw/ir.module.module/web_search_read HTTP/1.1" 200 - 3 0.004 0.014
2026-06-08 13:39:22,532 6480 INFO kelapa odoo.addons.base.models.ir_module: ALLOW access to module.button_immediate_install on ['Coconut Purchase Customization'] to user tameladian@gmail.com #2 via 127.0.0.1 
2026-06-08 13:39:22,533 6480 INFO kelapa odoo.addons.base.models.ir_module: User #2 triggered module installation 
2026-06-08 13:39:22,535 6480 INFO kelapa odoo.addons.base.models.ir_module: ALLOW access to module.button_install on ['Coconut Purchase Customization'] to user tameladian@gmail.com #2 via 127.0.0.1 
2026-06-08 13:39:22,931 6480 INFO kelapa odoo.modules.loading: loading 1 modules... 
2026-06-08 13:39:22,971 6480 INFO kelapa odoo.modules.loading: 1 modules loaded in 0.04s, 0 queries (+0 extra) 
2026-06-08 13:39:23,103 6480 INFO kelapa odoo.modules.loading: updating modules list 
2026-06-08 13:39:23,107 6480 INFO kelapa odoo.addons.base.models.ir_module: ALLOW access to module.update_list on [] to user __system__ #1 via 127.0.0.1 
2026-06-08 13:39:26,059 6480 INFO kelapa odoo.modules.loading: loading 91 modules... 
2026-06-08 13:39:26,186 6480 INFO kelapa odoo.modules.loading: 91 modules loaded in 0.13s, 0 queries (+0 extra) 
2026-06-08 13:39:26,189 6480 INFO kelapa odoo.modules.loading: loading 98 modules... 
2026-06-08 13:39:26,190 6480 INFO kelapa odoo.modules.loading: Loading module purchase (74/98) 
2026-06-08 13:39:26,606 6480 INFO kelapa odoo.modules.registry: module purchase: creating or updating database tables 
2026-06-08 13:39:27,330 6480 INFO kelapa odoo.modules.loading: loading purchase/security/purchase_security.xml 
2026-06-08 13:39:27,716 6480 INFO kelapa odoo.modules.loading: loading purchase/security/ir.model.access.csv 
2026-06-08 13:39:27,843 6480 INFO kelapa odoo.modules.loading: loading purchase/data/digest_data.xml 
2026-06-08 13:39:27,865 6480 INFO kelapa odoo.modules.loading: loading purchase/views/account_move_views.xml 
2026-06-08 13:39:27,972 6480 INFO kelapa odoo.modules.loading: loading purchase/data/purchase_data.xml 
2026-06-08 13:39:27,999 6480 INFO kelapa odoo.modules.loading: loading purchase/data/ir_cron_data.xml 
2026-06-08 13:39:28,019 6480 INFO kelapa odoo.modules.loading: loading purchase/report/purchase_reports.xml 
2026-06-08 13:39:28,029 6480 INFO kelapa odoo.modules.loading: loading purchase/views/purchase_views.xml 
2026-06-08 13:39:28,415 6480 INFO kelapa odoo.models.unlink: User #1 deleted ir.actions.act_window.view records with IDs: [327, 328] 
2026-06-08 13:39:28,553 6480 INFO kelapa odoo.modules.loading: loading purchase/views/purchase_bill_line_match_views.xml 
2026-06-08 13:39:28,572 6480 INFO kelapa odoo.modules.loading: loading purchase/views/res_config_settings_views.xml 
2026-06-08 13:39:28,683 6480 INFO kelapa odoo.modules.loading: loading purchase/views/product_views.xml 
2026-06-08 13:39:28,946 6480 INFO kelapa odoo.modules.loading: loading purchase/views/res_partner_views.xml 
2026-06-08 13:39:29,054 6480 INFO kelapa odoo.models.unlink: User #1 deleted ir.actions.act_window.view records with IDs: [329, 330] 
2026-06-08 13:39:29,219 6480 INFO kelapa odoo.modules.loading: loading purchase/report/purchase_bill_views.xml 
2026-06-08 13:39:29,242 6480 INFO kelapa odoo.modules.loading: loading purchase/report/purchase_report_views.xml 
2026-06-08 13:39:29,309 6480 INFO kelapa odoo.modules.loading: loading purchase/data/mail_templates.xml 
2026-06-08 13:39:29,333 6480 INFO kelapa odoo.modules.loading: loading purchase/data/mail_template_data.xml 
2026-06-08 13:39:29,364 6480 INFO kelapa odoo.modules.loading: loading purchase/views/portal_templates.xml 
2026-06-08 13:39:29,491 6480 INFO kelapa odoo.modules.loading: loading purchase/report/purchase_order_templates.xml 
2026-06-08 13:39:29,532 6480 INFO kelapa odoo.modules.loading: loading purchase/report/purchase_quotation_templates.xml 
2026-06-08 13:39:29,556 6480 INFO kelapa odoo.modules.loading: loading purchase/views/product_packaging_views.xml 
2026-06-08 13:39:29,598 6480 INFO kelapa odoo.modules.loading: loading purchase/views/analytic_account_views.xml 
2026-06-08 13:39:29,626 6480 INFO kelapa odoo.modules.loading: loading purchase/wizard/bill_to_po_wizard_views.xml 
2026-06-08 13:39:29,641 6480 INFO kelapa odoo.modules.loading: loading purchase/data/purchase_tour.xml 
2026-06-08 13:39:29,647 6480 INFO kelapa odoo.modules.loading: Module purchase: loading demo 
2026-06-08 13:39:29,648 6480 INFO kelapa odoo.modules.loading: loading purchase/data/purchase_demo.xml 
2026-06-08 13:39:29,931 6480 INFO kelapa odoo.models.unlink: User #1 deleted purchase.order.line records with IDs: [1, 2, 3] 
2026-06-08 13:39:30,145 6480 INFO kelapa odoo.models.unlink: User #1 deleted purchase.order.line records with IDs: [4, 5] 
2026-06-08 13:39:30,312 6480 INFO kelapa odoo.models.unlink: User #1 deleted purchase.order.line records with IDs: [6] 
2026-06-08 13:39:30,446 6480 INFO kelapa odoo.models.unlink: User #1 deleted purchase.order.line records with IDs: [7, 8, 9] 
2026-06-08 13:39:30,632 6480 INFO kelapa odoo.models.unlink: User #1 deleted purchase.order.line records with IDs: [10, 11] 
2026-06-08 13:39:30,802 6480 INFO kelapa odoo.models.unlink: User #1 deleted purchase.order.line records with IDs: [12, 13, 14] 
2026-06-08 13:39:30,982 6480 INFO kelapa odoo.models.unlink: User #1 deleted purchase.order.line records with IDs: [15, 16] 
2026-06-08 13:39:31,066 6480 WARNING kelapa odoo.modules.loading: Module purchase demo data failed to install, installed without demo data 
Traceback (most recent call last):
  File "C:\odoo\odoo18\server\odoo\tools\convert.py", line 590, in _tag_root
    f(rec)
  File "C:\odoo\odoo18\server\odoo\tools\convert.py", line 444, in _tag_record
    record = model._load_records([data], self.mode == 'update')
             ^^^^^^^^^^^^^^^^^^^^^^^^^^^^^^^^^^^^^^^^^^^^^^^^^^
  File "C:\odoo\odoo18\server\odoo\models.py", line 5508, in _load_records
    data['record']._load_records_write(data['values'])
  File "C:\odoo\odoo18\server\odoo\models.py", line 5426, in _load_records_write
    self.write(values)
  File "C:\odoo\odoo18\server\odoo\addons\purchase\models\purchase_order.py", line 269, in write
    res = super().write(vals)
          ^^^^^^^^^^^^^^^^^^^
  File "C:\odoo\odoo18\server\odoo\addons\mail\models\mail_thread.py", line 357, in write
    result = super(MailThread, self).write(values)
             ^^^^^^^^^^^^^^^^^^^^^^^^^^^^^^^^^^^^^
  File "C:\odoo\odoo18\server\odoo\addons\mail\models\mail_activity_mixin.py", line 243, in write
    return super(MailActivityMixin, self).write(vals)
           ^^^^^^^^^^^^^^^^^^^^^^^^^^^^^^^^^^^^^^^^^^
  File "C:\odoo\odoo18\server\odoo\models.py", line 4813, in write
    field.write(self, value)
  File "C:\odoo\odoo18\server\odoo\fields.py", line 4563, in write
    self.write_batch([(records, value)])
  File "C:\odoo\odoo18\server\odoo\fields.py", line 4584, in write_batch
    self.write_real(records_commands_list, create)
  File "C:\odoo\odoo18\server\odoo\fields.py", line 4780, in write_real
    flush()
  File "C:\odoo\odoo18\server\odoo\fields.py", line 4731, in flush
    comodel.browse(to_delete).unlink()
  File "C:\odoo\odoo18\server\odoo\models.py", line 4552, in unlink
    func(self)
  File "C:\odoo\odoo18\server\odoo\addons\purchase\models\purchase_order_line.py", line 231, in _unlink_except_purchase_or_done
    raise UserError(_('Cannot delete a purchase order line which is in state “%s”.', state_description.get(line.state)))
odoo.exceptions.UserError: Tidak dapat menghapus baris pesanan purchase yang dalam status “Purchase Order”.

The above exception was the direct cause of the following exception:

Traceback (most recent call last):
  File "C:\odoo\odoo18\server\odoo\modules\loading.py", line 90, in load_demo
    load_data(env(su=True), idref, mode, kind='demo', package=package)
  File "C:\odoo\odoo18\server\odoo\modules\loading.py", line 72, in load_data
    tools.convert_file(env, package.name, filename, idref, mode, noupdate, kind)
  File "C:\odoo\odoo18\server\odoo\tools\convert.py", line 662, in convert_file
    convert_xml_import(env, module, fp, idref, mode, noupdate)
  File "C:\odoo\odoo18\server\odoo\tools\convert.py", line 733, in convert_xml_import
    obj.parse(doc.getroot())
  File "C:\odoo\odoo18\server\odoo\tools\convert.py", line 648, in parse
    self._tag_root(de)
  File "C:\odoo\odoo18\server\odoo\tools\convert.py", line 590, in _tag_root
    f(rec)
  File "C:\odoo\odoo18\server\odoo\tools\convert.py", line 603, in _tag_root
    raise ParseError('while parsing %s:%s, somewhere inside\n%s' % (
odoo.tools.convert.ParseError: while parsing file:/c:/odoo/odoo18/server/odoo/addons/purchase/data/purchase_demo.xml:193, somewhere inside
<record id="purchase_order_8" model="purchase.order">
            <field name="partner_id" ref="base.res_partner_1"/>
            <field name="user_id" ref="base.user_admin"/>
            <field name="state">purchase</field>
            <field name="create_date" eval="DateTime.today() - relativedelta(days=20)"/>
            <field name="date_order" eval="DateTime.today() - relativedelta(days=5)"/>
            <field name="date_approve" eval="DateTime.today() - relativedelta(days=9)"/>
            <field name="order_line" model="purchase.order.line" eval="[(5, 0, 0),                 (0, 0, {                     'product_id': ref('product.product_product_16'),                     'name': 'Drawer Black',                     'price_unit': 280.80,                     'product_qty': 15.0,                     'product_uom': ref('uom.product_uom_dozen'),                     'date_planned': time.strftime('%Y-%m-%d')}),                 (0, 0, {                     'product_id': ref('product.product_product_20'),                     'name': 'Flipover',                     'price_unit': 450.70,                     'product_qty': 5.0,                     'product_uom': ref('uom.product_uom_dozen'),                     'date_planned': time.strftime('%Y-%m-%d')})             ]"/>
        </record>
2026-06-08 13:39:31,159 6480 INFO kelapa odoo.addons.base.models.ir_module: module purchase: loading translation file c:\odoo\odoo18\server\odoo\addons\purchase\i18n\id.po for language id_ID 
2026-06-08 13:39:31,160 6480 INFO kelapa odoo.tools.translate: loading base translation file c:\odoo\odoo18\server\odoo\addons\purchase\i18n\id.po for language id_ID 
2026-06-08 13:39:31,304 6480 WARNING kelapa odoo.modules.loading: Transient module states were reset 
2026-06-08 13:39:31,306 6480 ERROR kelapa odoo.modules.registry: Failed to load registry 
2026-06-08 13:39:31,316 6480 INFO kelapa odoo.modules.loading: loading 1 modules... 
2026-06-08 13:39:31,327 6480 INFO kelapa odoo.modules.loading: 1 modules loaded in 0.01s, 0 queries (+0 extra) 
2026-06-08 13:39:31,345 6480 INFO kelapa odoo.modules.loading: loading 91 modules... 
2026-06-08 13:39:31,739 6480 INFO kelapa odoo.modules.loading: 91 modules loaded in 0.39s, 0 queries (+0 extra) 
2026-06-08 13:39:32,154 6480 INFO kelapa odoo.modules.loading: Modules loaded. 
2026-06-08 13:39:32,160 6480 INFO kelapa odoo.modules.registry: Registry loaded in 0.855s 
2026-06-08 13:39:32,290 6480 WARNING kelapa odoo.http: Record does not exist or has been deleted.
(Record: purchase.order.line(36,), User: 1) 
2026-06-08 13:39:32,291 6480 INFO kelapa werkzeug: 127.0.0.1 - - [08/Jun/2026 13:39:32] "POST /web/dataset/call_button/ir.module.module/button_immediate_install HTTP/1.1" 200 - 4043 4.124 5.653
2026-06-08 13:40:33,945 24788 INFO ? odoo: Odoo version 18.0-20260415 
2026-06-08 13:40:33,946 24788 INFO ? odoo: Using configuration file at C:\odoo\odoo.conf 
2026-06-08 13:40:33,946 24788 INFO ? odoo: addons paths: ['C:\\odoo\\odoo18\\server\\odoo\\addons', 'c:\\odoo\\odoo18\\sessions\\addons\\18.0', 'c:\\odoo\\odoo18\\server\\odoo\\addons'] 
2026-06-08 13:40:33,946 24788 INFO ? odoo: database: openpg@localhost:5432 
2026-06-08 13:40:34,422 24788 INFO ? odoo.addons.base.models.ir_actions_report: Will use the Wkhtmltopdf binary at C:\Program Files\wkhtmltopdf\bin\wkhtmltopdf.exe 
2026-06-08 13:40:34,452 24788 INFO ? odoo.addons.base.models.ir_actions_report: Will use the Wkhtmltoimage binary at C:\Program Files\wkhtmltopdf\bin\wkhtmltoimage.exe 
2026-06-08 13:40:34,997 24788 INFO ? odoo.service.server: HTTP service (werkzeug) running on DIANTAMELA:8069 
2026-06-08 13:40:41,293 6480 INFO kelapa odoo.addons.base.models.ir_http: Generating routing map for key None 
2026-06-08 13:40:41,347 6480 INFO kelapa werkzeug: 127.0.0.1 - - [08/Jun/2026 13:40:41] "GET / HTTP/1.1" 303 - 5 0.015 0.111
2026-06-08 13:40:41,551 6480 INFO kelapa werkzeug: 127.0.0.1 - - [08/Jun/2026 13:40:41] "GET /odoo HTTP/1.1" 303 - 2 0.007 0.057
2026-06-08 13:40:42,241 6480 INFO kelapa werkzeug: 127.0.0.1 - - [08/Jun/2026 13:40:42] "GET /web/login?redirect=/odoo? HTTP/1.1" 200 - 62 0.060 0.523
2026-06-08 13:40:42,654 6480 INFO kelapa werkzeug: 127.0.0.1 - - [08/Jun/2026 13:40:42] "GET /web/binary/company_logo HTTP/1.1" 200 - 3 0.011 0.059
2026-06-08 13:40:55,002 6480 INFO kelapa odoo.addons.base.models.assetsbundle: Generating a new asset bundle attachment /web/assets/d15e9ec/web.assets_frontend.min.css (id:2381) 
2026-06-08 13:40:55,004 6480 INFO kelapa odoo.addons.base.models.assetsbundle: Deleting attachments [2362] (matching /web/assets/_______/web.assets_frontend.min.css) because it was replaced with /web/assets/d15e9ec/web.assets_frontend.min.css 
2026-06-08 13:40:55,029 6480 INFO kelapa werkzeug: 127.0.0.1 - - [08/Jun/2026 13:40:55] "GET /web/assets/d15e9ec/web.assets_frontend.min.css HTTP/1.1" 200 - 15 0.057 12.710
2026-06-08 13:40:57,366 6480 ERROR kelapa odoo.addons.base.models.ir_model: Missing model purchase.order 
2026-06-08 13:40:57,374 6480 ERROR kelapa odoo.addons.base.models.ir_model: Missing model purchase.order 
2026-06-08 13:40:57,382 6480 ERROR kelapa odoo.addons.base.models.ir_model: Missing model purchase.report 
2026-06-08 13:40:58,979 6480 INFO kelapa werkzeug: 127.0.0.1 - - [08/Jun/2026 13:40:58] "GET /odoo/apps?debug=1 HTTP/1.1" 200 - 103 0.089 1.562
2026-06-08 13:40:59,133 6480 INFO kelapa werkzeug: 127.0.0.1 - - [08/Jun/2026 13:40:59] "GET /web/manifest.webmanifest HTTP/1.1" 200 - 9 0.005 0.015
2026-06-08 13:40:59,172 6480 INFO kelapa werkzeug: 127.0.0.1 - - [08/Jun/2026 13:40:59] "GET /bus/websocket_worker_bundle?v=18.0-7 HTTP/1.1" 304 - 4 0.005 0.007
2026-06-08 13:40:59,614 6480 INFO kelapa werkzeug: 127.0.0.1 - - [08/Jun/2026 13:40:59] "POST /web/action/load HTTP/1.1" 200 - 11 0.033 0.015
2026-06-08 13:40:59,622 6480 INFO kelapa werkzeug: 127.0.0.1 - - [08/Jun/2026 13:40:59] "GET /web/image?model=res.users&field=avatar_128&id=2 HTTP/1.1" 304 - 9 0.023 0.031
2026-06-08 13:40:59,623 6480 INFO kelapa werkzeug: 127.0.0.1 - - [08/Jun/2026 13:40:59] "GET /websocket?version=18.0-7 HTTP/1.1" 101 - 1 0.002 0.038
2026-06-08 13:40:59,668 6480 ERROR kelapa odoo.http: Exception during request handling. 
Traceback (most recent call last):
  File "C:\odoo\odoo18\server\odoo\http.py", line 2577, in __call__
    response = request._serve_db()
               ^^^^^^^^^^^^^^^^^^^
  File "C:\odoo\odoo18\server\odoo\http.py", line 2104, in _serve_db
    return self._transactioning(
           ^^^^^^^^^^^^^^^^^^^^^
  File "C:\odoo\odoo18\server\odoo\http.py", line 2167, in _transactioning
    return service_model.retrying(func, env=self.env)
           ^^^^^^^^^^^^^^^^^^^^^^^^^^^^^^^^^^^^^^^^^^
  File "C:\odoo\odoo18\server\odoo\service\model.py", line 157, in retrying
    result = func()
             ^^^^^^
  File "C:\odoo\odoo18\server\odoo\http.py", line 2134, in _serve_ir_http
    response = self.dispatcher.dispatch(rule.endpoint, args)
               ^^^^^^^^^^^^^^^^^^^^^^^^^^^^^^^^^^^^^^^^^^^^^
  File "C:\odoo\odoo18\server\odoo\http.py", line 2382, in dispatch
    result = self.request.registry['ir.http']._dispatch(endpoint)
             ^^^^^^^^^^^^^^^^^^^^^^^^^^^^^^^^^^^^^^^^^^^^^^^^^^^^
  File "C:\odoo\odoo18\server\odoo\addons\base\models\ir_http.py", line 333, in _dispatch
    result = endpoint(**request.params)
             ^^^^^^^^^^^^^^^^^^^^^^^^^^
  File "C:\odoo\odoo18\server\odoo\http.py", line 754, in route_wrapper
    result = endpoint(self, *args, **params_ok)
             ^^^^^^^^^^^^^^^^^^^^^^^^^^^^^^^^^^
  File "C:\odoo\odoo18\server\odoo\addons\mail\models\discuss\mail_guest.py", line 38, in wrapper
    return func(self, *args, **kwargs)
           ^^^^^^^^^^^^^^^^^^^^^^^^^^^
  File "C:\odoo\odoo18\server\odoo\addons\mail\controllers\webclient.py", line 30, in mail_data
    return self._process_request(**kwargs)
           ^^^^^^^^^^^^^^^^^^^^^^^^^^^^^^^
  File "C:\odoo\odoo18\server\odoo\addons\mail\controllers\webclient.py", line 39, in _process_request
    self._process_request_for_internal_user(store, **kwargs)
  File "C:\odoo\odoo18\server\odoo\addons\mail\controllers\webclient.py", line 98, in _process_request_for_internal_user
    groups = request.env["res.users"]._get_activity_groups()
             ^^^^^^^^^^^^^^^^^^^^^^^^^^^^^^^^^^^^^^^^^^^^^^^
  File "C:\odoo\odoo18\server\odoo\addons\contacts\models\res_users.py", line 15, in _get_activity_groups
    activities = super()._get_activity_groups()
                 ^^^^^^^^^^^^^^^^^^^^^^^^^^^^^^
  File "C:\odoo\odoo18\server\odoo\addons\calendar\models\res_users.py", line 162, in _get_activity_groups
    res = super()._get_activity_groups()
          ^^^^^^^^^^^^^^^^^^^^^^^^^^^^^^
  File "C:\odoo\odoo18\server\odoo\addons\mail\models\res_users.py", line 330, in _get_activity_groups
    record = self.env[activity.res_model].browse(activity.res_id)
             ~~~~~~~~^^^^^^^^^^^^^^^^^^^^
  File "C:\odoo\odoo18\server\odoo\api.py", line 614, in __getitem__
    return self.registry[model_name](self, (), ())
           ~~~~~~~~~~~~~^^^^^^^^^^^^
  File "C:\odoo\odoo18\server\odoo\modules\registry.py", line 244, in __getitem__
    return self.models[model_name]
           ~~~~~~~~~~~^^^^^^^^^^^^
KeyError: 'purchase.order'
2026-06-08 13:40:59,670 6480 INFO kelapa werkzeug: 127.0.0.1 - - [08/Jun/2026 13:40:59] "POST /mail/data HTTP/1.1" 200 - 35 0.065 0.038
2026-06-08 13:40:59,938 6480 INFO kelapa werkzeug: 127.0.0.1 - - [08/Jun/2026 13:40:59] "POST /web/dataset/call_kw/ir.module.module/get_views HTTP/1.1" 200 - 56 0.050 0.072
2026-06-08 13:40:59,961 6480 INFO kelapa werkzeug: 127.0.0.1 - - [08/Jun/2026 13:40:59] "POST /web/dataset/call_kw/ir.module.module/search_panel_select_range HTTP/1.1" 200 - 1 0.001 0.009
2026-06-08 13:41:00,362 6480 INFO kelapa werkzeug: 127.0.0.1 - - [08/Jun/2026 13:41:00] "POST /web/dataset/call_kw/ir.module.module/search_panel_select_range HTTP/1.1" 200 - 63 0.058 0.036
2026-06-08 13:41:00,372 6480 INFO kelapa werkzeug: 127.0.0.1 - - [08/Jun/2026 13:41:00] "POST /web/dataset/call_kw/ir.module.module/web_search_read HTTP/1.1" 200 - 4 0.006 0.097
2026-06-08 13:41:02,439 6480 INFO kelapa werkzeug: 127.0.0.1 - - [08/Jun/2026 13:41:02] "GET /web/service-worker.js HTTP/1.1" 200 - 1 0.001 0.005
2026-06-08 13:41:03,125 6480 INFO kelapa werkzeug: 127.0.0.1 - - [08/Jun/2026 13:41:03] "POST /web/action/load HTTP/1.1" 200 - 9 0.007 0.010
2026-06-08 13:41:03,467 6480 INFO kelapa werkzeug: 127.0.0.1 - - [08/Jun/2026 13:41:03] "POST /web/dataset/call_kw/base.module.update/get_views HTTP/1.1" 200 - 12 0.011 0.013
2026-06-08 13:41:03,720 6480 INFO kelapa werkzeug: 127.0.0.1 - - [08/Jun/2026 13:41:03] "POST /web/dataset/call_kw/base.module.update/onchange HTTP/1.1" 200 - 2 0.002 0.004
2026-06-08 13:41:08,047 6480 INFO kelapa werkzeug: 127.0.0.1 - - [08/Jun/2026 13:41:08] "POST /web/dataset/call_kw/base.module.update/web_save HTTP/1.1" 200 - 5 0.006 0.016
2026-06-08 13:41:08,375 6480 INFO kelapa odoo.addons.base.models.ir_module: ALLOW access to module.update_list on [] to user tameladian@gmail.com #2 via 127.0.0.1 
2026-06-08 13:41:10,155 6480 INFO kelapa werkzeug: 127.0.0.1 - - [08/Jun/2026 13:41:10] "POST /web/dataset/call_button/base.module.update/update_module HTTP/1.1" 200 - 1753 1.134 0.652
2026-06-08 13:41:26,415 6480 INFO kelapa werkzeug: 127.0.0.1 - - [08/Jun/2026 13:41:26] "POST /web/dataset/call_kw/ir.module.module/search_panel_select_range HTTP/1.1" 200 - 61 0.048 0.043
2026-06-08 13:41:26,733 6480 INFO kelapa werkzeug: 127.0.0.1 - - [08/Jun/2026 13:41:26] "POST /web/dataset/call_kw/ir.module.module/web_search_read HTTP/1.1" 200 - 3 0.004 0.007
2026-06-08 13:41:28,011 6480 INFO kelapa odoo.addons.base.models.ir_module: ALLOW access to module.button_immediate_install on ['Coconut Purchase Customization'] to user tameladian@gmail.com #2 via 127.0.0.1 
2026-06-08 13:41:28,011 6480 INFO kelapa odoo.addons.base.models.ir_module: User #2 triggered module installation 
2026-06-08 13:41:28,013 6480 INFO kelapa odoo.addons.base.models.ir_module: ALLOW access to module.button_install on ['Coconut Purchase Customization'] to user tameladian@gmail.com #2 via 127.0.0.1 
2026-06-08 13:41:28,171 6480 INFO kelapa odoo.modules.loading: loading 1 modules... 
2026-06-08 13:41:28,183 6480 INFO kelapa odoo.modules.loading: 1 modules loaded in 0.01s, 0 queries (+0 extra) 
2026-06-08 13:41:28,223 6480 INFO kelapa odoo.modules.loading: updating modules list 
2026-06-08 13:41:28,225 6480 INFO kelapa odoo.addons.base.models.ir_module: ALLOW access to module.update_list on [] to user __system__ #1 via 127.0.0.1 
2026-06-08 13:41:29,942 6480 INFO kelapa odoo.modules.loading: loading 91 modules... 
2026-06-08 13:41:30,062 6480 INFO kelapa odoo.modules.loading: 91 modules loaded in 0.12s, 0 queries (+0 extra) 
2026-06-08 13:41:30,065 6480 INFO kelapa odoo.modules.loading: loading 98 modules... 
2026-06-08 13:41:30,065 6480 INFO kelapa odoo.modules.loading: Loading module purchase (74/98) 
2026-06-08 13:41:30,644 6480 INFO kelapa odoo.modules.registry: module purchase: creating or updating database tables 
2026-06-08 13:41:31,267 6480 INFO kelapa odoo.modules.loading: loading purchase/security/purchase_security.xml 
2026-06-08 13:41:31,590 6480 INFO kelapa odoo.modules.loading: loading purchase/security/ir.model.access.csv 
2026-06-08 13:41:31,704 6480 INFO kelapa odoo.modules.loading: loading purchase/data/digest_data.xml 
2026-06-08 13:41:31,721 6480 INFO kelapa odoo.modules.loading: loading purchase/views/account_move_views.xml 
2026-06-08 13:41:31,801 6480 INFO kelapa odoo.modules.loading: loading purchase/data/purchase_data.xml 
2026-06-08 13:41:31,823 6480 INFO kelapa odoo.modules.loading: loading purchase/data/ir_cron_data.xml 
2026-06-08 13:41:31,840 6480 INFO kelapa odoo.modules.loading: loading purchase/report/purchase_reports.xml 
2026-06-08 13:41:31,850 6480 INFO kelapa odoo.modules.loading: loading purchase/views/purchase_views.xml 
2026-06-08 13:41:32,187 6480 INFO kelapa odoo.models.unlink: User #1 deleted ir.actions.act_window.view records with IDs: [327, 328] 
2026-06-08 13:41:32,311 6480 INFO kelapa odoo.modules.loading: loading purchase/views/purchase_bill_line_match_views.xml 
2026-06-08 13:41:32,329 6480 INFO kelapa odoo.modules.loading: loading purchase/views/res_config_settings_views.xml 
2026-06-08 13:41:32,421 6480 INFO kelapa odoo.modules.loading: loading purchase/views/product_views.xml 
2026-06-08 13:41:32,662 6480 INFO kelapa odoo.modules.loading: loading purchase/views/res_partner_views.xml 
2026-06-08 13:41:32,760 6480 INFO kelapa odoo.models.unlink: User #1 deleted ir.actions.act_window.view records with IDs: [329, 330] 
2026-06-08 13:41:32,895 6480 INFO kelapa odoo.modules.loading: loading purchase/report/purchase_bill_views.xml 
2026-06-08 13:41:32,914 6480 INFO kelapa odoo.modules.loading: loading purchase/report/purchase_report_views.xml 
2026-06-08 13:41:32,971 6480 INFO kelapa odoo.modules.loading: loading purchase/data/mail_templates.xml 
2026-06-08 13:41:32,993 6480 INFO kelapa odoo.modules.loading: loading purchase/data/mail_template_data.xml 
2026-06-08 13:41:33,024 6480 INFO kelapa odoo.modules.loading: loading purchase/views/portal_templates.xml 
2026-06-08 13:41:33,131 6480 INFO kelapa odoo.modules.loading: loading purchase/report/purchase_order_templates.xml 
2026-06-08 13:41:33,166 6480 INFO kelapa odoo.modules.loading: loading purchase/report/purchase_quotation_templates.xml 
2026-06-08 13:41:33,189 6480 INFO kelapa odoo.modules.loading: loading purchase/views/product_packaging_views.xml 
2026-06-08 13:41:33,225 6480 INFO kelapa odoo.modules.loading: loading purchase/views/analytic_account_views.xml 
2026-06-08 13:41:33,248 6480 INFO kelapa odoo.modules.loading: loading purchase/wizard/bill_to_po_wizard_views.xml 
2026-06-08 13:41:33,262 6480 INFO kelapa odoo.modules.loading: loading purchase/data/purchase_tour.xml 
2026-06-08 13:41:33,267 6480 INFO kelapa odoo.modules.loading: Module purchase: loading demo 
2026-06-08 13:41:33,268 6480 INFO kelapa odoo.modules.loading: loading purchase/data/purchase_demo.xml 
2026-06-08 13:41:33,491 6480 INFO kelapa odoo.models.unlink: User #1 deleted purchase.order.line records with IDs: [1, 2, 3] 
2026-06-08 13:41:33,671 6480 INFO kelapa odoo.models.unlink: User #1 deleted purchase.order.line records with IDs: [4, 5] 
2026-06-08 13:41:33,818 6480 INFO kelapa odoo.models.unlink: User #1 deleted purchase.order.line records with IDs: [6] 
2026-06-08 13:41:33,937 6480 INFO kelapa odoo.models.unlink: User #1 deleted purchase.order.line records with IDs: [7, 8, 9] 
2026-06-08 13:41:34,107 6480 INFO kelapa odoo.models.unlink: User #1 deleted purchase.order.line records with IDs: [10, 11] 
2026-06-08 13:41:34,248 6480 INFO kelapa odoo.models.unlink: User #1 deleted purchase.order.line records with IDs: [12, 13, 14] 
2026-06-08 13:41:34,409 6480 INFO kelapa odoo.models.unlink: User #1 deleted purchase.order.line records with IDs: [15, 16] 
2026-06-08 13:41:34,486 6480 WARNING kelapa odoo.modules.loading: Module purchase demo data failed to install, installed without demo data 
Traceback (most recent call last):
  File "C:\odoo\odoo18\server\odoo\tools\convert.py", line 590, in _tag_root
    f(rec)
  File "C:\odoo\odoo18\server\odoo\tools\convert.py", line 444, in _tag_record
    record = model._load_records([data], self.mode == 'update')
             ^^^^^^^^^^^^^^^^^^^^^^^^^^^^^^^^^^^^^^^^^^^^^^^^^^
  File "C:\odoo\odoo18\server\odoo\models.py", line 5508, in _load_records
    data['record']._load_records_write(data['values'])
  File "C:\odoo\odoo18\server\odoo\models.py", line 5426, in _load_records_write
    self.write(values)
  File "C:\odoo\odoo18\server\odoo\addons\purchase\models\purchase_order.py", line 269, in write
    res = super().write(vals)
          ^^^^^^^^^^^^^^^^^^^
  File "C:\odoo\odoo18\server\odoo\addons\mail\models\mail_thread.py", line 357, in write
    result = super(MailThread, self).write(values)
             ^^^^^^^^^^^^^^^^^^^^^^^^^^^^^^^^^^^^^
  File "C:\odoo\odoo18\server\odoo\addons\mail\models\mail_activity_mixin.py", line 243, in write
    return super(MailActivityMixin, self).write(vals)
           ^^^^^^^^^^^^^^^^^^^^^^^^^^^^^^^^^^^^^^^^^^
  File "C:\odoo\odoo18\server\odoo\models.py", line 4813, in write
    field.write(self, value)
  File "C:\odoo\odoo18\server\odoo\fields.py", line 4563, in write
    self.write_batch([(records, value)])
  File "C:\odoo\odoo18\server\odoo\fields.py", line 4584, in write_batch
    self.write_real(records_commands_list, create)
  File "C:\odoo\odoo18\server\odoo\fields.py", line 4780, in write_real
    flush()
  File "C:\odoo\odoo18\server\odoo\fields.py", line 4731, in flush
    comodel.browse(to_delete).unlink()
  File "C:\odoo\odoo18\server\odoo\models.py", line 4552, in unlink
    func(self)
  File "C:\odoo\odoo18\server\odoo\addons\purchase\models\purchase_order_line.py", line 231, in _unlink_except_purchase_or_done
    raise UserError(_('Cannot delete a purchase order line which is in state “%s”.', state_description.get(line.state)))
odoo.exceptions.UserError: Tidak dapat menghapus baris pesanan purchase yang dalam status “Purchase Order”.

The above exception was the direct cause of the following exception:

Traceback (most recent call last):
  File "C:\odoo\odoo18\server\odoo\modules\loading.py", line 90, in load_demo
    load_data(env(su=True), idref, mode, kind='demo', package=package)
  File "C:\odoo\odoo18\server\odoo\modules\loading.py", line 72, in load_data
    tools.convert_file(env, package.name, filename, idref, mode, noupdate, kind)
  File "C:\odoo\odoo18\server\odoo\tools\convert.py", line 662, in convert_file
    convert_xml_import(env, module, fp, idref, mode, noupdate)
  File "C:\odoo\odoo18\server\odoo\tools\convert.py", line 733, in convert_xml_import
    obj.parse(doc.getroot())
  File "C:\odoo\odoo18\server\odoo\tools\convert.py", line 648, in parse
    self._tag_root(de)
  File "C:\odoo\odoo18\server\odoo\tools\convert.py", line 590, in _tag_root
    f(rec)
  File "C:\odoo\odoo18\server\odoo\tools\convert.py", line 603, in _tag_root
    raise ParseError('while parsing %s:%s, somewhere inside\n%s' % (
odoo.tools.convert.ParseError: while parsing file:/c:/odoo/odoo18/server/odoo/addons/purchase/data/purchase_demo.xml:193, somewhere inside
<record id="purchase_order_8" model="purchase.order">
            <field name="partner_id" ref="base.res_partner_1"/>
            <field name="user_id" ref="base.user_admin"/>
            <field name="state">purchase</field>
            <field name="create_date" eval="DateTime.today() - relativedelta(days=20)"/>
            <field name="date_order" eval="DateTime.today() - relativedelta(days=5)"/>
            <field name="date_approve" eval="DateTime.today() - relativedelta(days=9)"/>
            <field name="order_line" model="purchase.order.line" eval="[(5, 0, 0),                 (0, 0, {                     'product_id': ref('product.product_product_16'),                     'name': 'Drawer Black',                     'price_unit': 280.80,                     'product_qty': 15.0,                     'product_uom': ref('uom.product_uom_dozen'),                     'date_planned': time.strftime('%Y-%m-%d')}),                 (0, 0, {                     'product_id': ref('product.product_product_20'),                     'name': 'Flipover',                     'price_unit': 450.70,                     'product_qty': 5.0,                     'product_uom': ref('uom.product_uom_dozen'),                     'date_planned': time.strftime('%Y-%m-%d')})             ]"/>
        </record>
2026-06-08 13:41:34,509 6480 INFO kelapa odoo.addons.base.models.ir_module: module purchase: loading translation file c:\odoo\odoo18\server\odoo\addons\purchase\i18n\id.po for language id_ID 
2026-06-08 13:41:34,509 6480 INFO kelapa odoo.tools.translate: loading base translation file c:\odoo\odoo18\server\odoo\addons\purchase\i18n\id.po for language id_ID 
2026-06-08 13:41:34,617 6480 WARNING kelapa odoo.modules.loading: Transient module states were reset 
2026-06-08 13:41:34,618 6480 ERROR kelapa odoo.modules.registry: Failed to load registry 
2026-06-08 13:41:34,627 6480 INFO kelapa odoo.modules.loading: loading 1 modules... 
2026-06-08 13:41:34,637 6480 INFO kelapa odoo.modules.loading: 1 modules loaded in 0.01s, 0 queries (+0 extra) 
2026-06-08 13:41:34,649 6480 INFO kelapa odoo.modules.loading: loading 91 modules... 
2026-06-08 13:41:34,750 6480 INFO kelapa odoo.modules.loading: 91 modules loaded in 0.10s, 0 queries (+0 extra) 
2026-06-08 13:41:35,064 6480 INFO kelapa odoo.modules.loading: Modules loaded. 
2026-06-08 13:41:35,069 6480 INFO kelapa odoo.modules.registry: Registry loaded in 0.450s 
2026-06-08 13:41:35,073 6480 WARNING kelapa odoo.http: Record does not exist or has been deleted.
(Record: purchase.order.line(52,), User: 1) 
2026-06-08 13:41:35,074 6480 INFO kelapa werkzeug: 127.0.0.1 - - [08/Jun/2026 13:41:35] "POST /web/dataset/call_button/ir.module.module/button_immediate_install HTTP/1.1" 200 - 4043 3.039 4.031
2026-06-08 13:43:08,484 6480 INFO kelapa odoo.addons.base.models.ir_http: Generating routing map for key None 
2026-06-08 13:43:08,568 6480 ERROR kelapa odoo.addons.base.models.ir_model: Missing model purchase.order 
2026-06-08 13:43:08,574 6480 ERROR kelapa odoo.addons.base.models.ir_model: Missing model purchase.order 
2026-06-08 13:43:08,581 6480 ERROR kelapa odoo.addons.base.models.ir_model: Missing model purchase.report 
2026-06-08 13:43:09,961 6480 INFO kelapa werkzeug: 127.0.0.1 - - [08/Jun/2026 13:43:09] "GET /odoo/apps?debug=1 HTTP/1.1" 200 - 115 0.071 1.409
2026-06-08 13:43:10,130 6480 INFO kelapa werkzeug: 127.0.0.1 - - [08/Jun/2026 13:43:10] "GET /web/manifest.webmanifest HTTP/1.1" 200 - 9 0.009 0.046
2026-06-08 13:43:10,130 6480 INFO kelapa werkzeug: 127.0.0.1 - - [08/Jun/2026 13:43:10] "GET /bus/websocket_worker_bundle?v=18.0-7 HTTP/1.1" 304 - 4 0.002 0.013
2026-06-08 13:43:10,522 6480 INFO kelapa werkzeug: 127.0.0.1 - - [08/Jun/2026 13:43:10] "POST /web/action/load HTTP/1.1" 200 - 12 0.013 0.011
2026-06-08 13:43:10,556 6480 INFO kelapa werkzeug: 127.0.0.1 - - [08/Jun/2026 13:43:10] "GET /websocket?version=18.0-7 HTTP/1.1" 101 - 1 0.001 0.021
2026-06-08 13:43:10,557 6480 INFO kelapa werkzeug: 127.0.0.1 - - [08/Jun/2026 13:43:10] "GET /web/image?model=res.users&field=avatar_128&id=2 HTTP/1.1" 304 - 9 0.012 0.023
2026-06-08 13:43:10,582 6480 ERROR kelapa odoo.http: Exception during request handling. 
Traceback (most recent call last):
  File "C:\odoo\odoo18\server\odoo\http.py", line 2577, in __call__
    response = request._serve_db()
               ^^^^^^^^^^^^^^^^^^^
  File "C:\odoo\odoo18\server\odoo\http.py", line 2104, in _serve_db
    return self._transactioning(
           ^^^^^^^^^^^^^^^^^^^^^
  File "C:\odoo\odoo18\server\odoo\http.py", line 2167, in _transactioning
    return service_model.retrying(func, env=self.env)
           ^^^^^^^^^^^^^^^^^^^^^^^^^^^^^^^^^^^^^^^^^^
  File "C:\odoo\odoo18\server\odoo\service\model.py", line 157, in retrying
    result = func()
             ^^^^^^
  File "C:\odoo\odoo18\server\odoo\http.py", line 2134, in _serve_ir_http
    response = self.dispatcher.dispatch(rule.endpoint, args)
               ^^^^^^^^^^^^^^^^^^^^^^^^^^^^^^^^^^^^^^^^^^^^^
  File "C:\odoo\odoo18\server\odoo\http.py", line 2382, in dispatch
    result = self.request.registry['ir.http']._dispatch(endpoint)
             ^^^^^^^^^^^^^^^^^^^^^^^^^^^^^^^^^^^^^^^^^^^^^^^^^^^^
  File "C:\odoo\odoo18\server\odoo\addons\base\models\ir_http.py", line 333, in _dispatch
    result = endpoint(**request.params)
             ^^^^^^^^^^^^^^^^^^^^^^^^^^
  File "C:\odoo\odoo18\server\odoo\http.py", line 754, in route_wrapper
    result = endpoint(self, *args, **params_ok)
             ^^^^^^^^^^^^^^^^^^^^^^^^^^^^^^^^^^
  File "C:\odoo\odoo18\server\odoo\addons\mail\models\discuss\mail_guest.py", line 38, in wrapper
    return func(self, *args, **kwargs)
           ^^^^^^^^^^^^^^^^^^^^^^^^^^^
  File "C:\odoo\odoo18\server\odoo\addons\mail\controllers\webclient.py", line 30, in mail_data
    return self._process_request(**kwargs)
           ^^^^^^^^^^^^^^^^^^^^^^^^^^^^^^^
  File "C:\odoo\odoo18\server\odoo\addons\mail\controllers\webclient.py", line 39, in _process_request
    self._process_request_for_internal_user(store, **kwargs)
  File "C:\odoo\odoo18\server\odoo\addons\mail\controllers\webclient.py", line 98, in _process_request_for_internal_user
    groups = request.env["res.users"]._get_activity_groups()
             ^^^^^^^^^^^^^^^^^^^^^^^^^^^^^^^^^^^^^^^^^^^^^^^
  File "C:\odoo\odoo18\server\odoo\addons\contacts\models\res_users.py", line 15, in _get_activity_groups
    activities = super()._get_activity_groups()
                 ^^^^^^^^^^^^^^^^^^^^^^^^^^^^^^
  File "C:\odoo\odoo18\server\odoo\addons\calendar\models\res_users.py", line 162, in _get_activity_groups
    res = super()._get_activity_groups()
          ^^^^^^^^^^^^^^^^^^^^^^^^^^^^^^
  File "C:\odoo\odoo18\server\odoo\addons\mail\models\res_users.py", line 330, in _get_activity_groups
    record = self.env[activity.res_model].browse(activity.res_id)
             ~~~~~~~~^^^^^^^^^^^^^^^^^^^^
  File "C:\odoo\odoo18\server\odoo\api.py", line 614, in __getitem__
    return self.registry[model_name](self, (), ())
           ~~~~~~~~~~~~~^^^^^^^^^^^^
  File "C:\odoo\odoo18\server\odoo\modules\registry.py", line 244, in __getitem__
    return self.models[model_name]
           ~~~~~~~~~~~^^^^^^^^^^^^
KeyError: 'purchase.order'
2026-06-08 13:43:10,583 6480 INFO kelapa werkzeug: 127.0.0.1 - - [08/Jun/2026 13:43:10] "POST /mail/data HTTP/1.1" 200 - 35 0.049 0.028
2026-06-08 13:43:10,871 6480 INFO kelapa werkzeug: 127.0.0.1 - - [08/Jun/2026 13:43:10] "POST /web/dataset/call_kw/ir.module.module/get_views HTTP/1.1" 200 - 56 0.046 0.056
2026-06-08 13:43:10,886 6480 INFO kelapa werkzeug: 127.0.0.1 - - [08/Jun/2026 13:43:10] "POST /web/dataset/call_kw/ir.module.module/search_panel_select_range HTTP/1.1" 200 - 1 0.002 0.005
2026-06-08 13:43:11,277 6480 INFO kelapa werkzeug: 127.0.0.1 - - [08/Jun/2026 13:43:11] "POST /web/dataset/call_kw/ir.module.module/search_panel_select_range HTTP/1.1" 200 - 63 0.055 0.033
2026-06-08 13:43:11,291 6480 INFO kelapa werkzeug: 127.0.0.1 - - [08/Jun/2026 13:43:11] "POST /web/dataset/call_kw/ir.module.module/web_search_read HTTP/1.1" 200 - 4 0.005 0.097
2026-06-08 13:43:13,354 6480 INFO kelapa werkzeug: 127.0.0.1 - - [08/Jun/2026 13:43:13] "GET /web/service-worker.js HTTP/1.1" 200 - 1 0.001 0.004
2026-06-08 13:43:26,604 6480 INFO kelapa werkzeug: 127.0.0.1 - - [08/Jun/2026 13:43:26] "POST /web/action/load HTTP/1.1" 200 - 11 0.005 0.011
2026-06-08 13:43:26,932 6480 INFO kelapa werkzeug: 127.0.0.1 - - [08/Jun/2026 13:43:26] "POST /web/dataset/call_kw/purchase.order/get_views HTTP/1.1" 200 - 1 0.001 0.004
2026-06-08 13:43:27,220 6480 INFO kelapa werkzeug: 127.0.0.1 - - [08/Jun/2026 13:43:27] "POST /web/dataset/call_kw/ir.module.module/web_search_read HTTP/1.1" 200 - 3 0.004 0.028
2026-06-08 13:43:37,335 6480 INFO kelapa odoo.addons.base.models.ir_cron: Job 'Notification: Notify scheduled messages' (38) starting 
2026-06-08 13:43:37,341 6480 INFO kelapa odoo.addons.base.models.ir_cron: Job 'Notification: Notify scheduled messages' (38) done in 0.006s 
2026-06-08 13:43:37,344 6480 INFO kelapa odoo.addons.base.models.ir_cron: Job 'Notification: Notify scheduled messages' (38) processed 0 records, 0 records remaining 
2026-06-08 13:43:37,348 6480 INFO kelapa odoo.addons.base.models.ir_cron: Job 'Notification: Notify scheduled messages' (38) completed 
2026-06-08 13:43:37,361 6480 INFO kelapa odoo.addons.base.models.ir_cron: Job 'Mail: Email Queue Manager' (33) starting 
2026-06-08 13:43:37,366 6480 INFO kelapa odoo.addons.base.models.ir_cron: Job 'Mail: Email Queue Manager' (33) done in 0.005s 
2026-06-08 13:43:37,371 6480 INFO kelapa odoo.addons.base.models.ir_cron: Job 'Mail: Email Queue Manager' (33) processed 0 records, 0 records remaining 
2026-06-08 13:43:37,375 6480 INFO kelapa odoo.addons.base.models.ir_cron: Job 'Mail: Email Queue Manager' (33) completed 
2026-06-08 13:43:59,534 18384 INFO ? odoo: Odoo version 18.0-20260415 
2026-06-08 13:43:59,534 18384 INFO ? odoo: Using configuration file at c:\odoo\odoo.conf 
2026-06-08 13:43:59,534 18384 INFO ? odoo: addons paths: ['C:\\odoo\\odoo18\\server\\odoo\\addons', 'c:\\odoo\\odoo18\\sessions\\addons\\18.0', 'c:\\odoo\\odoo18\\server\\odoo\\addons'] 
2026-06-08 13:43:59,535 18384 INFO ? odoo: database: openpg@localhost:5432 
2026-06-08 13:43:59,698 18384 INFO ? odoo.addons.base.models.ir_actions_report: Will use the Wkhtmltopdf binary at C:\Program Files\wkhtmltopdf\bin\wkhtmltopdf.exe 
2026-06-08 13:43:59,719 18384 INFO ? odoo.addons.base.models.ir_actions_report: Will use the Wkhtmltoimage binary at C:\Program Files\wkhtmltopdf\bin\wkhtmltoimage.exe 
2026-06-08 13:44:00,042 18384 INFO ? odoo.service.server: Initiating shutdown 
2026-06-08 13:44:00,042 18384 INFO ? odoo.service.server: Hit CTRL-C again or send a second signal to force the shutdown. 
2026-06-08 13:44:37,409 12912 INFO ? odoo: Odoo version 18.0-20260415 
2026-06-08 13:44:37,409 12912 INFO ? odoo: Using configuration file at c:\odoo\odoo.conf 
2026-06-08 13:44:37,409 12912 INFO ? odoo: addons paths: ['C:\\odoo\\odoo18\\server\\odoo\\addons', 'c:\\odoo\\odoo18\\sessions\\addons\\18.0', 'c:\\odoo\\odoo18\\server\\odoo\\addons'] 
2026-06-08 13:44:37,409 12912 INFO ? odoo: database: openpg@localhost:5432 
2026-06-08 13:44:37,577 12912 INFO ? odoo.addons.base.models.ir_actions_report: Will use the Wkhtmltopdf binary at C:\Program Files\wkhtmltopdf\bin\wkhtmltopdf.exe 
2026-06-08 13:44:37,600 12912 INFO ? odoo.addons.base.models.ir_actions_report: Will use the Wkhtmltoimage binary at C:\Program Files\wkhtmltopdf\bin\wkhtmltoimage.exe 
2026-06-08 13:44:37,928 12912 INFO ? odoo.service.server: HTTP service (werkzeug) running on DIANTAMELA:8069 
2026-06-08 13:44:38,415 6480 INFO kelapa odoo.addons.base.models.ir_cron: Job 'SMS: SMS Queue Manager' (45) starting 
2026-06-08 13:44:38,436 6480 INFO kelapa odoo.addons.base.models.ir_cron: Job 'SMS: SMS Queue Manager' (45) done in 0.021s 
2026-06-08 13:44:38,438 6480 INFO kelapa odoo.addons.base.models.ir_cron: Job 'SMS: SMS Queue Manager' (45) processed 0 records, 0 records remaining 
2026-06-08 13:44:38,442 6480 INFO kelapa odoo.addons.base.models.ir_cron: Job 'SMS: SMS Queue Manager' (45) completed 
2026-06-08 13:44:38,454 6480 INFO kelapa odoo.addons.base.models.ir_cron: Job 'Snailmail: process letters queue' (46) starting 
2026-06-08 13:44:38,460 6480 INFO kelapa odoo.addons.base.models.ir_cron: Job 'Snailmail: process letters queue' (46) done in 0.006s 
2026-06-08 13:44:38,463 6480 INFO kelapa odoo.addons.base.models.ir_cron: Job 'Snailmail: process letters queue' (46) processed 0 records, 0 records remaining 
2026-06-08 13:44:38,468 6480 INFO kelapa odoo.addons.base.models.ir_cron: Job 'Snailmail: process letters queue' (46) completed 
2026-06-08 13:44:38,478 6480 INFO kelapa odoo.addons.base.models.ir_cron: Job 'Partner Autocomplete: Sync with remote DB' (44) starting 
2026-06-08 13:44:38,482 6480 INFO kelapa odoo.addons.base.models.ir_cron: Job 'Partner Autocomplete: Sync with remote DB' (44) done in 0.004s 
2026-06-08 13:44:38,485 6480 INFO kelapa odoo.addons.base.models.ir_cron: Job 'Partner Autocomplete: Sync with remote DB' (44) processed 0 records, 0 records remaining 
2026-06-08 13:44:38,490 6480 INFO kelapa odoo.addons.base.models.ir_cron: Job 'Partner Autocomplete: Sync with remote DB' (44) completed 
2026-06-08 13:46:31,393 6480 INFO kelapa werkzeug: 127.0.0.1 - - [08/Jun/2026 13:46:31] "GET /odoo/apps?debug=1 HTTP/1.1" 200 - 20 0.013 0.025
2026-06-08 13:46:31,535 6480 INFO kelapa werkzeug: 127.0.0.1 - - [08/Jun/2026 13:46:31] "GET /web/manifest.webmanifest HTTP/1.1" 200 - 7 0.004 0.009
2026-06-08 13:46:31,654 6480 INFO kelapa werkzeug: 127.0.0.1 - - [08/Jun/2026 13:46:31] "GET /bus/websocket_worker_bundle?v=18.0-7 HTTP/1.1" 304 - 3 0.003 0.004
2026-06-08 13:46:32,129 6480 INFO kelapa werkzeug: 127.0.0.1 - - [08/Jun/2026 13:46:32] "POST /web/action/load HTTP/1.1" 200 - 11 0.017 0.019
2026-06-08 13:46:32,188 6480 INFO kelapa werkzeug: 127.0.0.1 - - [08/Jun/2026 13:46:32] "GET /web/image?model=res.users&field=avatar_128&id=2 HTTP/1.1" 304 - 9 0.018 0.034
2026-06-08 13:46:32,203 6480 ERROR kelapa odoo.http: Exception during request handling. 
Traceback (most recent call last):
  File "C:\odoo\odoo18\server\odoo\http.py", line 2577, in __call__
    response = request._serve_db()
               ^^^^^^^^^^^^^^^^^^^
  File "C:\odoo\odoo18\server\odoo\http.py", line 2104, in _serve_db
    return self._transactioning(
           ^^^^^^^^^^^^^^^^^^^^^
  File "C:\odoo\odoo18\server\odoo\http.py", line 2167, in _transactioning
    return service_model.retrying(func, env=self.env)
           ^^^^^^^^^^^^^^^^^^^^^^^^^^^^^^^^^^^^^^^^^^
  File "C:\odoo\odoo18\server\odoo\service\model.py", line 157, in retrying
    result = func()
             ^^^^^^
  File "C:\odoo\odoo18\server\odoo\http.py", line 2134, in _serve_ir_http
    response = self.dispatcher.dispatch(rule.endpoint, args)
               ^^^^^^^^^^^^^^^^^^^^^^^^^^^^^^^^^^^^^^^^^^^^^
  File "C:\odoo\odoo18\server\odoo\http.py", line 2382, in dispatch
    result = self.request.registry['ir.http']._dispatch(endpoint)
             ^^^^^^^^^^^^^^^^^^^^^^^^^^^^^^^^^^^^^^^^^^^^^^^^^^^^
  File "C:\odoo\odoo18\server\odoo\addons\base\models\ir_http.py", line 333, in _dispatch
    result = endpoint(**request.params)
             ^^^^^^^^^^^^^^^^^^^^^^^^^^
  File "C:\odoo\odoo18\server\odoo\http.py", line 754, in route_wrapper
    result = endpoint(self, *args, **params_ok)
             ^^^^^^^^^^^^^^^^^^^^^^^^^^^^^^^^^^
  File "C:\odoo\odoo18\server\odoo\addons\mail\models\discuss\mail_guest.py", line 38, in wrapper
    return func(self, *args, **kwargs)
           ^^^^^^^^^^^^^^^^^^^^^^^^^^^
  File "C:\odoo\odoo18\server\odoo\addons\mail\controllers\webclient.py", line 30, in mail_data
    return self._process_request(**kwargs)
           ^^^^^^^^^^^^^^^^^^^^^^^^^^^^^^^
  File "C:\odoo\odoo18\server\odoo\addons\mail\controllers\webclient.py", line 39, in _process_request
    self._process_request_for_internal_user(store, **kwargs)
  File "C:\odoo\odoo18\server\odoo\addons\mail\controllers\webclient.py", line 98, in _process_request_for_internal_user
    groups = request.env["res.users"]._get_activity_groups()
             ^^^^^^^^^^^^^^^^^^^^^^^^^^^^^^^^^^^^^^^^^^^^^^^
  File "C:\odoo\odoo18\server\odoo\addons\contacts\models\res_users.py", line 15, in _get_activity_groups
    activities = super()._get_activity_groups()
                 ^^^^^^^^^^^^^^^^^^^^^^^^^^^^^^
  File "C:\odoo\odoo18\server\odoo\addons\calendar\models\res_users.py", line 162, in _get_activity_groups
    res = super()._get_activity_groups()
          ^^^^^^^^^^^^^^^^^^^^^^^^^^^^^^
  File "C:\odoo\odoo18\server\odoo\addons\mail\models\res_users.py", line 330, in _get_activity_groups
    record = self.env[activity.res_model].browse(activity.res_id)
             ~~~~~~~~^^^^^^^^^^^^^^^^^^^^
  File "C:\odoo\odoo18\server\odoo\api.py", line 614, in __getitem__
    return self.registry[model_name](self, (), ())
           ~~~~~~~~~~~~~^^^^^^^^^^^^
  File "C:\odoo\odoo18\server\odoo\modules\registry.py", line 244, in __getitem__
    return self.models[model_name]
           ~~~~~~~~~~~^^^^^^^^^^^^
KeyError: 'purchase.order'
2026-06-08 13:46:32,206 6480 INFO kelapa werkzeug: 127.0.0.1 - - [08/Jun/2026 13:46:32] "POST /mail/data HTTP/1.1" 200 - 24 0.047 0.049
2026-06-08 13:46:32,209 6480 INFO kelapa werkzeug: 127.0.0.1 - - [08/Jun/2026 13:46:32] "GET /websocket?version=18.0-7 HTTP/1.1" 101 - 1 0.001 0.016
2026-06-08 13:46:32,385 6480 INFO kelapa werkzeug: 127.0.0.1 - - [08/Jun/2026 13:46:32] "POST /web/dataset/call_kw/ir.module.module/get_views HTTP/1.1" 200 - 2 0.002 0.025
2026-06-08 13:46:32,457 6480 INFO kelapa werkzeug: 127.0.0.1 - - [08/Jun/2026 13:46:32] "POST /web/dataset/call_kw/ir.module.module/search_panel_select_range HTTP/1.1" 200 - 1 0.001 0.006
2026-06-08 13:46:32,812 6480 INFO kelapa werkzeug: 127.0.0.1 - - [08/Jun/2026 13:46:32] "POST /web/dataset/call_kw/ir.module.module/search_panel_select_range HTTP/1.1" 200 - 61 0.071 0.038
2026-06-08 13:46:32,825 6480 INFO kelapa werkzeug: 127.0.0.1 - - [08/Jun/2026 13:46:32] "POST /web/dataset/call_kw/ir.module.module/web_search_read HTTP/1.1" 200 - 3 0.007 0.112
2026-06-08 13:46:34,785 6480 INFO kelapa werkzeug: 127.0.0.1 - - [08/Jun/2026 13:46:34] "GET /web/service-worker.js HTTP/1.1" 200 - 1 0.000 0.005
2026-06-08 13:46:36,616 6480 INFO kelapa werkzeug: 127.0.0.1 - - [08/Jun/2026 13:46:36] "GET /web/session/logout HTTP/1.1" 303 - 3 0.002 0.010
2026-06-08 13:46:36,883 6480 INFO kelapa werkzeug: 127.0.0.1 - - [08/Jun/2026 13:46:36] "GET /odoo HTTP/1.1" 303 - 1 0.001 0.012
2026-06-08 13:46:37,569 6480 INFO kelapa werkzeug: 127.0.0.1 - - [08/Jun/2026 13:46:37] "GET /web/login?redirect=/odoo? HTTP/1.1" 200 - 45 0.037 0.336
2026-06-08 13:46:37,587 6480 INFO kelapa werkzeug: 127.0.0.1 - - [08/Jun/2026 13:46:37] "GET /web/assets/d15e9ec/web.assets_frontend.min.css HTTP/1.1" 200 - 4 0.003 0.006
2026-06-08 13:46:37,907 6480 INFO kelapa werkzeug: 127.0.0.1 - - [08/Jun/2026 13:46:37] "GET /web/binary/company_logo HTTP/1.1" 200 - 2 0.003 0.003
2026-06-08 13:46:41,452 6480 INFO kelapa odoo.addons.base.models.assetsbundle: Generating a new asset bundle attachment /web/assets/b6478c0/web.assets_frontend_lazy.min.js (id:2382) 
2026-06-08 13:46:41,453 6480 INFO kelapa odoo.addons.base.models.assetsbundle: Deleting attachments [2361, 2360] (matching /web/assets/_______/web.assets_frontend_lazy.min.js) because it was replaced with /web/assets/b6478c0/web.assets_frontend_lazy.min.js 
2026-06-08 13:46:41,855 6480 INFO kelapa werkzeug: 127.0.0.1 - - [08/Jun/2026 13:46:41] "GET /web/assets/b6478c0/web.assets_frontend_lazy.min.js HTTP/1.1" 200 - 14 0.010 3.622
2026-06-08 13:46:44,526 6480 INFO kelapa odoo.addons.base.models.res_users: Login successful for db:kelapa login:tameladian@gmail.com from 127.0.0.1 
2026-06-08 13:46:44,543 6480 INFO kelapa werkzeug: 127.0.0.1 - - [08/Jun/2026 13:46:44] "POST /web/login HTTP/1.1" 303 - 24 0.023 0.870
2026-06-08 13:46:44,563 6480 INFO kelapa odoo.addons.base.models.res_device: User 2 inserts device log (u45hTbobxIXWI1kmGYp1bToMBbhtZlRFJZPDJsoOYT) 
2026-06-08 13:46:44,596 6480 INFO kelapa werkzeug: 127.0.0.1 - - [08/Jun/2026 13:46:44] "GET /odoo HTTP/1.1" 200 - 21 0.012 0.034
2026-06-08 13:46:45,012 6480 INFO kelapa werkzeug: 127.0.0.1 - - [08/Jun/2026 13:46:45] "POST /web/action/load HTTP/1.1" 200 - 6 0.005 0.021
2026-06-08 13:46:45,056 6480 ERROR kelapa odoo.http: Exception during request handling. 
Traceback (most recent call last):
  File "C:\odoo\odoo18\server\odoo\http.py", line 2577, in __call__
    response = request._serve_db()
               ^^^^^^^^^^^^^^^^^^^
  File "C:\odoo\odoo18\server\odoo\http.py", line 2104, in _serve_db
    return self._transactioning(
           ^^^^^^^^^^^^^^^^^^^^^
  File "C:\odoo\odoo18\server\odoo\http.py", line 2167, in _transactioning
    return service_model.retrying(func, env=self.env)
           ^^^^^^^^^^^^^^^^^^^^^^^^^^^^^^^^^^^^^^^^^^
  File "C:\odoo\odoo18\server\odoo\service\model.py", line 157, in retrying
    result = func()
             ^^^^^^
  File "C:\odoo\odoo18\server\odoo\http.py", line 2134, in _serve_ir_http
    response = self.dispatcher.dispatch(rule.endpoint, args)
               ^^^^^^^^^^^^^^^^^^^^^^^^^^^^^^^^^^^^^^^^^^^^^
  File "C:\odoo\odoo18\server\odoo\http.py", line 2382, in dispatch
    result = self.request.registry['ir.http']._dispatch(endpoint)
             ^^^^^^^^^^^^^^^^^^^^^^^^^^^^^^^^^^^^^^^^^^^^^^^^^^^^
  File "C:\odoo\odoo18\server\odoo\addons\base\models\ir_http.py", line 333, in _dispatch
    result = endpoint(**request.params)
             ^^^^^^^^^^^^^^^^^^^^^^^^^^
  File "C:\odoo\odoo18\server\odoo\http.py", line 754, in route_wrapper
    result = endpoint(self, *args, **params_ok)
             ^^^^^^^^^^^^^^^^^^^^^^^^^^^^^^^^^^
  File "C:\odoo\odoo18\server\odoo\addons\mail\models\discuss\mail_guest.py", line 38, in wrapper
    return func(self, *args, **kwargs)
           ^^^^^^^^^^^^^^^^^^^^^^^^^^^
  File "C:\odoo\odoo18\server\odoo\addons\mail\controllers\webclient.py", line 30, in mail_data
    return self._process_request(**kwargs)
           ^^^^^^^^^^^^^^^^^^^^^^^^^^^^^^^
  File "C:\odoo\odoo18\server\odoo\addons\mail\controllers\webclient.py", line 39, in _process_request
    self._process_request_for_internal_user(store, **kwargs)
  File "C:\odoo\odoo18\server\odoo\addons\mail\controllers\webclient.py", line 98, in _process_request_for_internal_user
    groups = request.env["res.users"]._get_activity_groups()
             ^^^^^^^^^^^^^^^^^^^^^^^^^^^^^^^^^^^^^^^^^^^^^^^
  File "C:\odoo\odoo18\server\odoo\addons\contacts\models\res_users.py", line 15, in _get_activity_groups
    activities = super()._get_activity_groups()
                 ^^^^^^^^^^^^^^^^^^^^^^^^^^^^^^
  File "C:\odoo\odoo18\server\odoo\addons\calendar\models\res_users.py", line 162, in _get_activity_groups
    res = super()._get_activity_groups()
          ^^^^^^^^^^^^^^^^^^^^^^^^^^^^^^
  File "C:\odoo\odoo18\server\odoo\addons\mail\models\res_users.py", line 330, in _get_activity_groups
    record = self.env[activity.res_model].browse(activity.res_id)
             ~~~~~~~~^^^^^^^^^^^^^^^^^^^^
  File "C:\odoo\odoo18\server\odoo\api.py", line 614, in __getitem__
    return self.registry[model_name](self, (), ())
           ~~~~~~~~~~~~~^^^^^^^^^^^^
  File "C:\odoo\odoo18\server\odoo\modules\registry.py", line 244, in __getitem__
    return self.models[model_name]
           ~~~~~~~~~~~^^^^^^^^^^^^
KeyError: 'purchase.order'
2026-06-08 13:46:45,058 6480 INFO kelapa werkzeug: 127.0.0.1 - - [08/Jun/2026 13:46:45] "POST /mail/data HTTP/1.1" 200 - 24 0.015 0.025
2026-06-08 13:46:45,107 6480 INFO kelapa werkzeug: 127.0.0.1 - - [08/Jun/2026 13:46:45] "GET /web/manifest.webmanifest HTTP/1.1" 200 - 7 0.015 0.015
2026-06-08 13:46:45,118 6480 INFO kelapa werkzeug: 127.0.0.1 - - [08/Jun/2026 13:46:45] "GET /web/image?model=res.users&field=avatar_128&id=2 HTTP/1.1" 304 - 9 0.013 0.027
2026-06-08 13:46:45,248 6480 INFO kelapa werkzeug: 127.0.0.1 - - [08/Jun/2026 13:46:45] "POST /mail/data HTTP/1.1" 200 - 69 0.092 0.080
2026-06-08 13:46:45,258 6480 INFO kelapa werkzeug: 127.0.0.1 - - [08/Jun/2026 13:46:45] "GET /bus/websocket_worker_bundle?v=18.0-7 HTTP/1.1" 304 - 3 0.003 0.006
2026-06-08 13:46:45,402 6480 INFO kelapa werkzeug: 127.0.0.1 - - [08/Jun/2026 13:46:45] "POST /mail/inbox/messages HTTP/1.1" 200 - 5 0.008 0.004
2026-06-08 13:46:45,681 6480 INFO kelapa werkzeug: 127.0.0.1 - - [08/Jun/2026 13:46:45] "GET /websocket?version=18.0-7 HTTP/1.1" 101 - 1 0.001 0.008
2026-06-08 13:46:45,689 6480 INFO kelapa werkzeug: 127.0.0.1 - - [08/Jun/2026 13:46:45] "GET /web/image/res.partner/2/avatar_128?unique=1780925671000 HTTP/1.1" 200 - 7 0.006 0.028
2026-06-08 13:46:54,739 6480 INFO kelapa werkzeug: 127.0.0.1 - - [08/Jun/2026 13:46:54] "GET /odoo/discuss HTTP/1.1" 200 - 20 0.019 0.022
2026-06-08 13:46:55,023 6480 INFO kelapa werkzeug: 127.0.0.1 - - [08/Jun/2026 13:46:55] "POST /web/action/load HTTP/1.1" 200 - 7 0.003 0.013
2026-06-08 13:46:55,222 6480 ERROR kelapa odoo.http: Exception during request handling. 
Traceback (most recent call last):
  File "C:\odoo\odoo18\server\odoo\http.py", line 2577, in __call__
    response = request._serve_db()
               ^^^^^^^^^^^^^^^^^^^
  File "C:\odoo\odoo18\server\odoo\http.py", line 2104, in _serve_db
    return self._transactioning(
           ^^^^^^^^^^^^^^^^^^^^^
  File "C:\odoo\odoo18\server\odoo\http.py", line 2167, in _transactioning
    return service_model.retrying(func, env=self.env)
           ^^^^^^^^^^^^^^^^^^^^^^^^^^^^^^^^^^^^^^^^^^
  File "C:\odoo\odoo18\server\odoo\service\model.py", line 157, in retrying
    result = func()
             ^^^^^^
  File "C:\odoo\odoo18\server\odoo\http.py", line 2134, in _serve_ir_http
    response = self.dispatcher.dispatch(rule.endpoint, args)
               ^^^^^^^^^^^^^^^^^^^^^^^^^^^^^^^^^^^^^^^^^^^^^
  File "C:\odoo\odoo18\server\odoo\http.py", line 2382, in dispatch
    result = self.request.registry['ir.http']._dispatch(endpoint)
             ^^^^^^^^^^^^^^^^^^^^^^^^^^^^^^^^^^^^^^^^^^^^^^^^^^^^
  File "C:\odoo\odoo18\server\odoo\addons\base\models\ir_http.py", line 333, in _dispatch
    result = endpoint(**request.params)
             ^^^^^^^^^^^^^^^^^^^^^^^^^^
  File "C:\odoo\odoo18\server\odoo\http.py", line 754, in route_wrapper
    result = endpoint(self, *args, **params_ok)
             ^^^^^^^^^^^^^^^^^^^^^^^^^^^^^^^^^^
  File "C:\odoo\odoo18\server\odoo\addons\mail\models\discuss\mail_guest.py", line 38, in wrapper
    return func(self, *args, **kwargs)
           ^^^^^^^^^^^^^^^^^^^^^^^^^^^
  File "C:\odoo\odoo18\server\odoo\addons\mail\controllers\webclient.py", line 30, in mail_data
    return self._process_request(**kwargs)
           ^^^^^^^^^^^^^^^^^^^^^^^^^^^^^^^
  File "C:\odoo\odoo18\server\odoo\addons\mail\controllers\webclient.py", line 39, in _process_request
    self._process_request_for_internal_user(store, **kwargs)
  File "C:\odoo\odoo18\server\odoo\addons\mail\controllers\webclient.py", line 98, in _process_request_for_internal_user
    groups = request.env["res.users"]._get_activity_groups()
             ^^^^^^^^^^^^^^^^^^^^^^^^^^^^^^^^^^^^^^^^^^^^^^^
  File "C:\odoo\odoo18\server\odoo\addons\contacts\models\res_users.py", line 15, in _get_activity_groups
    activities = super()._get_activity_groups()
                 ^^^^^^^^^^^^^^^^^^^^^^^^^^^^^^
  File "C:\odoo\odoo18\server\odoo\addons\calendar\models\res_users.py", line 162, in _get_activity_groups
    res = super()._get_activity_groups()
          ^^^^^^^^^^^^^^^^^^^^^^^^^^^^^^
  File "C:\odoo\odoo18\server\odoo\addons\mail\models\res_users.py", line 330, in _get_activity_groups
    record = self.env[activity.res_model].browse(activity.res_id)
             ~~~~~~~~^^^^^^^^^^^^^^^^^^^^
  File "C:\odoo\odoo18\server\odoo\api.py", line 614, in __getitem__
    return self.registry[model_name](self, (), ())
           ~~~~~~~~~~~~~^^^^^^^^^^^^
  File "C:\odoo\odoo18\server\odoo\modules\registry.py", line 244, in __getitem__
    return self.models[model_name]
           ~~~~~~~~~~~^^^^^^^^^^^^
KeyError: 'purchase.order'
2026-06-08 13:46:55,224 6480 INFO kelapa werkzeug: 127.0.0.1 - - [08/Jun/2026 13:46:55] "POST /mail/data HTTP/1.1" 200 - 24 0.021 0.025
2026-06-08 13:46:55,265 6480 INFO kelapa werkzeug: 127.0.0.1 - - [08/Jun/2026 13:46:55] "GET /web/manifest.webmanifest HTTP/1.1" 200 - 7 0.022 0.015
2026-06-08 13:46:55,276 6480 INFO kelapa werkzeug: 127.0.0.1 - - [08/Jun/2026 13:46:55] "GET /web/image?model=res.users&field=avatar_128&id=2 HTTP/1.1" 304 - 9 0.016 0.030
2026-06-08 13:46:55,372 6480 INFO kelapa werkzeug: 127.0.0.1 - - [08/Jun/2026 13:46:55] "POST /mail/data HTTP/1.1" 200 - 63 0.069 0.075
2026-06-08 13:46:55,383 6480 INFO kelapa werkzeug: 127.0.0.1 - - [08/Jun/2026 13:46:55] "GET /bus/websocket_worker_bundle?v=18.0-7 HTTP/1.1" 304 - 3 0.003 0.005
2026-06-08 13:46:55,771 6480 INFO kelapa werkzeug: 127.0.0.1 - - [08/Jun/2026 13:46:55] "POST /mail/inbox/messages HTTP/1.1" 200 - 3 0.003 0.009
2026-06-08 13:46:55,773 6480 INFO kelapa werkzeug: 127.0.0.1 - - [08/Jun/2026 13:46:55] "GET /websocket?version=18.0-7 HTTP/1.1" 101 - 1 0.001 0.010
2026-06-08 13:47:18,644 6480 INFO kelapa werkzeug: 127.0.0.1 - - [08/Jun/2026 13:47:18] "POST /web/action/load HTTP/1.1" 200 - 11 0.005 0.011
2026-06-08 13:47:18,989 6480 INFO kelapa werkzeug: 127.0.0.1 - - [08/Jun/2026 13:47:18] "POST /web/dataset/call_kw/purchase.order/get_views HTTP/1.1" 200 - 1 0.001 0.003
2026-06-08 13:47:40,504 6480 ERROR ? odoo.addons.bus.models.bus: Bus.loop error, sleep and retry 
Traceback (most recent call last):
  File "C:\odoo\odoo18\server\odoo\addons\bus\models\bus.py", line 259, in run
    self.loop()
  File "C:\odoo\odoo18\server\odoo\addons\bus\models\bus.py", line 244, in loop
    conn.poll()
psycopg2.OperationalError: server closed the connection unexpectedly
	This probably means the server terminated abnormally
	before or while processing the request.

2026-06-08 13:47:40,532 6480 INFO kelapa odoo.sql_db: Connection to the database failed 
2026-06-08 13:47:40,532 6480 WARNING kelapa odoo.addons.base.models.ir_cron: Exception in cron: 
Traceback (most recent call last):
  File "C:\odoo\odoo18\server\odoo\addons\base\models\ir_cron.py", line 132, in _process_jobs
    with db.cursor() as cron_cr:
         ^^^^^^^^^^^
  File "C:\odoo\odoo18\server\odoo\sql_db.py", line 812, in cursor
    return Cursor(self.__pool, self.__dbname, self.__dsn)
           ^^^^^^^^^^^^^^^^^^^^^^^^^^^^^^^^^^^^^^^^^^^^^^
  File "C:\odoo\odoo18\server\odoo\sql_db.py", line 295, in __init__
    self._cnx = pool.borrow(dsn)
                ^^^^^^^^^^^^^^^^
  File "C:\odoo\odoo18\python\Lib\site-packages\decorator.py", line 232, in fun
    return caller(func, *(extras + args), **kw)
           ^^^^^^^^^^^^^^^^^^^^^^^^^^^^^^^^^^^^
  File "C:\odoo\odoo18\server\odoo\tools\func.py", line 97, in locked
    return func(inst, *args, **kwargs)
           ^^^^^^^^^^^^^^^^^^^^^^^^^^^
  File "C:\odoo\odoo18\server\odoo\sql_db.py", line 739, in borrow
    result = psycopg2.connect(
             ^^^^^^^^^^^^^^^^^
  File "C:\odoo\odoo18\python\Lib\site-packages\psycopg2\__init__.py", line 122, in connect
    conn = _connect(dsn, connection_factory=connection_factory, **kwasync)
           ^^^^^^^^^^^^^^^^^^^^^^^^^^^^^^^^^^^^^^^^^^^^^^^^^^^^^^^^^^^^^^^
psycopg2.OperationalError: connection to server at "localhost" (::1), port 5432 failed: FATAL:  the database system is shutting down

2026-06-08 13:47:40,587 6480 INFO ? odoo.service.server: Initiating shutdown 
2026-06-08 13:47:40,591 6480 INFO ? odoo.service.server: Hit CTRL-C again or send a second signal to force the shutdown. 
2026-06-08 13:47:40,976 6480 INFO ? odoo.sql_db: ConnectionPool(read/write;used=0/count=0/max=64): Closed 7 connections  
2026-06-08 13:48:11,125 6428 INFO ? odoo: Odoo version 18.0-20260415 
2026-06-08 13:48:11,127 6428 INFO ? odoo: Using configuration file at C:\odoo\odoo18\server\odoo.conf 
2026-06-08 13:48:11,127 6428 INFO ? odoo: addons paths: ['C:\\odoo\\odoo18\\server\\odoo\\addons', 'c:\\odoo\\odoo18\\sessions\\addons\\18.0', 'c:\\odoo\\odoo18\\server\\odoo\\addons', 'c:\\odoo\\odoo18\\server\\custom'] 
2026-06-08 13:48:11,127 6428 INFO ? odoo: database: openpg@localhost:5432 
2026-06-08 13:48:11,622 6428 INFO ? odoo.addons.base.models.ir_actions_report: Will use the Wkhtmltopdf binary at C:\Program Files\wkhtmltopdf\bin\wkhtmltopdf.exe 
2026-06-08 13:48:11,679 6428 INFO ? odoo.addons.base.models.ir_actions_report: Will use the Wkhtmltoimage binary at C:\Program Files\wkhtmltopdf\bin\wkhtmltoimage.exe 
2026-06-08 13:48:12,419 6428 INFO ? odoo.service.server: HTTP service (werkzeug) running on DIANTAMELA:8069 
2026-06-08 13:50:20,078 6428 INFO ? odoo.modules.loading: loading 1 modules... 
2026-06-08 13:50:20,088 6428 INFO ? odoo.modules.loading: 1 modules loaded in 0.01s, 0 queries (+0 extra) 
2026-06-08 13:50:22,064 6428 INFO ? odoo.modules.loading: loading 91 modules... 
2026-06-08 13:50:25,790 6428 INFO ? odoo.modules.loading: 91 modules loaded in 3.73s, 0 queries (+0 extra) 
2026-06-08 13:50:26,249 6428 INFO ? odoo.modules.loading: Modules loaded. 
2026-06-08 13:50:26,270 6428 INFO ? odoo.modules.registry: Registry loaded in 6.461s 
2026-06-08 13:50:26,272 6428 INFO kelapa odoo.addons.base.models.ir_http: Generating routing map for key None 
2026-06-08 13:50:26,424 6428 INFO kelapa werkzeug: 127.0.0.1 - - [08/Jun/2026 13:50:26] "GET / HTTP/1.1" 303 - 25 0.364 6.266
2026-06-08 13:50:26,605 6428 ERROR kelapa odoo.addons.base.models.ir_model: Missing model purchase.order 
2026-06-08 13:50:26,613 6428 ERROR kelapa odoo.addons.base.models.ir_model: Missing model purchase.order 
2026-06-08 13:50:26,618 6428 ERROR kelapa odoo.addons.base.models.ir_model: Missing model purchase.report 
2026-06-08 13:50:27,590 6428 INFO kelapa odoo.tools.translate: Skipped deprecated occurrence selection:hr.payslip.line,condition_select 
2026-06-08 13:50:27,590 6428 INFO kelapa odoo.tools.translate: Skipped deprecated occurrence selection:hr.salary.rule,condition_select 
2026-06-08 13:50:27,590 6428 INFO kelapa odoo.tools.translate: Skipped deprecated occurrence selection:hr.contract,schedule_pay 
2026-06-08 13:50:27,590 6428 INFO kelapa odoo.tools.translate: Skipped deprecated occurrence selection:hr.contract,schedule_pay 
2026-06-08 13:50:27,592 6428 INFO kelapa odoo.tools.translate: Skipped deprecated occurrence selection:hr.contract,schedule_pay 
2026-06-08 13:50:27,592 6428 INFO kelapa odoo.tools.translate: Skipped deprecated occurrence selection:hr.payslip.run,state 
2026-06-08 13:50:27,592 6428 INFO kelapa odoo.tools.translate: Skipped deprecated occurrence selection:hr.payslip,state 
2026-06-08 13:50:27,592 6428 INFO kelapa odoo.tools.translate: Skipped deprecated occurrence selection:hr.payslip,state 
2026-06-08 13:50:27,592 6428 INFO kelapa odoo.tools.translate: Skipped deprecated occurrence selection:hr.payslip.run,state 
2026-06-08 13:50:27,593 6428 INFO kelapa odoo.tools.translate: Skipped deprecated occurrence selection:hr.payslip.line,amount_select 
2026-06-08 13:50:27,593 6428 INFO kelapa odoo.tools.translate: Skipped deprecated occurrence selection:hr.salary.rule,amount_select 
2026-06-08 13:50:27,593 6428 INFO kelapa odoo.tools.translate: Skipped deprecated occurrence selection:hr.contract,schedule_pay 
2026-06-08 13:50:27,594 6428 INFO kelapa odoo.tools.translate: Skipped deprecated occurrence selection:hr.payslip.line,amount_select 
2026-06-08 13:50:27,594 6428 INFO kelapa odoo.tools.translate: Skipped deprecated occurrence selection:hr.salary.rule,amount_select 
2026-06-08 13:50:27,594 6428 INFO kelapa odoo.tools.translate: Skipped deprecated occurrence selection:hr.payslip.line,amount_select 
2026-06-08 13:50:27,594 6428 INFO kelapa odoo.tools.translate: Skipped deprecated occurrence selection:hr.salary.rule,amount_select 
2026-06-08 13:50:27,594 6428 INFO kelapa odoo.tools.translate: Skipped deprecated occurrence selection:hr.payslip.line,condition_select 
2026-06-08 13:50:27,594 6428 INFO kelapa odoo.tools.translate: Skipped deprecated occurrence selection:hr.salary.rule,condition_select 
2026-06-08 13:50:27,594 6428 INFO kelapa odoo.tools.translate: Skipped deprecated occurrence selection:hr.contract,schedule_pay 
2026-06-08 13:50:27,594 6428 INFO kelapa odoo.tools.translate: Skipped deprecated occurrence selection:hr.payslip.line,condition_select 
2026-06-08 13:50:27,594 6428 INFO kelapa odoo.tools.translate: Skipped deprecated occurrence selection:hr.salary.rule,condition_select 
2026-06-08 13:50:27,594 6428 INFO kelapa odoo.tools.translate: Skipped deprecated occurrence selection:hr.payslip,state 
2026-06-08 13:50:27,595 6428 INFO kelapa odoo.tools.translate: Skipped deprecated occurrence selection:hr.contract,schedule_pay 
2026-06-08 13:50:27,595 6428 INFO kelapa odoo.tools.translate: Skipped deprecated occurrence selection:hr.payslip,state 
2026-06-08 13:50:27,595 6428 INFO kelapa odoo.tools.translate: Skipped deprecated occurrence selection:hr.contract,schedule_pay 
2026-06-08 13:50:35,394 6428 INFO kelapa werkzeug: 127.0.0.1 - - [08/Jun/2026 13:50:35] "GET /odoo HTTP/1.1" 200 - 106 0.472 8.480
2026-06-08 13:50:35,605 6428 INFO kelapa werkzeug: 127.0.0.1 - - [08/Jun/2026 13:50:35] "GET /web/manifest.webmanifest HTTP/1.1" 200 - 9 0.013 0.021
2026-06-08 13:50:36,094 6428 INFO kelapa werkzeug: 127.0.0.1 - - [08/Jun/2026 13:50:36] "POST /web/action/load HTTP/1.1" 200 - 7 0.015 0.009
2026-06-08 13:50:36,389 6428 INFO kelapa werkzeug: 127.0.0.1 - - [08/Jun/2026 13:50:36] "GET /web/image?model=res.users&field=avatar_128&id=2 HTTP/1.1" 304 - 17 0.103 0.138
2026-06-08 13:50:36,441 6428 INFO kelapa werkzeug: 127.0.0.1 - - [08/Jun/2026 13:50:36] "GET /bus/websocket_worker_bundle?v=18.0-7 HTTP/1.1" 304 - 4 0.017 0.088
2026-06-08 13:50:36,590 6428 INFO kelapa werkzeug: 127.0.0.1 - - [08/Jun/2026 13:50:36] "POST /mail/data HTTP/1.1" 200 - 74 0.261 0.150
2026-06-08 13:50:36,678 6428 ERROR kelapa odoo.http: Exception during request handling. 
Traceback (most recent call last):
  File "C:\odoo\odoo18\server\odoo\http.py", line 2577, in __call__
    response = request._serve_db()
               ^^^^^^^^^^^^^^^^^^^
  File "C:\odoo\odoo18\server\odoo\http.py", line 2104, in _serve_db
    return self._transactioning(
           ^^^^^^^^^^^^^^^^^^^^^
  File "C:\odoo\odoo18\server\odoo\http.py", line 2167, in _transactioning
    return service_model.retrying(func, env=self.env)
           ^^^^^^^^^^^^^^^^^^^^^^^^^^^^^^^^^^^^^^^^^^
  File "C:\odoo\odoo18\server\odoo\service\model.py", line 157, in retrying
    result = func()
             ^^^^^^
  File "C:\odoo\odoo18\server\odoo\http.py", line 2134, in _serve_ir_http
    response = self.dispatcher.dispatch(rule.endpoint, args)
               ^^^^^^^^^^^^^^^^^^^^^^^^^^^^^^^^^^^^^^^^^^^^^
  File "C:\odoo\odoo18\server\odoo\http.py", line 2382, in dispatch
    result = self.request.registry['ir.http']._dispatch(endpoint)
             ^^^^^^^^^^^^^^^^^^^^^^^^^^^^^^^^^^^^^^^^^^^^^^^^^^^^
  File "C:\odoo\odoo18\server\odoo\addons\base\models\ir_http.py", line 333, in _dispatch
    result = endpoint(**request.params)
             ^^^^^^^^^^^^^^^^^^^^^^^^^^
  File "C:\odoo\odoo18\server\odoo\http.py", line 754, in route_wrapper
    result = endpoint(self, *args, **params_ok)
             ^^^^^^^^^^^^^^^^^^^^^^^^^^^^^^^^^^
  File "C:\odoo\odoo18\server\odoo\addons\mail\models\discuss\mail_guest.py", line 38, in wrapper
    return func(self, *args, **kwargs)
           ^^^^^^^^^^^^^^^^^^^^^^^^^^^
  File "C:\odoo\odoo18\server\odoo\addons\mail\controllers\webclient.py", line 30, in mail_data
    return self._process_request(**kwargs)
           ^^^^^^^^^^^^^^^^^^^^^^^^^^^^^^^
  File "C:\odoo\odoo18\server\odoo\addons\mail\controllers\webclient.py", line 39, in _process_request
    self._process_request_for_internal_user(store, **kwargs)
  File "C:\odoo\odoo18\server\odoo\addons\mail\controllers\webclient.py", line 98, in _process_request_for_internal_user
    groups = request.env["res.users"]._get_activity_groups()
             ^^^^^^^^^^^^^^^^^^^^^^^^^^^^^^^^^^^^^^^^^^^^^^^
  File "C:\odoo\odoo18\server\odoo\addons\contacts\models\res_users.py", line 15, in _get_activity_groups
    activities = super()._get_activity_groups()
                 ^^^^^^^^^^^^^^^^^^^^^^^^^^^^^^
  File "C:\odoo\odoo18\server\odoo\addons\calendar\models\res_users.py", line 162, in _get_activity_groups
    res = super()._get_activity_groups()
          ^^^^^^^^^^^^^^^^^^^^^^^^^^^^^^
  File "C:\odoo\odoo18\server\odoo\addons\mail\models\res_users.py", line 330, in _get_activity_groups
    record = self.env[activity.res_model].browse(activity.res_id)
             ~~~~~~~~^^^^^^^^^^^^^^^^^^^^
  File "C:\odoo\odoo18\server\odoo\api.py", line 614, in __getitem__
    return self.registry[model_name](self, (), ())
           ~~~~~~~~~~~~~^^^^^^^^^^^^
  File "C:\odoo\odoo18\server\odoo\modules\registry.py", line 244, in __getitem__
    return self.models[model_name]
           ~~~~~~~~~~~^^^^^^^^^^^^
KeyError: 'purchase.order'
2026-06-08 13:50:36,680 6428 INFO kelapa werkzeug: 127.0.0.1 - - [08/Jun/2026 13:50:36] "POST /mail/data HTTP/1.1" 200 - 35 0.211 0.322
2026-06-08 13:50:36,719 6428 INFO kelapa werkzeug: 127.0.0.1 - - [08/Jun/2026 13:50:36] "POST /mail/inbox/messages HTTP/1.1" 200 - 5 0.007 0.008
2026-06-08 13:50:36,767 6428 INFO kelapa werkzeug: 127.0.0.1 - - [08/Jun/2026 13:50:36] "GET /websocket?version=18.0-7 HTTP/1.1" 101 - 1 0.001 0.007
2026-06-08 13:50:37,111 6428 INFO ? odoo.addons.bus.models.bus: Bus.loop listen imbus on db postgres 
2026-06-08 13:50:38,667 6428 INFO kelapa werkzeug: 127.0.0.1 - - [08/Jun/2026 13:50:38] "GET /web/service-worker.js HTTP/1.1" 200 - 1 0.001 0.052
2026-06-08 13:50:46,986 6428 INFO kelapa werkzeug: 127.0.0.1 - - [08/Jun/2026 13:50:46] "GET /odoo/discuss HTTP/1.1" 200 - 20 0.018 0.022
2026-06-08 13:50:47,280 6428 INFO kelapa werkzeug: 127.0.0.1 - - [08/Jun/2026 13:50:47] "POST /web/action/load HTTP/1.1" 200 - 7 0.008 0.009
2026-06-08 13:50:47,477 6428 ERROR kelapa odoo.http: Exception during request handling. 
Traceback (most recent call last):
  File "C:\odoo\odoo18\server\odoo\http.py", line 2577, in __call__
    response = request._serve_db()
               ^^^^^^^^^^^^^^^^^^^
  File "C:\odoo\odoo18\server\odoo\http.py", line 2104, in _serve_db
    return self._transactioning(
           ^^^^^^^^^^^^^^^^^^^^^
  File "C:\odoo\odoo18\server\odoo\http.py", line 2167, in _transactioning
    return service_model.retrying(func, env=self.env)
           ^^^^^^^^^^^^^^^^^^^^^^^^^^^^^^^^^^^^^^^^^^
  File "C:\odoo\odoo18\server\odoo\service\model.py", line 157, in retrying
    result = func()
             ^^^^^^
  File "C:\odoo\odoo18\server\odoo\http.py", line 2134, in _serve_ir_http
    response = self.dispatcher.dispatch(rule.endpoint, args)
               ^^^^^^^^^^^^^^^^^^^^^^^^^^^^^^^^^^^^^^^^^^^^^
  File "C:\odoo\odoo18\server\odoo\http.py", line 2382, in dispatch
    result = self.request.registry['ir.http']._dispatch(endpoint)
             ^^^^^^^^^^^^^^^^^^^^^^^^^^^^^^^^^^^^^^^^^^^^^^^^^^^^
  File "C:\odoo\odoo18\server\odoo\addons\base\models\ir_http.py", line 333, in _dispatch
    result = endpoint(**request.params)
             ^^^^^^^^^^^^^^^^^^^^^^^^^^
  File "C:\odoo\odoo18\server\odoo\http.py", line 754, in route_wrapper
    result = endpoint(self, *args, **params_ok)
             ^^^^^^^^^^^^^^^^^^^^^^^^^^^^^^^^^^
  File "C:\odoo\odoo18\server\odoo\addons\mail\models\discuss\mail_guest.py", line 38, in wrapper
    return func(self, *args, **kwargs)
           ^^^^^^^^^^^^^^^^^^^^^^^^^^^
  File "C:\odoo\odoo18\server\odoo\addons\mail\controllers\webclient.py", line 30, in mail_data
    return self._process_request(**kwargs)
           ^^^^^^^^^^^^^^^^^^^^^^^^^^^^^^^
  File "C:\odoo\odoo18\server\odoo\addons\mail\controllers\webclient.py", line 39, in _process_request
    self._process_request_for_internal_user(store, **kwargs)
  File "C:\odoo\odoo18\server\odoo\addons\mail\controllers\webclient.py", line 98, in _process_request_for_internal_user
    groups = request.env["res.users"]._get_activity_groups()
             ^^^^^^^^^^^^^^^^^^^^^^^^^^^^^^^^^^^^^^^^^^^^^^^
  File "C:\odoo\odoo18\server\odoo\addons\contacts\models\res_users.py", line 15, in _get_activity_groups
    activities = super()._get_activity_groups()
                 ^^^^^^^^^^^^^^^^^^^^^^^^^^^^^^
  File "C:\odoo\odoo18\server\odoo\addons\calendar\models\res_users.py", line 162, in _get_activity_groups
    res = super()._get_activity_groups()
          ^^^^^^^^^^^^^^^^^^^^^^^^^^^^^^
  File "C:\odoo\odoo18\server\odoo\addons\mail\models\res_users.py", line 330, in _get_activity_groups
    record = self.env[activity.res_model].browse(activity.res_id)
             ~~~~~~~~^^^^^^^^^^^^^^^^^^^^
  File "C:\odoo\odoo18\server\odoo\api.py", line 614, in __getitem__
    return self.registry[model_name](self, (), ())
           ~~~~~~~~~~~~~^^^^^^^^^^^^
  File "C:\odoo\odoo18\server\odoo\modules\registry.py", line 244, in __getitem__
    return self.models[model_name]
           ~~~~~~~~~~~^^^^^^^^^^^^
KeyError: 'purchase.order'
2026-06-08 13:50:47,479 6428 INFO kelapa werkzeug: 127.0.0.1 - - [08/Jun/2026 13:50:47] "POST /mail/data HTTP/1.1" 200 - 24 0.021 0.025
2026-06-08 13:50:47,552 6428 INFO kelapa werkzeug: 127.0.0.1 - - [08/Jun/2026 13:50:47] "GET /web/manifest.webmanifest HTTP/1.1" 200 - 7 0.024 0.018
2026-06-08 13:50:47,566 6428 INFO kelapa werkzeug: 127.0.0.1 - - [08/Jun/2026 13:50:47] "GET /web/image?model=res.users&field=avatar_128&id=2 HTTP/1.1" 304 - 9 0.031 0.023
2026-06-08 13:50:47,645 6428 INFO kelapa werkzeug: 127.0.0.1 - - [08/Jun/2026 13:50:47] "POST /mail/data HTTP/1.1" 200 - 63 0.067 0.069
2026-06-08 13:50:47,646 6428 INFO kelapa werkzeug: 127.0.0.1 - - [08/Jun/2026 13:50:47] "GET /bus/websocket_worker_bundle?v=18.0-7 HTTP/1.1" 304 - 3 0.003 0.011
2026-06-08 13:50:48,049 6428 INFO kelapa werkzeug: 127.0.0.1 - - [08/Jun/2026 13:50:48] "POST /mail/inbox/messages HTTP/1.1" 200 - 3 0.003 0.007
2026-06-08 13:50:48,060 6428 INFO kelapa werkzeug: 127.0.0.1 - - [08/Jun/2026 13:50:48] "GET /websocket?version=18.0-7 HTTP/1.1" 101 - 1 0.001 0.008
2026-06-08 13:50:49,252 6428 INFO kelapa werkzeug: 127.0.0.1 - - [08/Jun/2026 13:50:49] "GET /web/service-worker.js HTTP/1.1" 200 - 1 0.001 0.005
2026-06-08 13:50:57,769 6428 INFO kelapa werkzeug: 127.0.0.1 - - [08/Jun/2026 13:50:57] "POST /web/action/load HTTP/1.1" 200 - 12 0.021 0.285
2026-06-08 13:50:57,932 6428 INFO kelapa werkzeug: 127.0.0.1 - - [08/Jun/2026 13:50:57] "POST /web/dataset/call_kw/calendar.event/get_views HTTP/1.1" 200 - 61 0.059 0.082
2026-06-08 13:50:58,335 6428 INFO kelapa werkzeug: 127.0.0.1 - - [08/Jun/2026 13:50:58] "POST /web/dataset/call_kw/calendar.event/get_unusual_days HTTP/1.1" 200 - 15 0.045 0.030
2026-06-08 13:50:58,529 6428 INFO kelapa werkzeug: 127.0.0.1 - - [08/Jun/2026 13:50:58] "POST /web/dataset/call_kw/calendar.filters/search_read HTTP/1.1" 200 - 4 0.014 0.006
2026-06-08 13:50:58,768 6428 INFO kelapa werkzeug: 127.0.0.1 - - [08/Jun/2026 13:50:58] "POST /web/dataset/call_kw/calendar.event/search_read HTTP/1.1" 200 - 23 0.056 0.063
2026-06-08 13:50:58,865 6428 INFO kelapa werkzeug: 127.0.0.1 - - [08/Jun/2026 13:50:58] "POST /web/dataset/call_kw/res.partner/get_attendee_detail HTTP/1.1" 200 - 10 0.009 0.021
2026-06-08 13:50:59,124 6428 INFO kelapa werkzeug: 127.0.0.1 - - [08/Jun/2026 13:50:59] "POST /web/dataset/call_kw/res.partner/get_working_hours_for_all_attendees HTTP/1.1" 200 - 20 0.018 0.025
2026-06-08 13:50:59,181 6428 INFO kelapa werkzeug: 127.0.0.1 - - [08/Jun/2026 13:50:59] "POST /calendar/check_credentials HTTP/1.1" 200 - 1 0.001 0.004
2026-06-08 13:50:59,447 6428 INFO kelapa werkzeug: 127.0.0.1 - - [08/Jun/2026 13:50:59] "POST /web/dataset/call_kw/res.users/check_synchronization_status HTTP/1.1" 200 - 1 0.001 0.006
2026-06-08 13:50:59,458 6428 INFO kelapa werkzeug: 127.0.0.1 - - [08/Jun/2026 13:50:59] "POST /web/dataset/call_kw/calendar.event/get_default_duration HTTP/1.1" 200 - 5 0.008 0.009
2026-06-08 13:50:59,519 6428 INFO kelapa werkzeug: 127.0.0.1 - - [08/Jun/2026 13:50:59] "GET /web/bundle/web.fullcalendar_lib?lang=id_ID&debug=1 HTTP/1.1" 200 - 2 0.002 0.006
2026-06-08 13:50:59,999 6428 INFO kelapa werkzeug: 127.0.0.1 - - [08/Jun/2026 13:50:59] "GET /web/image/res.partner/3/avatar_128 HTTP/1.1" 200 - 8 0.023 0.018
2026-06-08 13:51:00,004 6428 INFO kelapa werkzeug: 127.0.0.1 - - [08/Jun/2026 13:51:00] "GET /web/image/res.partner/7/avatar_128 HTTP/1.1" 200 - 8 0.023 0.022
2026-06-08 13:51:00,010 6428 INFO kelapa werkzeug: 127.0.0.1 - - [08/Jun/2026 13:51:00] "GET /web/image/res.partner/9/avatar_128 HTTP/1.1" 200 - 7 0.022 0.031
2026-06-08 13:51:04,495 6428 INFO kelapa werkzeug: 127.0.0.1 - - [08/Jun/2026 13:51:04] "POST /web/action/load HTTP/1.1" 200 - 10 0.008 0.009
2026-06-08 13:51:04,876 6428 INFO kelapa werkzeug: 127.0.0.1 - - [08/Jun/2026 13:51:04] "POST /web/dataset/call_kw/link.tracker/get_views HTTP/1.1" 200 - 20 0.013 0.027
2026-06-08 13:51:05,101 6428 INFO kelapa werkzeug: 127.0.0.1 - - [08/Jun/2026 13:51:05] "POST /web/dataset/call_kw/link.tracker/web_search_read HTTP/1.1" 200 - 3 0.011 0.005
2026-06-08 13:51:05,201 6428 INFO kelapa werkzeug: 127.0.0.1 - - [08/Jun/2026 13:51:05] "POST /web/dataset/call_kw/res.users/has_group HTTP/1.1" 200 - 1 0.001 0.004
2026-06-08 13:51:08,502 6428 INFO kelapa werkzeug: 127.0.0.1 - - [08/Jun/2026 13:51:08] "POST /web/action/load HTTP/1.1" 200 - 9 0.010 0.011
2026-06-08 13:51:08,946 6428 INFO kelapa werkzeug: 127.0.0.1 - - [08/Jun/2026 13:51:08] "POST /web/dataset/call_kw/stock.picking.type/get_views HTTP/1.1" 200 - 48 0.056 0.061
2026-06-08 13:51:09,643 6428 INFO kelapa werkzeug: 127.0.0.1 - - [08/Jun/2026 13:51:09] "POST /web/dataset/call_kw/stock.picking.type/web_search_read HTTP/1.1" 200 - 31 0.115 0.260
2026-06-08 13:51:09,997 6428 INFO kelapa werkzeug: 127.0.0.1 - - [08/Jun/2026 13:51:09] "GET /web/bundle/web.chartjs_lib?lang=id_ID&debug=1 HTTP/1.1" 200 - 2 0.001 0.008
2026-06-08 13:51:15,915 6428 INFO ? werkzeug: 127.0.0.1 - - [08/Jun/2026 13:51:15] "GET /web/static/img/smiling_face.svg HTTP/1.1" 304 - 0 0.000 10.678
