2026-07-25 09:41:20,335 33100 INFO ? odoo: Odoo version 18.0-20260415 
2026-07-25 09:41:20,336 33100 INFO ? odoo: Using configuration file at C:\odoo\odoo18\server\odoo.conf 
2026-07-25 09:41:20,336 33100 INFO ? odoo: addons paths: ['C:\\odoo\\odoo18\\server\\odoo\\addons', 'c:\\odoo\\odoo18\\sessions\\addons\\18.0', 'c:\\odoo\\odoo18\\server\\odoo\\addons', 'c:\\odoo\\odoo18\\server\\custom'] 
2026-07-25 09:41:20,336 33100 INFO ? odoo: database: openpg@localhost:5432 
2026-07-25 09:41:20,597 33100 INFO ? odoo.addons.base.models.ir_actions_report: Will use the Wkhtmltopdf binary at C:\Program Files\wkhtmltopdf\bin\wkhtmltopdf.exe 
2026-07-25 09:41:20,621 33100 INFO ? odoo.addons.base.models.ir_actions_report: Will use the Wkhtmltoimage binary at C:\Program Files\wkhtmltopdf\bin\wkhtmltoimage.exe 
2026-07-25 09:41:21,136 33100 INFO diansukses odoo.modules.loading: loading 1 modules... 
2026-07-25 09:41:21,142 33100 INFO diansukses odoo.modules.loading: 1 modules loaded in 0.01s, 0 queries (+0 extra) 
2026-07-25 09:41:21,173 33100 INFO diansukses odoo.modules.loading: updating modules list 
2026-07-25 09:41:21,180 33100 INFO diansukses odoo.addons.base.models.ir_module: ALLOW access to module.update_list on [] to user __system__ #1 via n/a 
2026-07-25 09:41:21,419 33100 WARNING diansukses odoo.modules.module: Missing `license` key in manifest for 'coco_theme', defaulting to LGPL-3 
2026-07-25 09:41:21,430 33100 WARNING diansukses odoo.modules.module: Missing `license` key in manifest for 'coconut_inventory', defaulting to LGPL-3 
2026-07-25 09:41:23,192 33100 INFO diansukses odoo.addons.base.models.ir_module: ALLOW access to module.button_upgrade on ['Penerimaan & Manufaktur Kelapa', 'Coconut Security & Access Control'] to user __system__ #1 via n/a 
2026-07-25 09:41:23,192 33100 INFO diansukses odoo.addons.base.models.ir_module: ALLOW access to module.update_list on ['Penerimaan & Manufaktur Kelapa', 'Coconut Security & Access Control'] to user __system__ #1 via n/a 
2026-07-25 09:41:24,612 33100 INFO diansukses odoo.addons.base.models.ir_module: ALLOW access to module.button_install on [] to user __system__ #1 via n/a 
2026-07-25 09:41:25,156 33100 INFO diansukses odoo.modules.loading: loading 82 modules... 
2026-07-25 09:41:27,573 33100 INFO diansukses odoo.modules.loading: Loading module coconut_receiving (71/82) 
2026-07-25 09:41:28,063 33100 WARNING diansukses odoo.fields: Field coconut.manufacturing.receipt_id: unknown parameter 'deprecated', if this is an actual parameter you may want to override the method _valid_field_parameter on the relevant model in order to allow it 
2026-07-25 09:41:28,064 33100 WARNING diansukses odoo.fields: Field coconut.manufacturing.receipt_code: unknown parameter 'deprecated', if this is an actual parameter you may want to override the method _valid_field_parameter on the relevant model in order to allow it 
2026-07-25 09:41:28,065 33100 WARNING diansukses odoo.fields: Field coconut.manufacturing.supplier_id: unknown parameter 'deprecated', if this is an actual parameter you may want to override the method _valid_field_parameter on the relevant model in order to allow it 
2026-07-25 09:41:28,067 33100 WARNING diansukses odoo.fields: Field coconut.manufacturing.coconut_origin: unknown parameter 'deprecated', if this is an actual parameter you may want to override the method _valid_field_parameter on the relevant model in order to allow it 
2026-07-25 09:41:28,068 33100 WARNING diansukses odoo.fields: Field coconut.manufacturing.receipt_date: unknown parameter 'deprecated', if this is an actual parameter you may want to override the method _valid_field_parameter on the relevant model in order to allow it 
2026-07-25 09:41:28,068 33100 WARNING diansukses odoo.fields: Field coconut.manufacturing.net_received_weight: unknown parameter 'deprecated', if this is an actual parameter you may want to override the method _valid_field_parameter on the relevant model in order to allow it 
2026-07-25 09:41:28,068 33100 WARNING diansukses odoo.fields: Field coconut.manufacturing.vehicle_number: unknown parameter 'deprecated', if this is an actual parameter you may want to override the method _valid_field_parameter on the relevant model in order to allow it 
2026-07-25 09:41:28,068 33100 WARNING diansukses odoo.fields: Field coconut.manufacturing.driver_name: unknown parameter 'deprecated', if this is an actual parameter you may want to override the method _valid_field_parameter on the relevant model in order to allow it 
2026-07-25 09:41:28,068 33100 WARNING diansukses odoo.fields: Field coconut.manufacturing.machine_sheller_input: unknown parameter 'deprecated', if this is an actual parameter you may want to override the method _valid_field_parameter on the relevant model in order to allow it 
2026-07-25 09:41:28,069 33100 WARNING diansukses odoo.fields: Field coconut.manufacturing.manual_sheller_input: unknown parameter 'deprecated', if this is an actual parameter you may want to override the method _valid_field_parameter on the relevant model in order to allow it 
2026-07-25 09:41:28,069 33100 WARNING diansukses odoo.fields: Field coconut.manufacturing.machine_sheller_output: unknown parameter 'deprecated', if this is an actual parameter you may want to override the method _valid_field_parameter on the relevant model in order to allow it 
2026-07-25 09:41:28,069 33100 WARNING diansukses odoo.fields: Field coconut.manufacturing.manual_sheller_output: unknown parameter 'deprecated', if this is an actual parameter you may want to override the method _valid_field_parameter on the relevant model in order to allow it 
2026-07-25 09:41:28,069 33100 WARNING diansukses odoo.fields: Field coconut.manufacturing.total_sheller_input: unknown parameter 'deprecated', if this is an actual parameter you may want to override the method _valid_field_parameter on the relevant model in order to allow it 
2026-07-25 09:41:28,069 33100 WARNING diansukses odoo.fields: Field coconut.manufacturing.total_sheller_output: unknown parameter 'deprecated', if this is an actual parameter you may want to override the method _valid_field_parameter on the relevant model in order to allow it 
2026-07-25 09:41:28,069 33100 WARNING diansukses odoo.fields: Field coconut.manufacturing.remaining_layak: unknown parameter 'deprecated', if this is an actual parameter you may want to override the method _valid_field_parameter on the relevant model in order to allow it 
2026-07-25 09:41:28,069 33100 WARNING diansukses odoo.fields: Field coconut.manufacturing.remaining_reject: unknown parameter 'deprecated', if this is an actual parameter you may want to override the method _valid_field_parameter on the relevant model in order to allow it 
2026-07-25 09:41:28,070 33100 WARNING diansukses odoo.fields: Field coconut.manufacturing.available_kelapa_sheller: unknown parameter 'deprecated', if this is an actual parameter you may want to override the method _valid_field_parameter on the relevant model in order to allow it 
2026-07-25 09:41:28,070 33100 WARNING diansukses odoo.fields: Field coconut.manufacturing.parer_input: unknown parameter 'deprecated', if this is an actual parameter you may want to override the method _valid_field_parameter on the relevant model in order to allow it 
2026-07-25 09:41:28,070 33100 WARNING diansukses odoo.fields: Field coconut.manufacturing.parer_output: unknown parameter 'deprecated', if this is an actual parameter you may want to override the method _valid_field_parameter on the relevant model in order to allow it 
2026-07-25 09:41:28,070 33100 WARNING diansukses odoo.fields: Field coconut.manufacturing.remaining_kelapa_sheller: unknown parameter 'deprecated', if this is an actual parameter you may want to override the method _valid_field_parameter on the relevant model in order to allow it 
2026-07-25 09:41:28,070 33100 WARNING diansukses odoo.fields: Field coconut.manufacturing.parer_notes: unknown parameter 'deprecated', if this is an actual parameter you may want to override the method _valid_field_parameter on the relevant model in order to allow it 
2026-07-25 09:41:28,070 33100 WARNING diansukses odoo.fields: Field coconut.manufacturing.shell_consume_layak_move_id: unknown parameter 'deprecated', if this is an actual parameter you may want to override the method _valid_field_parameter on the relevant model in order to allow it 
2026-07-25 09:41:28,070 33100 WARNING diansukses odoo.fields: Field coconut.manufacturing.shell_consume_reject_move_id: unknown parameter 'deprecated', if this is an actual parameter you may want to override the method _valid_field_parameter on the relevant model in order to allow it 
2026-07-25 09:41:28,071 33100 WARNING diansukses odoo.fields: Field coconut.manufacturing.shell_output_move_id: unknown parameter 'deprecated', if this is an actual parameter you may want to override the method _valid_field_parameter on the relevant model in order to allow it 
2026-07-25 09:41:28,071 33100 WARNING diansukses odoo.fields: Field coconut.manufacturing.parer_consume_move_id: unknown parameter 'deprecated', if this is an actual parameter you may want to override the method _valid_field_parameter on the relevant model in order to allow it 
2026-07-25 09:41:28,071 33100 WARNING diansukses odoo.fields: Field coconut.manufacturing.parer_output_move_id: unknown parameter 'deprecated', if this is an actual parameter you may want to override the method _valid_field_parameter on the relevant model in order to allow it 
2026-07-25 09:41:28,071 33100 WARNING diansukses odoo.fields: Field coconut.manufacturing.transfer_perrer_manual_qty: unknown parameter 'deprecated', if this is an actual parameter you may want to override the method _valid_field_parameter on the relevant model in order to allow it 
2026-07-25 09:41:28,071 33100 WARNING diansukses odoo.fields: Field coconut.manufacturing.available_hasil_sheller_manual: unknown parameter 'deprecated', if this is an actual parameter you may want to override the method _valid_field_parameter on the relevant model in order to allow it 
2026-07-25 09:41:28,072 33100 WARNING diansukses odoo.fields: Field coconut.manufacturing.remaining_hasil_sheller_manual: unknown parameter 'deprecated', if this is an actual parameter you may want to override the method _valid_field_parameter on the relevant model in order to allow it 
2026-07-25 09:41:28,072 33100 WARNING diansukses odoo.fields: Field coconut.manufacturing.realisasi_sheller_mesin: unknown parameter 'deprecated', if this is an actual parameter you may want to override the method _valid_field_parameter on the relevant model in order to allow it 
2026-07-25 09:41:28,072 33100 WARNING diansukses odoo.fields: Field coconut.manufacturing.realisasi_sheller_manual: unknown parameter 'deprecated', if this is an actual parameter you may want to override the method _valid_field_parameter on the relevant model in order to allow it 
2026-07-25 09:41:28,072 33100 WARNING diansukses odoo.fields: Field coconut.manufacturing.realisasi_total_sheller: unknown parameter 'deprecated', if this is an actual parameter you may want to override the method _valid_field_parameter on the relevant model in order to allow it 
2026-07-25 09:41:28,073 33100 WARNING diansukses odoo.fields: Field coconut.manufacturing.realisasi_sisa_sheller: unknown parameter 'deprecated', if this is an actual parameter you may want to override the method _valid_field_parameter on the relevant model in order to allow it 
2026-07-25 09:41:28,073 33100 WARNING diansukses odoo.fields: Field coconut.manufacturing.realisasi_perrer_mesin: unknown parameter 'deprecated', if this is an actual parameter you may want to override the method _valid_field_parameter on the relevant model in order to allow it 
2026-07-25 09:41:28,073 33100 WARNING diansukses odoo.fields: Field coconut.manufacturing.realisasi_perrer_manual: unknown parameter 'deprecated', if this is an actual parameter you may want to override the method _valid_field_parameter on the relevant model in order to allow it 
2026-07-25 09:41:28,073 33100 WARNING diansukses odoo.fields: Field coconut.manufacturing.realisasi_total_perrer: unknown parameter 'deprecated', if this is an actual parameter you may want to override the method _valid_field_parameter on the relevant model in order to allow it 
2026-07-25 09:41:28,073 33100 WARNING diansukses odoo.fields: Field coconut.manufacturing.realisasi_sisa_perrer: unknown parameter 'deprecated', if this is an actual parameter you may want to override the method _valid_field_parameter on the relevant model in order to allow it 
2026-07-25 09:41:28,073 33100 WARNING diansukses odoo.fields: Field coconut.manufacturing.realisasi_state: unknown parameter 'deprecated', if this is an actual parameter you may want to override the method _valid_field_parameter on the relevant model in order to allow it 
2026-07-25 09:41:28,127 33100 INFO diansukses odoo.modules.registry: module coconut_receiving: creating or updating database tables 
2026-07-25 09:41:28,226 33100 WARNING diansukses odoo.addons.base.models.ir_model: Two fields (material_wasted, total_material_terbuang) of coconut.manufacturing() have the same label: Total Material Terbuang (Kg). [Modules: coconut_receiving and coconut_receiving] 
2026-07-25 09:41:28,226 33100 WARNING diansukses odoo.addons.base.models.ir_model: Two fields (sheller_mesin_qty, layak_to_sheller_mesin) of coconut.manufacturing() have the same label: Kelapa Layak ke Sheller Mesin (Kg). [Modules: coconut_receiving and coconut_receiving] 
2026-07-25 09:41:28,227 33100 WARNING diansukses odoo.addons.base.models.ir_model: Two fields (sheller_manual_qty, reject_to_sheller_manual) of coconut.manufacturing() have the same label: Kelapa Reject ke Sheller Manual (Kg). [Modules: coconut_receiving and coconut_receiving] 
2026-07-25 09:41:28,438 33100 INFO diansukses odoo.modules.loading: loading coconut_receiving/security/ir.model.access.csv 
2026-07-25 09:41:28,498 33100 INFO diansukses odoo.modules.loading: loading coconut_receiving/data/sequence.xml 
2026-07-25 09:41:28,513 33100 INFO diansukses odoo.modules.loading: loading coconut_receiving/data/product_data.xml 
2026-07-25 09:41:28,852 33100 INFO diansukses odoo.modules.loading: loading coconut_receiving/data/location_data.xml 
2026-07-25 09:41:28,947 33100 INFO diansukses odoo.modules.loading: loading coconut_receiving/views/coconut_receipt_views.xml 
2026-07-25 09:41:29,040 33100 INFO diansukses odoo.modules.loading: loading coconut_receiving/views/coconut_manufacturing_report.xml 
2026-07-25 09:41:29,067 33100 INFO diansukses odoo.modules.loading: loading coconut_receiving/views/coconut_sorting_report.xml 
2026-07-25 09:41:29,107 33100 INFO diansukses odoo.modules.loading: loading coconut_receiving/views/coconut_manufacturing_views.xml 
2026-07-25 09:41:29,267 33100 INFO diansukses odoo.modules.loading: loading coconut_receiving/wizard/coconut_sorting_print_wizard_views.xml 
2026-07-25 09:41:29,292 33100 INFO diansukses odoo.modules.loading: loading coconut_receiving/views/coconut_stock_report_views.xml 
2026-07-25 09:41:29,349 33100 INFO diansukses odoo.modules.loading: loading coconut_receiving/views/coconut_sorting_views.xml 
2026-07-25 09:41:29,410 33100 INFO diansukses odoo.modules.loading: loading coconut_receiving/views/hasil_kerja_harian_views.xml 
2026-07-25 09:41:29,445 33100 INFO diansukses odoo.modules.loading: loading coconut_receiving/views/material_terbuang_views.xml 
2026-07-25 09:41:29,479 33100 INFO diansukses odoo.modules.loading: loading coconut_receiving/views/finalisasi_kelapa_mp_views.xml 
2026-07-25 09:41:29,515 33100 INFO diansukses odoo.modules.loading: loading coconut_receiving/views/menu_views.xml 
2026-07-25 09:41:29,670 33100 INFO diansukses odoo.modules.loading: loading coconut_receiving/views/custom_views.xml 
2026-07-25 09:41:30,087 33100 INFO diansukses odoo.addons.base.models.ir_module: module coconut_receiving: no translation for language id_ID 
2026-07-25 09:41:30,144 33100 INFO diansukses odoo.modules.loading: Module coconut_receiving loaded in 2.57s, 1333 queries (+1333 other) 
2026-07-25 09:41:30,217 33100 INFO diansukses odoo.modules.loading: Loading module coconut_payroll (78/82) 
2026-07-25 09:41:30,391 33100 WARNING diansukses odoo.fields: Field coconut.manufacturing.receipt_id: unknown parameter 'deprecated', if this is an actual parameter you may want to override the method _valid_field_parameter on the relevant model in order to allow it 
2026-07-25 09:41:30,391 33100 WARNING diansukses odoo.fields: Field coconut.manufacturing.receipt_code: unknown parameter 'deprecated', if this is an actual parameter you may want to override the method _valid_field_parameter on the relevant model in order to allow it 
2026-07-25 09:41:30,391 33100 WARNING diansukses odoo.fields: Field coconut.manufacturing.supplier_id: unknown parameter 'deprecated', if this is an actual parameter you may want to override the method _valid_field_parameter on the relevant model in order to allow it 
2026-07-25 09:41:30,391 33100 WARNING diansukses odoo.fields: Field coconut.manufacturing.coconut_origin: unknown parameter 'deprecated', if this is an actual parameter you may want to override the method _valid_field_parameter on the relevant model in order to allow it 
2026-07-25 09:41:30,391 33100 WARNING diansukses odoo.fields: Field coconut.manufacturing.receipt_date: unknown parameter 'deprecated', if this is an actual parameter you may want to override the method _valid_field_parameter on the relevant model in order to allow it 
2026-07-25 09:41:30,391 33100 WARNING diansukses odoo.fields: Field coconut.manufacturing.net_received_weight: unknown parameter 'deprecated', if this is an actual parameter you may want to override the method _valid_field_parameter on the relevant model in order to allow it 
2026-07-25 09:41:30,391 33100 WARNING diansukses odoo.fields: Field coconut.manufacturing.vehicle_number: unknown parameter 'deprecated', if this is an actual parameter you may want to override the method _valid_field_parameter on the relevant model in order to allow it 
2026-07-25 09:41:30,391 33100 WARNING diansukses odoo.fields: Field coconut.manufacturing.driver_name: unknown parameter 'deprecated', if this is an actual parameter you may want to override the method _valid_field_parameter on the relevant model in order to allow it 
2026-07-25 09:41:30,392 33100 WARNING diansukses odoo.fields: Field coconut.manufacturing.machine_sheller_input: unknown parameter 'deprecated', if this is an actual parameter you may want to override the method _valid_field_parameter on the relevant model in order to allow it 
2026-07-25 09:41:30,392 33100 WARNING diansukses odoo.fields: Field coconut.manufacturing.manual_sheller_input: unknown parameter 'deprecated', if this is an actual parameter you may want to override the method _valid_field_parameter on the relevant model in order to allow it 
2026-07-25 09:41:30,392 33100 WARNING diansukses odoo.fields: Field coconut.manufacturing.machine_sheller_output: unknown parameter 'deprecated', if this is an actual parameter you may want to override the method _valid_field_parameter on the relevant model in order to allow it 
2026-07-25 09:41:30,392 33100 WARNING diansukses odoo.fields: Field coconut.manufacturing.manual_sheller_output: unknown parameter 'deprecated', if this is an actual parameter you may want to override the method _valid_field_parameter on the relevant model in order to allow it 
2026-07-25 09:41:30,392 33100 WARNING diansukses odoo.fields: Field coconut.manufacturing.total_sheller_input: unknown parameter 'deprecated', if this is an actual parameter you may want to override the method _valid_field_parameter on the relevant model in order to allow it 
2026-07-25 09:41:30,392 33100 WARNING diansukses odoo.fields: Field coconut.manufacturing.total_sheller_output: unknown parameter 'deprecated', if this is an actual parameter you may want to override the method _valid_field_parameter on the relevant model in order to allow it 
2026-07-25 09:41:30,392 33100 WARNING diansukses odoo.fields: Field coconut.manufacturing.remaining_layak: unknown parameter 'deprecated', if this is an actual parameter you may want to override the method _valid_field_parameter on the relevant model in order to allow it 
2026-07-25 09:41:30,392 33100 WARNING diansukses odoo.fields: Field coconut.manufacturing.remaining_reject: unknown parameter 'deprecated', if this is an actual parameter you may want to override the method _valid_field_parameter on the relevant model in order to allow it 
2026-07-25 09:41:30,392 33100 WARNING diansukses odoo.fields: Field coconut.manufacturing.available_kelapa_sheller: unknown parameter 'deprecated', if this is an actual parameter you may want to override the method _valid_field_parameter on the relevant model in order to allow it 
2026-07-25 09:41:30,392 33100 WARNING diansukses odoo.fields: Field coconut.manufacturing.parer_input: unknown parameter 'deprecated', if this is an actual parameter you may want to override the method _valid_field_parameter on the relevant model in order to allow it 
2026-07-25 09:41:30,392 33100 WARNING diansukses odoo.fields: Field coconut.manufacturing.parer_output: unknown parameter 'deprecated', if this is an actual parameter you may want to override the method _valid_field_parameter on the relevant model in order to allow it 
2026-07-25 09:41:30,392 33100 WARNING diansukses odoo.fields: Field coconut.manufacturing.remaining_kelapa_sheller: unknown parameter 'deprecated', if this is an actual parameter you may want to override the method _valid_field_parameter on the relevant model in order to allow it 
2026-07-25 09:41:30,392 33100 WARNING diansukses odoo.fields: Field coconut.manufacturing.parer_notes: unknown parameter 'deprecated', if this is an actual parameter you may want to override the method _valid_field_parameter on the relevant model in order to allow it 
2026-07-25 09:41:30,392 33100 WARNING diansukses odoo.fields: Field coconut.manufacturing.shell_consume_layak_move_id: unknown parameter 'deprecated', if this is an actual parameter you may want to override the method _valid_field_parameter on the relevant model in order to allow it 
2026-07-25 09:41:30,392 33100 WARNING diansukses odoo.fields: Field coconut.manufacturing.shell_consume_reject_move_id: unknown parameter 'deprecated', if this is an actual parameter you may want to override the method _valid_field_parameter on the relevant model in order to allow it 
2026-07-25 09:41:30,392 33100 WARNING diansukses odoo.fields: Field coconut.manufacturing.shell_output_move_id: unknown parameter 'deprecated', if this is an actual parameter you may want to override the method _valid_field_parameter on the relevant model in order to allow it 
2026-07-25 09:41:30,392 33100 WARNING diansukses odoo.fields: Field coconut.manufacturing.parer_consume_move_id: unknown parameter 'deprecated', if this is an actual parameter you may want to override the method _valid_field_parameter on the relevant model in order to allow it 
2026-07-25 09:41:30,392 33100 WARNING diansukses odoo.fields: Field coconut.manufacturing.parer_output_move_id: unknown parameter 'deprecated', if this is an actual parameter you may want to override the method _valid_field_parameter on the relevant model in order to allow it 
2026-07-25 09:41:30,392 33100 WARNING diansukses odoo.fields: Field coconut.manufacturing.transfer_perrer_manual_qty: unknown parameter 'deprecated', if this is an actual parameter you may want to override the method _valid_field_parameter on the relevant model in order to allow it 
2026-07-25 09:41:30,392 33100 WARNING diansukses odoo.fields: Field coconut.manufacturing.available_hasil_sheller_manual: unknown parameter 'deprecated', if this is an actual parameter you may want to override the method _valid_field_parameter on the relevant model in order to allow it 
2026-07-25 09:41:30,392 33100 WARNING diansukses odoo.fields: Field coconut.manufacturing.remaining_hasil_sheller_manual: unknown parameter 'deprecated', if this is an actual parameter you may want to override the method _valid_field_parameter on the relevant model in order to allow it 
2026-07-25 09:41:30,393 33100 WARNING diansukses odoo.fields: Field coconut.manufacturing.realisasi_sheller_mesin: unknown parameter 'deprecated', if this is an actual parameter you may want to override the method _valid_field_parameter on the relevant model in order to allow it 
2026-07-25 09:41:30,393 33100 WARNING diansukses odoo.fields: Field coconut.manufacturing.realisasi_sheller_manual: unknown parameter 'deprecated', if this is an actual parameter you may want to override the method _valid_field_parameter on the relevant model in order to allow it 
2026-07-25 09:41:30,393 33100 WARNING diansukses odoo.fields: Field coconut.manufacturing.realisasi_total_sheller: unknown parameter 'deprecated', if this is an actual parameter you may want to override the method _valid_field_parameter on the relevant model in order to allow it 
2026-07-25 09:41:30,393 33100 WARNING diansukses odoo.fields: Field coconut.manufacturing.realisasi_sisa_sheller: unknown parameter 'deprecated', if this is an actual parameter you may want to override the method _valid_field_parameter on the relevant model in order to allow it 
2026-07-25 09:41:30,393 33100 WARNING diansukses odoo.fields: Field coconut.manufacturing.realisasi_perrer_mesin: unknown parameter 'deprecated', if this is an actual parameter you may want to override the method _valid_field_parameter on the relevant model in order to allow it 
2026-07-25 09:41:30,393 33100 WARNING diansukses odoo.fields: Field coconut.manufacturing.realisasi_perrer_manual: unknown parameter 'deprecated', if this is an actual parameter you may want to override the method _valid_field_parameter on the relevant model in order to allow it 
2026-07-25 09:41:30,393 33100 WARNING diansukses odoo.fields: Field coconut.manufacturing.realisasi_total_perrer: unknown parameter 'deprecated', if this is an actual parameter you may want to override the method _valid_field_parameter on the relevant model in order to allow it 
2026-07-25 09:41:30,393 33100 WARNING diansukses odoo.fields: Field coconut.manufacturing.realisasi_sisa_perrer: unknown parameter 'deprecated', if this is an actual parameter you may want to override the method _valid_field_parameter on the relevant model in order to allow it 
2026-07-25 09:41:30,393 33100 WARNING diansukses odoo.fields: Field coconut.manufacturing.realisasi_state: unknown parameter 'deprecated', if this is an actual parameter you may want to override the method _valid_field_parameter on the relevant model in order to allow it 
2026-07-25 09:41:30,727 33100 WARNING diansukses odoo.fields: Field coconut.manufacturing.receipt_id: unknown parameter 'deprecated', if this is an actual parameter you may want to override the method _valid_field_parameter on the relevant model in order to allow it 
2026-07-25 09:41:30,727 33100 WARNING diansukses odoo.fields: Field coconut.manufacturing.receipt_code: unknown parameter 'deprecated', if this is an actual parameter you may want to override the method _valid_field_parameter on the relevant model in order to allow it 
2026-07-25 09:41:30,727 33100 WARNING diansukses odoo.fields: Field coconut.manufacturing.supplier_id: unknown parameter 'deprecated', if this is an actual parameter you may want to override the method _valid_field_parameter on the relevant model in order to allow it 
2026-07-25 09:41:30,728 33100 WARNING diansukses odoo.fields: Field coconut.manufacturing.coconut_origin: unknown parameter 'deprecated', if this is an actual parameter you may want to override the method _valid_field_parameter on the relevant model in order to allow it 
2026-07-25 09:41:30,728 33100 WARNING diansukses odoo.fields: Field coconut.manufacturing.receipt_date: unknown parameter 'deprecated', if this is an actual parameter you may want to override the method _valid_field_parameter on the relevant model in order to allow it 
2026-07-25 09:41:30,728 33100 WARNING diansukses odoo.fields: Field coconut.manufacturing.net_received_weight: unknown parameter 'deprecated', if this is an actual parameter you may want to override the method _valid_field_parameter on the relevant model in order to allow it 
2026-07-25 09:41:30,728 33100 WARNING diansukses odoo.fields: Field coconut.manufacturing.vehicle_number: unknown parameter 'deprecated', if this is an actual parameter you may want to override the method _valid_field_parameter on the relevant model in order to allow it 
2026-07-25 09:41:30,728 33100 WARNING diansukses odoo.fields: Field coconut.manufacturing.driver_name: unknown parameter 'deprecated', if this is an actual parameter you may want to override the method _valid_field_parameter on the relevant model in order to allow it 
2026-07-25 09:41:30,728 33100 WARNING diansukses odoo.fields: Field coconut.manufacturing.machine_sheller_input: unknown parameter 'deprecated', if this is an actual parameter you may want to override the method _valid_field_parameter on the relevant model in order to allow it 
2026-07-25 09:41:30,728 33100 WARNING diansukses odoo.fields: Field coconut.manufacturing.manual_sheller_input: unknown parameter 'deprecated', if this is an actual parameter you may want to override the method _valid_field_parameter on the relevant model in order to allow it 
2026-07-25 09:41:30,728 33100 WARNING diansukses odoo.fields: Field coconut.manufacturing.machine_sheller_output: unknown parameter 'deprecated', if this is an actual parameter you may want to override the method _valid_field_parameter on the relevant model in order to allow it 
2026-07-25 09:41:30,728 33100 WARNING diansukses odoo.fields: Field coconut.manufacturing.manual_sheller_output: unknown parameter 'deprecated', if this is an actual parameter you may want to override the method _valid_field_parameter on the relevant model in order to allow it 
2026-07-25 09:41:30,728 33100 WARNING diansukses odoo.fields: Field coconut.manufacturing.total_sheller_input: unknown parameter 'deprecated', if this is an actual parameter you may want to override the method _valid_field_parameter on the relevant model in order to allow it 
2026-07-25 09:41:30,728 33100 WARNING diansukses odoo.fields: Field coconut.manufacturing.total_sheller_output: unknown parameter 'deprecated', if this is an actual parameter you may want to override the method _valid_field_parameter on the relevant model in order to allow it 
2026-07-25 09:41:30,728 33100 WARNING diansukses odoo.fields: Field coconut.manufacturing.remaining_layak: unknown parameter 'deprecated', if this is an actual parameter you may want to override the method _valid_field_parameter on the relevant model in order to allow it 
2026-07-25 09:41:30,728 33100 WARNING diansukses odoo.fields: Field coconut.manufacturing.remaining_reject: unknown parameter 'deprecated', if this is an actual parameter you may want to override the method _valid_field_parameter on the relevant model in order to allow it 
2026-07-25 09:41:30,728 33100 WARNING diansukses odoo.fields: Field coconut.manufacturing.available_kelapa_sheller: unknown parameter 'deprecated', if this is an actual parameter you may want to override the method _valid_field_parameter on the relevant model in order to allow it 
2026-07-25 09:41:30,728 33100 WARNING diansukses odoo.fields: Field coconut.manufacturing.parer_input: unknown parameter 'deprecated', if this is an actual parameter you may want to override the method _valid_field_parameter on the relevant model in order to allow it 
2026-07-25 09:41:30,728 33100 WARNING diansukses odoo.fields: Field coconut.manufacturing.parer_output: unknown parameter 'deprecated', if this is an actual parameter you may want to override the method _valid_field_parameter on the relevant model in order to allow it 
2026-07-25 09:41:30,728 33100 WARNING diansukses odoo.fields: Field coconut.manufacturing.remaining_kelapa_sheller: unknown parameter 'deprecated', if this is an actual parameter you may want to override the method _valid_field_parameter on the relevant model in order to allow it 
2026-07-25 09:41:30,728 33100 WARNING diansukses odoo.fields: Field coconut.manufacturing.parer_notes: unknown parameter 'deprecated', if this is an actual parameter you may want to override the method _valid_field_parameter on the relevant model in order to allow it 
2026-07-25 09:41:30,728 33100 WARNING diansukses odoo.fields: Field coconut.manufacturing.shell_consume_layak_move_id: unknown parameter 'deprecated', if this is an actual parameter you may want to override the method _valid_field_parameter on the relevant model in order to allow it 
2026-07-25 09:41:30,729 33100 WARNING diansukses odoo.fields: Field coconut.manufacturing.shell_consume_reject_move_id: unknown parameter 'deprecated', if this is an actual parameter you may want to override the method _valid_field_parameter on the relevant model in order to allow it 
2026-07-25 09:41:30,729 33100 WARNING diansukses odoo.fields: Field coconut.manufacturing.shell_output_move_id: unknown parameter 'deprecated', if this is an actual parameter you may want to override the method _valid_field_parameter on the relevant model in order to allow it 
2026-07-25 09:41:30,729 33100 WARNING diansukses odoo.fields: Field coconut.manufacturing.parer_consume_move_id: unknown parameter 'deprecated', if this is an actual parameter you may want to override the method _valid_field_parameter on the relevant model in order to allow it 
2026-07-25 09:41:30,729 33100 WARNING diansukses odoo.fields: Field coconut.manufacturing.parer_output_move_id: unknown parameter 'deprecated', if this is an actual parameter you may want to override the method _valid_field_parameter on the relevant model in order to allow it 
2026-07-25 09:41:30,729 33100 WARNING diansukses odoo.fields: Field coconut.manufacturing.transfer_perrer_manual_qty: unknown parameter 'deprecated', if this is an actual parameter you may want to override the method _valid_field_parameter on the relevant model in order to allow it 
2026-07-25 09:41:30,729 33100 WARNING diansukses odoo.fields: Field coconut.manufacturing.available_hasil_sheller_manual: unknown parameter 'deprecated', if this is an actual parameter you may want to override the method _valid_field_parameter on the relevant model in order to allow it 
2026-07-25 09:41:30,729 33100 WARNING diansukses odoo.fields: Field coconut.manufacturing.remaining_hasil_sheller_manual: unknown parameter 'deprecated', if this is an actual parameter you may want to override the method _valid_field_parameter on the relevant model in order to allow it 
2026-07-25 09:41:30,729 33100 WARNING diansukses odoo.fields: Field coconut.manufacturing.realisasi_sheller_mesin: unknown parameter 'deprecated', if this is an actual parameter you may want to override the method _valid_field_parameter on the relevant model in order to allow it 
2026-07-25 09:41:30,729 33100 WARNING diansukses odoo.fields: Field coconut.manufacturing.realisasi_sheller_manual: unknown parameter 'deprecated', if this is an actual parameter you may want to override the method _valid_field_parameter on the relevant model in order to allow it 
2026-07-25 09:41:30,729 33100 WARNING diansukses odoo.fields: Field coconut.manufacturing.realisasi_total_sheller: unknown parameter 'deprecated', if this is an actual parameter you may want to override the method _valid_field_parameter on the relevant model in order to allow it 
2026-07-25 09:41:30,729 33100 WARNING diansukses odoo.fields: Field coconut.manufacturing.realisasi_sisa_sheller: unknown parameter 'deprecated', if this is an actual parameter you may want to override the method _valid_field_parameter on the relevant model in order to allow it 
2026-07-25 09:41:30,729 33100 WARNING diansukses odoo.fields: Field coconut.manufacturing.realisasi_perrer_mesin: unknown parameter 'deprecated', if this is an actual parameter you may want to override the method _valid_field_parameter on the relevant model in order to allow it 
2026-07-25 09:41:30,729 33100 WARNING diansukses odoo.fields: Field coconut.manufacturing.realisasi_perrer_manual: unknown parameter 'deprecated', if this is an actual parameter you may want to override the method _valid_field_parameter on the relevant model in order to allow it 
2026-07-25 09:41:30,729 33100 WARNING diansukses odoo.fields: Field coconut.manufacturing.realisasi_total_perrer: unknown parameter 'deprecated', if this is an actual parameter you may want to override the method _valid_field_parameter on the relevant model in order to allow it 
2026-07-25 09:41:30,729 33100 WARNING diansukses odoo.fields: Field coconut.manufacturing.realisasi_sisa_perrer: unknown parameter 'deprecated', if this is an actual parameter you may want to override the method _valid_field_parameter on the relevant model in order to allow it 
2026-07-25 09:41:30,729 33100 WARNING diansukses odoo.fields: Field coconut.manufacturing.realisasi_state: unknown parameter 'deprecated', if this is an actual parameter you may want to override the method _valid_field_parameter on the relevant model in order to allow it 
2026-07-25 09:41:30,770 33100 INFO diansukses odoo.modules.registry: module coconut_payroll: creating or updating database tables 
2026-07-25 09:41:30,988 33100 WARNING diansukses odoo.addons.base.models.ir_model: Two fields (material_wasted, total_material_terbuang) of coconut.manufacturing() have the same label: Total Material Terbuang (Kg). [Modules: coconut_receiving and coconut_receiving] 
2026-07-25 09:41:30,988 33100 WARNING diansukses odoo.addons.base.models.ir_model: Two fields (sheller_mesin_qty, layak_to_sheller_mesin) of coconut.manufacturing() have the same label: Kelapa Layak ke Sheller Mesin (Kg). [Modules: coconut_receiving and coconut_receiving] 
2026-07-25 09:41:30,988 33100 WARNING diansukses odoo.addons.base.models.ir_model: Two fields (sheller_manual_qty, reject_to_sheller_manual) of coconut.manufacturing() have the same label: Kelapa Reject ke Sheller Manual (Kg). [Modules: coconut_receiving and coconut_receiving] 
2026-07-25 09:41:31,169 33100 INFO diansukses odoo.schema: Keep unexpected index coconut_payroll_premium_rule__company_id_index on table coconut_payroll_premium_rule 
2026-07-25 09:41:31,169 33100 INFO diansukses odoo.schema: Keep unexpected index coconut_work_result__company_id_index on table coconut_work_result 
2026-07-25 09:41:31,215 33100 INFO diansukses odoo.modules.loading: loading coconut_payroll/security/payroll_security.xml 
2026-07-25 09:41:31,411 33100 INFO diansukses odoo.modules.loading: loading coconut_payroll/security/ir.model.access.csv 
2026-07-25 09:41:31,514 33100 INFO diansukses odoo.modules.loading: loading coconut_payroll/data/payroll_sequence.xml 
2026-07-25 09:41:31,519 33100 INFO diansukses odoo.modules.loading: loading coconut_payroll/data/payroll_rmp_sequence.xml 
2026-07-25 09:41:31,522 33100 INFO diansukses odoo.modules.loading: loading coconut_payroll/data/res_company_data.xml 
2026-07-25 09:41:31,525 33100 INFO diansukses odoo.modules.loading: loading coconut_payroll/data/payroll_tariff_data.xml 
2026-07-25 09:41:31,536 33100 INFO diansukses odoo.modules.loading: loading coconut_payroll/data/salary_rule_data.xml 
2026-07-25 09:41:31,545 33100 INFO diansukses odoo.modules.loading: loading coconut_payroll/data/premium_rule_data.xml 
2026-07-25 09:41:31,575 33100 INFO diansukses odoo.modules.loading: loading coconut_payroll/views/res_config_settings_views.xml 
2026-07-25 09:41:31,645 33100 INFO diansukses odoo.modules.loading: loading coconut_payroll/views/hr_employee_views.xml 
2026-07-25 09:41:31,686 33100 INFO diansukses odoo.modules.loading: loading coconut_payroll/wizard/hr_payroll_borongan_print_wizard_views.xml 
2026-07-25 09:41:31,701 33100 INFO diansukses odoo.modules.loading: loading coconut_payroll/report/paperformat.xml 
2026-07-25 09:41:31,707 33100 INFO diansukses odoo.modules.loading: loading coconut_payroll/report/report.xml 
2026-07-25 09:41:31,712 33100 INFO diansukses odoo.modules.loading: loading coconut_payroll/report/report_hasil_kerja_borongan_templates.xml 
2026-07-25 09:41:31,724 33100 INFO diansukses odoo.modules.loading: loading coconut_payroll/views/work_result_views.xml 
2026-07-25 09:41:31,772 33100 INFO diansukses odoo.modules.loading: loading coconut_payroll/views/work_sheet_views.xml 
2026-07-25 09:41:31,900 33100 INFO diansukses odoo.modules.loading: loading coconut_payroll/views/coconut_manufacturing_inherit_views.xml 
2026-07-25 09:41:31,926 33100 INFO diansukses odoo.modules.loading: loading coconut_payroll/views/payroll_tariff_views.xml 
2026-07-25 09:41:31,963 33100 INFO diansukses odoo.modules.loading: loading coconut_payroll/views/premium_rule_views.xml 
2026-07-25 09:41:31,994 33100 INFO diansukses odoo.modules.loading: loading coconut_payroll/views/payroll_period_views.xml 
2026-07-25 09:41:32,074 33100 INFO diansukses odoo.modules.loading: loading coconut_payroll/views/payroll_recap_views.xml 
2026-07-25 09:41:32,193 33100 INFO diansukses odoo.modules.loading: loading coconut_payroll/views/employee_loan_views.xml 
2026-07-25 09:41:32,229 33100 INFO diansukses odoo.modules.loading: loading coconut_payroll/views/salary_rule_views.xml 
2026-07-25 09:41:32,257 33100 INFO diansukses odoo.modules.loading: loading coconut_payroll/views/payroll_line_report.xml 
2026-07-25 09:41:32,325 33100 INFO diansukses odoo.modules.loading: loading coconut_payroll/views/payroll_rmp_views.xml 
2026-07-25 09:41:32,360 33100 INFO diansukses odoo.modules.loading: loading coconut_payroll/views/payroll_menu.xml 
2026-07-25 09:41:32,436 33100 INFO diansukses odoo.addons.base.models.ir_module: module coconut_payroll: no translation for language id_ID 
2026-07-25 09:41:32,479 33100 INFO diansukses odoo.modules.loading: Module coconut_payroll loaded in 2.26s, 1144 queries (+1144 other) 
2026-07-25 09:41:32,505 33100 INFO diansukses odoo.modules.loading: Loading module coconut_security (81/82) 
2026-07-25 09:41:32,677 33100 WARNING diansukses odoo.fields: Field coconut.manufacturing.receipt_id: unknown parameter 'deprecated', if this is an actual parameter you may want to override the method _valid_field_parameter on the relevant model in order to allow it 
2026-07-25 09:41:32,677 33100 WARNING diansukses odoo.fields: Field coconut.manufacturing.receipt_code: unknown parameter 'deprecated', if this is an actual parameter you may want to override the method _valid_field_parameter on the relevant model in order to allow it 
2026-07-25 09:41:32,677 33100 WARNING diansukses odoo.fields: Field coconut.manufacturing.supplier_id: unknown parameter 'deprecated', if this is an actual parameter you may want to override the method _valid_field_parameter on the relevant model in order to allow it 
2026-07-25 09:41:32,677 33100 WARNING diansukses odoo.fields: Field coconut.manufacturing.coconut_origin: unknown parameter 'deprecated', if this is an actual parameter you may want to override the method _valid_field_parameter on the relevant model in order to allow it 
2026-07-25 09:41:32,677 33100 WARNING diansukses odoo.fields: Field coconut.manufacturing.receipt_date: unknown parameter 'deprecated', if this is an actual parameter you may want to override the method _valid_field_parameter on the relevant model in order to allow it 
2026-07-25 09:41:32,677 33100 WARNING diansukses odoo.fields: Field coconut.manufacturing.net_received_weight: unknown parameter 'deprecated', if this is an actual parameter you may want to override the method _valid_field_parameter on the relevant model in order to allow it 
2026-07-25 09:41:32,677 33100 WARNING diansukses odoo.fields: Field coconut.manufacturing.vehicle_number: unknown parameter 'deprecated', if this is an actual parameter you may want to override the method _valid_field_parameter on the relevant model in order to allow it 
2026-07-25 09:41:32,677 33100 WARNING diansukses odoo.fields: Field coconut.manufacturing.driver_name: unknown parameter 'deprecated', if this is an actual parameter you may want to override the method _valid_field_parameter on the relevant model in order to allow it 
2026-07-25 09:41:32,677 33100 WARNING diansukses odoo.fields: Field coconut.manufacturing.machine_sheller_input: unknown parameter 'deprecated', if this is an actual parameter you may want to override the method _valid_field_parameter on the relevant model in order to allow it 
2026-07-25 09:41:32,678 33100 WARNING diansukses odoo.fields: Field coconut.manufacturing.manual_sheller_input: unknown parameter 'deprecated', if this is an actual parameter you may want to override the method _valid_field_parameter on the relevant model in order to allow it 
2026-07-25 09:41:32,678 33100 WARNING diansukses odoo.fields: Field coconut.manufacturing.machine_sheller_output: unknown parameter 'deprecated', if this is an actual parameter you may want to override the method _valid_field_parameter on the relevant model in order to allow it 
2026-07-25 09:41:32,678 33100 WARNING diansukses odoo.fields: Field coconut.manufacturing.manual_sheller_output: unknown parameter 'deprecated', if this is an actual parameter you may want to override the method _valid_field_parameter on the relevant model in order to allow it 
2026-07-25 09:41:32,678 33100 WARNING diansukses odoo.fields: Field coconut.manufacturing.total_sheller_input: unknown parameter 'deprecated', if this is an actual parameter you may want to override the method _valid_field_parameter on the relevant model in order to allow it 
2026-07-25 09:41:32,678 33100 WARNING diansukses odoo.fields: Field coconut.manufacturing.total_sheller_output: unknown parameter 'deprecated', if this is an actual parameter you may want to override the method _valid_field_parameter on the relevant model in order to allow it 
2026-07-25 09:41:32,678 33100 WARNING diansukses odoo.fields: Field coconut.manufacturing.remaining_layak: unknown parameter 'deprecated', if this is an actual parameter you may want to override the method _valid_field_parameter on the relevant model in order to allow it 
2026-07-25 09:41:32,678 33100 WARNING diansukses odoo.fields: Field coconut.manufacturing.remaining_reject: unknown parameter 'deprecated', if this is an actual parameter you may want to override the method _valid_field_parameter on the relevant model in order to allow it 
2026-07-25 09:41:32,678 33100 WARNING diansukses odoo.fields: Field coconut.manufacturing.available_kelapa_sheller: unknown parameter 'deprecated', if this is an actual parameter you may want to override the method _valid_field_parameter on the relevant model in order to allow it 
2026-07-25 09:41:32,678 33100 WARNING diansukses odoo.fields: Field coconut.manufacturing.parer_input: unknown parameter 'deprecated', if this is an actual parameter you may want to override the method _valid_field_parameter on the relevant model in order to allow it 
2026-07-25 09:41:32,678 33100 WARNING diansukses odoo.fields: Field coconut.manufacturing.parer_output: unknown parameter 'deprecated', if this is an actual parameter you may want to override the method _valid_field_parameter on the relevant model in order to allow it 
2026-07-25 09:41:32,678 33100 WARNING diansukses odoo.fields: Field coconut.manufacturing.remaining_kelapa_sheller: unknown parameter 'deprecated', if this is an actual parameter you may want to override the method _valid_field_parameter on the relevant model in order to allow it 
2026-07-25 09:41:32,678 33100 WARNING diansukses odoo.fields: Field coconut.manufacturing.parer_notes: unknown parameter 'deprecated', if this is an actual parameter you may want to override the method _valid_field_parameter on the relevant model in order to allow it 
2026-07-25 09:41:32,678 33100 WARNING diansukses odoo.fields: Field coconut.manufacturing.shell_consume_layak_move_id: unknown parameter 'deprecated', if this is an actual parameter you may want to override the method _valid_field_parameter on the relevant model in order to allow it 
2026-07-25 09:41:32,678 33100 WARNING diansukses odoo.fields: Field coconut.manufacturing.shell_consume_reject_move_id: unknown parameter 'deprecated', if this is an actual parameter you may want to override the method _valid_field_parameter on the relevant model in order to allow it 
2026-07-25 09:41:32,678 33100 WARNING diansukses odoo.fields: Field coconut.manufacturing.shell_output_move_id: unknown parameter 'deprecated', if this is an actual parameter you may want to override the method _valid_field_parameter on the relevant model in order to allow it 
2026-07-25 09:41:32,678 33100 WARNING diansukses odoo.fields: Field coconut.manufacturing.parer_consume_move_id: unknown parameter 'deprecated', if this is an actual parameter you may want to override the method _valid_field_parameter on the relevant model in order to allow it 
2026-07-25 09:41:32,678 33100 WARNING diansukses odoo.fields: Field coconut.manufacturing.parer_output_move_id: unknown parameter 'deprecated', if this is an actual parameter you may want to override the method _valid_field_parameter on the relevant model in order to allow it 
2026-07-25 09:41:32,679 33100 WARNING diansukses odoo.fields: Field coconut.manufacturing.transfer_perrer_manual_qty: unknown parameter 'deprecated', if this is an actual parameter you may want to override the method _valid_field_parameter on the relevant model in order to allow it 
2026-07-25 09:41:32,679 33100 WARNING diansukses odoo.fields: Field coconut.manufacturing.available_hasil_sheller_manual: unknown parameter 'deprecated', if this is an actual parameter you may want to override the method _valid_field_parameter on the relevant model in order to allow it 
2026-07-25 09:41:32,679 33100 WARNING diansukses odoo.fields: Field coconut.manufacturing.remaining_hasil_sheller_manual: unknown parameter 'deprecated', if this is an actual parameter you may want to override the method _valid_field_parameter on the relevant model in order to allow it 
2026-07-25 09:41:32,679 33100 WARNING diansukses odoo.fields: Field coconut.manufacturing.realisasi_sheller_mesin: unknown parameter 'deprecated', if this is an actual parameter you may want to override the method _valid_field_parameter on the relevant model in order to allow it 
2026-07-25 09:41:32,679 33100 WARNING diansukses odoo.fields: Field coconut.manufacturing.realisasi_sheller_manual: unknown parameter 'deprecated', if this is an actual parameter you may want to override the method _valid_field_parameter on the relevant model in order to allow it 
2026-07-25 09:41:32,679 33100 WARNING diansukses odoo.fields: Field coconut.manufacturing.realisasi_total_sheller: unknown parameter 'deprecated', if this is an actual parameter you may want to override the method _valid_field_parameter on the relevant model in order to allow it 
2026-07-25 09:41:32,679 33100 WARNING diansukses odoo.fields: Field coconut.manufacturing.realisasi_sisa_sheller: unknown parameter 'deprecated', if this is an actual parameter you may want to override the method _valid_field_parameter on the relevant model in order to allow it 
2026-07-25 09:41:32,679 33100 WARNING diansukses odoo.fields: Field coconut.manufacturing.realisasi_perrer_mesin: unknown parameter 'deprecated', if this is an actual parameter you may want to override the method _valid_field_parameter on the relevant model in order to allow it 
2026-07-25 09:41:32,679 33100 WARNING diansukses odoo.fields: Field coconut.manufacturing.realisasi_perrer_manual: unknown parameter 'deprecated', if this is an actual parameter you may want to override the method _valid_field_parameter on the relevant model in order to allow it 
2026-07-25 09:41:32,679 33100 WARNING diansukses odoo.fields: Field coconut.manufacturing.realisasi_total_perrer: unknown parameter 'deprecated', if this is an actual parameter you may want to override the method _valid_field_parameter on the relevant model in order to allow it 
2026-07-25 09:41:32,679 33100 WARNING diansukses odoo.fields: Field coconut.manufacturing.realisasi_sisa_perrer: unknown parameter 'deprecated', if this is an actual parameter you may want to override the method _valid_field_parameter on the relevant model in order to allow it 
2026-07-25 09:41:32,679 33100 WARNING diansukses odoo.fields: Field coconut.manufacturing.realisasi_state: unknown parameter 'deprecated', if this is an actual parameter you may want to override the method _valid_field_parameter on the relevant model in order to allow it 
2026-07-25 09:41:32,886 33100 WARNING diansukses odoo.fields: Field coconut.manufacturing.receipt_id: unknown parameter 'deprecated', if this is an actual parameter you may want to override the method _valid_field_parameter on the relevant model in order to allow it 
2026-07-25 09:41:32,886 33100 WARNING diansukses odoo.fields: Field coconut.manufacturing.receipt_code: unknown parameter 'deprecated', if this is an actual parameter you may want to override the method _valid_field_parameter on the relevant model in order to allow it 
2026-07-25 09:41:32,886 33100 WARNING diansukses odoo.fields: Field coconut.manufacturing.supplier_id: unknown parameter 'deprecated', if this is an actual parameter you may want to override the method _valid_field_parameter on the relevant model in order to allow it 
2026-07-25 09:41:32,886 33100 WARNING diansukses odoo.fields: Field coconut.manufacturing.coconut_origin: unknown parameter 'deprecated', if this is an actual parameter you may want to override the method _valid_field_parameter on the relevant model in order to allow it 
2026-07-25 09:41:32,886 33100 WARNING diansukses odoo.fields: Field coconut.manufacturing.receipt_date: unknown parameter 'deprecated', if this is an actual parameter you may want to override the method _valid_field_parameter on the relevant model in order to allow it 
2026-07-25 09:41:32,887 33100 WARNING diansukses odoo.fields: Field coconut.manufacturing.net_received_weight: unknown parameter 'deprecated', if this is an actual parameter you may want to override the method _valid_field_parameter on the relevant model in order to allow it 
2026-07-25 09:41:32,887 33100 WARNING diansukses odoo.fields: Field coconut.manufacturing.vehicle_number: unknown parameter 'deprecated', if this is an actual parameter you may want to override the method _valid_field_parameter on the relevant model in order to allow it 
2026-07-25 09:41:32,887 33100 WARNING diansukses odoo.fields: Field coconut.manufacturing.driver_name: unknown parameter 'deprecated', if this is an actual parameter you may want to override the method _valid_field_parameter on the relevant model in order to allow it 
2026-07-25 09:41:32,887 33100 WARNING diansukses odoo.fields: Field coconut.manufacturing.machine_sheller_input: unknown parameter 'deprecated', if this is an actual parameter you may want to override the method _valid_field_parameter on the relevant model in order to allow it 
2026-07-25 09:41:32,887 33100 WARNING diansukses odoo.fields: Field coconut.manufacturing.manual_sheller_input: unknown parameter 'deprecated', if this is an actual parameter you may want to override the method _valid_field_parameter on the relevant model in order to allow it 
2026-07-25 09:41:32,887 33100 WARNING diansukses odoo.fields: Field coconut.manufacturing.machine_sheller_output: unknown parameter 'deprecated', if this is an actual parameter you may want to override the method _valid_field_parameter on the relevant model in order to allow it 
2026-07-25 09:41:32,887 33100 WARNING diansukses odoo.fields: Field coconut.manufacturing.manual_sheller_output: unknown parameter 'deprecated', if this is an actual parameter you may want to override the method _valid_field_parameter on the relevant model in order to allow it 
2026-07-25 09:41:32,887 33100 WARNING diansukses odoo.fields: Field coconut.manufacturing.total_sheller_input: unknown parameter 'deprecated', if this is an actual parameter you may want to override the method _valid_field_parameter on the relevant model in order to allow it 
2026-07-25 09:41:32,887 33100 WARNING diansukses odoo.fields: Field coconut.manufacturing.total_sheller_output: unknown parameter 'deprecated', if this is an actual parameter you may want to override the method _valid_field_parameter on the relevant model in order to allow it 
2026-07-25 09:41:32,887 33100 WARNING diansukses odoo.fields: Field coconut.manufacturing.remaining_layak: unknown parameter 'deprecated', if this is an actual parameter you may want to override the method _valid_field_parameter on the relevant model in order to allow it 
2026-07-25 09:41:32,887 33100 WARNING diansukses odoo.fields: Field coconut.manufacturing.remaining_reject: unknown parameter 'deprecated', if this is an actual parameter you may want to override the method _valid_field_parameter on the relevant model in order to allow it 
2026-07-25 09:41:32,887 33100 WARNING diansukses odoo.fields: Field coconut.manufacturing.available_kelapa_sheller: unknown parameter 'deprecated', if this is an actual parameter you may want to override the method _valid_field_parameter on the relevant model in order to allow it 
2026-07-25 09:41:32,887 33100 WARNING diansukses odoo.fields: Field coconut.manufacturing.parer_input: unknown parameter 'deprecated', if this is an actual parameter you may want to override the method _valid_field_parameter on the relevant model in order to allow it 
2026-07-25 09:41:32,887 33100 WARNING diansukses odoo.fields: Field coconut.manufacturing.parer_output: unknown parameter 'deprecated', if this is an actual parameter you may want to override the method _valid_field_parameter on the relevant model in order to allow it 
2026-07-25 09:41:32,887 33100 WARNING diansukses odoo.fields: Field coconut.manufacturing.remaining_kelapa_sheller: unknown parameter 'deprecated', if this is an actual parameter you may want to override the method _valid_field_parameter on the relevant model in order to allow it 
2026-07-25 09:41:32,887 33100 WARNING diansukses odoo.fields: Field coconut.manufacturing.parer_notes: unknown parameter 'deprecated', if this is an actual parameter you may want to override the method _valid_field_parameter on the relevant model in order to allow it 
2026-07-25 09:41:32,888 33100 WARNING diansukses odoo.fields: Field coconut.manufacturing.shell_consume_layak_move_id: unknown parameter 'deprecated', if this is an actual parameter you may want to override the method _valid_field_parameter on the relevant model in order to allow it 
2026-07-25 09:41:32,888 33100 WARNING diansukses odoo.fields: Field coconut.manufacturing.shell_consume_reject_move_id: unknown parameter 'deprecated', if this is an actual parameter you may want to override the method _valid_field_parameter on the relevant model in order to allow it 
2026-07-25 09:41:32,888 33100 WARNING diansukses odoo.fields: Field coconut.manufacturing.shell_output_move_id: unknown parameter 'deprecated', if this is an actual parameter you may want to override the method _valid_field_parameter on the relevant model in order to allow it 
2026-07-25 09:41:32,888 33100 WARNING diansukses odoo.fields: Field coconut.manufacturing.parer_consume_move_id: unknown parameter 'deprecated', if this is an actual parameter you may want to override the method _valid_field_parameter on the relevant model in order to allow it 
2026-07-25 09:41:32,888 33100 WARNING diansukses odoo.fields: Field coconut.manufacturing.parer_output_move_id: unknown parameter 'deprecated', if this is an actual parameter you may want to override the method _valid_field_parameter on the relevant model in order to allow it 
2026-07-25 09:41:32,888 33100 WARNING diansukses odoo.fields: Field coconut.manufacturing.transfer_perrer_manual_qty: unknown parameter 'deprecated', if this is an actual parameter you may want to override the method _valid_field_parameter on the relevant model in order to allow it 
2026-07-25 09:41:32,888 33100 WARNING diansukses odoo.fields: Field coconut.manufacturing.available_hasil_sheller_manual: unknown parameter 'deprecated', if this is an actual parameter you may want to override the method _valid_field_parameter on the relevant model in order to allow it 
2026-07-25 09:41:32,888 33100 WARNING diansukses odoo.fields: Field coconut.manufacturing.remaining_hasil_sheller_manual: unknown parameter 'deprecated', if this is an actual parameter you may want to override the method _valid_field_parameter on the relevant model in order to allow it 
2026-07-25 09:41:32,888 33100 WARNING diansukses odoo.fields: Field coconut.manufacturing.realisasi_sheller_mesin: unknown parameter 'deprecated', if this is an actual parameter you may want to override the method _valid_field_parameter on the relevant model in order to allow it 
2026-07-25 09:41:32,888 33100 WARNING diansukses odoo.fields: Field coconut.manufacturing.realisasi_sheller_manual: unknown parameter 'deprecated', if this is an actual parameter you may want to override the method _valid_field_parameter on the relevant model in order to allow it 
2026-07-25 09:41:32,888 33100 WARNING diansukses odoo.fields: Field coconut.manufacturing.realisasi_total_sheller: unknown parameter 'deprecated', if this is an actual parameter you may want to override the method _valid_field_parameter on the relevant model in order to allow it 
2026-07-25 09:41:32,888 33100 WARNING diansukses odoo.fields: Field coconut.manufacturing.realisasi_sisa_sheller: unknown parameter 'deprecated', if this is an actual parameter you may want to override the method _valid_field_parameter on the relevant model in order to allow it 
2026-07-25 09:41:32,888 33100 WARNING diansukses odoo.fields: Field coconut.manufacturing.realisasi_perrer_mesin: unknown parameter 'deprecated', if this is an actual parameter you may want to override the method _valid_field_parameter on the relevant model in order to allow it 
2026-07-25 09:41:32,888 33100 WARNING diansukses odoo.fields: Field coconut.manufacturing.realisasi_perrer_manual: unknown parameter 'deprecated', if this is an actual parameter you may want to override the method _valid_field_parameter on the relevant model in order to allow it 
2026-07-25 09:41:32,888 33100 WARNING diansukses odoo.fields: Field coconut.manufacturing.realisasi_total_perrer: unknown parameter 'deprecated', if this is an actual parameter you may want to override the method _valid_field_parameter on the relevant model in order to allow it 
2026-07-25 09:41:32,888 33100 WARNING diansukses odoo.fields: Field coconut.manufacturing.realisasi_sisa_perrer: unknown parameter 'deprecated', if this is an actual parameter you may want to override the method _valid_field_parameter on the relevant model in order to allow it 
2026-07-25 09:41:32,888 33100 WARNING diansukses odoo.fields: Field coconut.manufacturing.realisasi_state: unknown parameter 'deprecated', if this is an actual parameter you may want to override the method _valid_field_parameter on the relevant model in order to allow it 
2026-07-25 09:41:32,933 33100 INFO diansukses odoo.modules.registry: module coconut_security: creating or updating database tables 
2026-07-25 09:41:33,117 33100 INFO diansukses odoo.modules.loading: loading coconut_security/security/security.xml 
2026-07-25 09:41:33,238 33100 INFO diansukses odoo.modules.loading: loading coconut_security/data/res_users_data.xml 
2026-07-25 09:41:36,255 33100 INFO diansukses odoo.modules.loading: loading coconut_security/security/ir.model.access.csv 
2026-07-25 09:41:36,391 33100 INFO diansukses odoo.modules.loading: loading coconut_security/views/menu_views.xml 
2026-07-25 09:41:36,539 33100 WARNING diansukses odoo.modules.loading: Transient module states were reset 
2026-07-25 09:41:36,540 33100 ERROR diansukses odoo.modules.registry: Failed to load registry 
2026-07-25 09:41:36,540 33100 CRITICAL diansukses odoo.service.server: Failed to initialize database `diansukses`. 
Traceback (most recent call last):
  File "C:\odoo\odoo18\server\odoo\tools\convert.py", line 590, in _tag_root
    f(rec)
  File "C:\odoo\odoo18\server\odoo\tools\convert.py", line 374, in _tag_record
    raise Exception("Cannot update missing record %r" % xid)
Exception: Cannot update missing record 'coconut_receiving.menu_coconut_stock_move_history_rmp'

The above exception was the direct cause of the following exception:

Traceback (most recent call last):
  File "C:\odoo\odoo18\server\odoo\service\server.py", line 1366, in preload_registries
    registry = Registry.new(dbname, update_module=update_module)
               ^^^^^^^^^^^^^^^^^^^^^^^^^^^^^^^^^^^^^^^^^^^^^^^^^
  File "C:\Users\Lenovo\AppData\Local\Programs\Python\Python312\Lib\site-packages\decorator.py", line 232, in fun
    return caller(func, *(extras + args), **kw)
           ^^^^^^^^^^^^^^^^^^^^^^^^^^^^^^^^^^^^
  File "C:\odoo\odoo18\server\odoo\tools\func.py", line 97, in locked
    return func(inst, *args, **kwargs)
           ^^^^^^^^^^^^^^^^^^^^^^^^^^^
  File "C:\odoo\odoo18\server\odoo\modules\registry.py", line 129, in new
    odoo.modules.load_modules(registry, force_demo, status, update_module)
  File "C:\odoo\odoo18\server\odoo\modules\loading.py", line 485, in load_modules
    processed_modules += load_marked_modules(env, graph,
                         ^^^^^^^^^^^^^^^^^^^^^^^^^^^^^^^
  File "C:\odoo\odoo18\server\odoo\modules\loading.py", line 365, in load_marked_modules
    loaded, processed = load_module_graph(
                        ^^^^^^^^^^^^^^^^^^
  File "C:\odoo\odoo18\server\odoo\modules\loading.py", line 228, in load_module_graph
    load_data(env, idref, mode, kind='data', package=package)
  File "C:\odoo\odoo18\server\odoo\modules\loading.py", line 72, in load_data
    tools.convert_file(env, package.name, filename, idref, mode, noupdate, kind)
  File "C:\odoo\odoo18\server\odoo\tools\convert.py", line 662, in convert_file
    convert_xml_import(env, module, fp, idref, mode, noupdate)
  File "C:\odoo\odoo18\server\odoo\tools\convert.py", line 733, in convert_xml_import
    obj.parse(doc.getroot())
  File "C:\odoo\odoo18\server\odoo\tools\convert.py", line 648, in parse
    self._tag_root(de)
  File "C:\odoo\odoo18\server\odoo\tools\convert.py", line 603, in _tag_root
    raise ParseError('while parsing %s:%s, somewhere inside\n%s' % (
odoo.tools.convert.ParseError: while parsing file:/c:/odoo/odoo18/server/odoo/addons/coconut_security/views/menu_views.xml:269, somewhere inside
<record id="coconut_receiving.menu_coconut_stock_move_history_rmp" model="ir.ui.menu">
        <field name="groups_id" eval="[             (6, 0, [                 ref('group_coconut_pegawai_rmp'),                 ref('group_coconut_manager'),                 ref('group_coconut_administrator')             ])         ]"/>
    </record>
2026-07-25 09:41:36,544 33100 INFO diansukses odoo.service.server: Initiating shutdown 
2026-07-25 09:41:36,544 33100 INFO diansukses odoo.service.server: Hit CTRL-C again or send a second signal to force the shutdown. 
2026-07-25 09:41:36,544 33100 INFO diansukses odoo.sql_db: ConnectionPool(read/write;used=0/count=0/max=64): Closed 1 connections  
2026-07-25 09:42:04,285 25512 INFO ? odoo: Odoo version 18.0-20260415 
2026-07-25 09:42:04,285 25512 INFO ? odoo: Using configuration file at C:\odoo\odoo18\server\odoo.conf 
2026-07-25 09:42:04,285 25512 INFO ? odoo: addons paths: ['C:\\odoo\\odoo18\\server\\odoo\\addons', 'c:\\odoo\\odoo18\\sessions\\addons\\18.0', 'c:\\odoo\\odoo18\\server\\odoo\\addons', 'c:\\odoo\\odoo18\\server\\custom'] 
2026-07-25 09:42:04,285 25512 INFO ? odoo: database: openpg@localhost:5432 
2026-07-25 09:42:04,561 25512 INFO ? odoo.addons.base.models.ir_actions_report: Will use the Wkhtmltopdf binary at C:\Program Files\wkhtmltopdf\bin\wkhtmltopdf.exe 
2026-07-25 09:42:04,590 25512 INFO ? odoo.addons.base.models.ir_actions_report: Will use the Wkhtmltoimage binary at C:\Program Files\wkhtmltopdf\bin\wkhtmltoimage.exe 
2026-07-25 09:42:05,141 25512 INFO diansukses odoo.modules.loading: loading 1 modules... 
2026-07-25 09:42:05,147 25512 INFO diansukses odoo.modules.loading: 1 modules loaded in 0.01s, 0 queries (+0 extra) 
2026-07-25 09:42:05,178 25512 INFO diansukses odoo.modules.loading: updating modules list 
2026-07-25 09:42:05,189 25512 INFO diansukses odoo.addons.base.models.ir_module: ALLOW access to module.update_list on [] to user __system__ #1 via n/a 
2026-07-25 09:42:05,428 25512 WARNING diansukses odoo.modules.module: Missing `license` key in manifest for 'coco_theme', defaulting to LGPL-3 
2026-07-25 09:42:05,430 25512 WARNING diansukses odoo.modules.module: Missing `license` key in manifest for 'coconut_inventory', defaulting to LGPL-3 
2026-07-25 09:42:07,247 25512 INFO diansukses odoo.addons.base.models.ir_module: ALLOW access to module.button_upgrade on ['Penerimaan & Manufaktur Kelapa', 'Coconut Security & Access Control'] to user __system__ #1 via n/a 
2026-07-25 09:42:07,247 25512 INFO diansukses odoo.addons.base.models.ir_module: ALLOW access to module.update_list on ['Penerimaan & Manufaktur Kelapa', 'Coconut Security & Access Control'] to user __system__ #1 via n/a 
2026-07-25 09:42:08,632 25512 INFO diansukses odoo.addons.base.models.ir_module: ALLOW access to module.button_install on [] to user __system__ #1 via n/a 
2026-07-25 09:42:09,267 25512 INFO diansukses odoo.modules.loading: loading 82 modules... 
2026-07-25 09:42:11,394 25512 INFO diansukses odoo.modules.loading: Loading module coconut_receiving (71/82) 
2026-07-25 09:42:11,891 25512 WARNING diansukses odoo.fields: Field coconut.manufacturing.receipt_id: unknown parameter 'deprecated', if this is an actual parameter you may want to override the method _valid_field_parameter on the relevant model in order to allow it 
2026-07-25 09:42:11,891 25512 WARNING diansukses odoo.fields: Field coconut.manufacturing.receipt_code: unknown parameter 'deprecated', if this is an actual parameter you may want to override the method _valid_field_parameter on the relevant model in order to allow it 
2026-07-25 09:42:11,891 25512 WARNING diansukses odoo.fields: Field coconut.manufacturing.supplier_id: unknown parameter 'deprecated', if this is an actual parameter you may want to override the method _valid_field_parameter on the relevant model in order to allow it 
2026-07-25 09:42:11,891 25512 WARNING diansukses odoo.fields: Field coconut.manufacturing.coconut_origin: unknown parameter 'deprecated', if this is an actual parameter you may want to override the method _valid_field_parameter on the relevant model in order to allow it 
2026-07-25 09:42:11,891 25512 WARNING diansukses odoo.fields: Field coconut.manufacturing.receipt_date: unknown parameter 'deprecated', if this is an actual parameter you may want to override the method _valid_field_parameter on the relevant model in order to allow it 
2026-07-25 09:42:11,891 25512 WARNING diansukses odoo.fields: Field coconut.manufacturing.net_received_weight: unknown parameter 'deprecated', if this is an actual parameter you may want to override the method _valid_field_parameter on the relevant model in order to allow it 
2026-07-25 09:42:11,891 25512 WARNING diansukses odoo.fields: Field coconut.manufacturing.vehicle_number: unknown parameter 'deprecated', if this is an actual parameter you may want to override the method _valid_field_parameter on the relevant model in order to allow it 
2026-07-25 09:42:11,891 25512 WARNING diansukses odoo.fields: Field coconut.manufacturing.driver_name: unknown parameter 'deprecated', if this is an actual parameter you may want to override the method _valid_field_parameter on the relevant model in order to allow it 
2026-07-25 09:42:11,891 25512 WARNING diansukses odoo.fields: Field coconut.manufacturing.machine_sheller_input: unknown parameter 'deprecated', if this is an actual parameter you may want to override the method _valid_field_parameter on the relevant model in order to allow it 
2026-07-25 09:42:11,891 25512 WARNING diansukses odoo.fields: Field coconut.manufacturing.manual_sheller_input: unknown parameter 'deprecated', if this is an actual parameter you may want to override the method _valid_field_parameter on the relevant model in order to allow it 
2026-07-25 09:42:11,892 25512 WARNING diansukses odoo.fields: Field coconut.manufacturing.machine_sheller_output: unknown parameter 'deprecated', if this is an actual parameter you may want to override the method _valid_field_parameter on the relevant model in order to allow it 
2026-07-25 09:42:11,892 25512 WARNING diansukses odoo.fields: Field coconut.manufacturing.manual_sheller_output: unknown parameter 'deprecated', if this is an actual parameter you may want to override the method _valid_field_parameter on the relevant model in order to allow it 
2026-07-25 09:42:11,892 25512 WARNING diansukses odoo.fields: Field coconut.manufacturing.total_sheller_input: unknown parameter 'deprecated', if this is an actual parameter you may want to override the method _valid_field_parameter on the relevant model in order to allow it 
2026-07-25 09:42:11,892 25512 WARNING diansukses odoo.fields: Field coconut.manufacturing.total_sheller_output: unknown parameter 'deprecated', if this is an actual parameter you may want to override the method _valid_field_parameter on the relevant model in order to allow it 
2026-07-25 09:42:11,892 25512 WARNING diansukses odoo.fields: Field coconut.manufacturing.remaining_layak: unknown parameter 'deprecated', if this is an actual parameter you may want to override the method _valid_field_parameter on the relevant model in order to allow it 
2026-07-25 09:42:11,892 25512 WARNING diansukses odoo.fields: Field coconut.manufacturing.remaining_reject: unknown parameter 'deprecated', if this is an actual parameter you may want to override the method _valid_field_parameter on the relevant model in order to allow it 
2026-07-25 09:42:11,892 25512 WARNING diansukses odoo.fields: Field coconut.manufacturing.available_kelapa_sheller: unknown parameter 'deprecated', if this is an actual parameter you may want to override the method _valid_field_parameter on the relevant model in order to allow it 
2026-07-25 09:42:11,892 25512 WARNING diansukses odoo.fields: Field coconut.manufacturing.parer_input: unknown parameter 'deprecated', if this is an actual parameter you may want to override the method _valid_field_parameter on the relevant model in order to allow it 
2026-07-25 09:42:11,892 25512 WARNING diansukses odoo.fields: Field coconut.manufacturing.parer_output: unknown parameter 'deprecated', if this is an actual parameter you may want to override the method _valid_field_parameter on the relevant model in order to allow it 
2026-07-25 09:42:11,892 25512 WARNING diansukses odoo.fields: Field coconut.manufacturing.remaining_kelapa_sheller: unknown parameter 'deprecated', if this is an actual parameter you may want to override the method _valid_field_parameter on the relevant model in order to allow it 
2026-07-25 09:42:11,892 25512 WARNING diansukses odoo.fields: Field coconut.manufacturing.parer_notes: unknown parameter 'deprecated', if this is an actual parameter you may want to override the method _valid_field_parameter on the relevant model in order to allow it 
2026-07-25 09:42:11,892 25512 WARNING diansukses odoo.fields: Field coconut.manufacturing.shell_consume_layak_move_id: unknown parameter 'deprecated', if this is an actual parameter you may want to override the method _valid_field_parameter on the relevant model in order to allow it 
2026-07-25 09:42:11,892 25512 WARNING diansukses odoo.fields: Field coconut.manufacturing.shell_consume_reject_move_id: unknown parameter 'deprecated', if this is an actual parameter you may want to override the method _valid_field_parameter on the relevant model in order to allow it 
2026-07-25 09:42:11,892 25512 WARNING diansukses odoo.fields: Field coconut.manufacturing.shell_output_move_id: unknown parameter 'deprecated', if this is an actual parameter you may want to override the method _valid_field_parameter on the relevant model in order to allow it 
2026-07-25 09:42:11,892 25512 WARNING diansukses odoo.fields: Field coconut.manufacturing.parer_consume_move_id: unknown parameter 'deprecated', if this is an actual parameter you may want to override the method _valid_field_parameter on the relevant model in order to allow it 
2026-07-25 09:42:11,893 25512 WARNING diansukses odoo.fields: Field coconut.manufacturing.parer_output_move_id: unknown parameter 'deprecated', if this is an actual parameter you may want to override the method _valid_field_parameter on the relevant model in order to allow it 
2026-07-25 09:42:11,893 25512 WARNING diansukses odoo.fields: Field coconut.manufacturing.transfer_perrer_manual_qty: unknown parameter 'deprecated', if this is an actual parameter you may want to override the method _valid_field_parameter on the relevant model in order to allow it 
2026-07-25 09:42:11,893 25512 WARNING diansukses odoo.fields: Field coconut.manufacturing.available_hasil_sheller_manual: unknown parameter 'deprecated', if this is an actual parameter you may want to override the method _valid_field_parameter on the relevant model in order to allow it 
2026-07-25 09:42:11,893 25512 WARNING diansukses odoo.fields: Field coconut.manufacturing.remaining_hasil_sheller_manual: unknown parameter 'deprecated', if this is an actual parameter you may want to override the method _valid_field_parameter on the relevant model in order to allow it 
2026-07-25 09:42:11,893 25512 WARNING diansukses odoo.fields: Field coconut.manufacturing.realisasi_sheller_mesin: unknown parameter 'deprecated', if this is an actual parameter you may want to override the method _valid_field_parameter on the relevant model in order to allow it 
2026-07-25 09:42:11,893 25512 WARNING diansukses odoo.fields: Field coconut.manufacturing.realisasi_sheller_manual: unknown parameter 'deprecated', if this is an actual parameter you may want to override the method _valid_field_parameter on the relevant model in order to allow it 
2026-07-25 09:42:11,893 25512 WARNING diansukses odoo.fields: Field coconut.manufacturing.realisasi_total_sheller: unknown parameter 'deprecated', if this is an actual parameter you may want to override the method _valid_field_parameter on the relevant model in order to allow it 
2026-07-25 09:42:11,893 25512 WARNING diansukses odoo.fields: Field coconut.manufacturing.realisasi_sisa_sheller: unknown parameter 'deprecated', if this is an actual parameter you may want to override the method _valid_field_parameter on the relevant model in order to allow it 
2026-07-25 09:42:11,893 25512 WARNING diansukses odoo.fields: Field coconut.manufacturing.realisasi_perrer_mesin: unknown parameter 'deprecated', if this is an actual parameter you may want to override the method _valid_field_parameter on the relevant model in order to allow it 
2026-07-25 09:42:11,893 25512 WARNING diansukses odoo.fields: Field coconut.manufacturing.realisasi_perrer_manual: unknown parameter 'deprecated', if this is an actual parameter you may want to override the method _valid_field_parameter on the relevant model in order to allow it 
2026-07-25 09:42:11,893 25512 WARNING diansukses odoo.fields: Field coconut.manufacturing.realisasi_total_perrer: unknown parameter 'deprecated', if this is an actual parameter you may want to override the method _valid_field_parameter on the relevant model in order to allow it 
2026-07-25 09:42:11,893 25512 WARNING diansukses odoo.fields: Field coconut.manufacturing.realisasi_sisa_perrer: unknown parameter 'deprecated', if this is an actual parameter you may want to override the method _valid_field_parameter on the relevant model in order to allow it 
2026-07-25 09:42:11,893 25512 WARNING diansukses odoo.fields: Field coconut.manufacturing.realisasi_state: unknown parameter 'deprecated', if this is an actual parameter you may want to override the method _valid_field_parameter on the relevant model in order to allow it 
2026-07-25 09:42:11,933 25512 INFO diansukses odoo.modules.registry: module coconut_receiving: creating or updating database tables 
2026-07-25 09:42:12,052 25512 WARNING diansukses odoo.addons.base.models.ir_model: Two fields (material_wasted, total_material_terbuang) of coconut.manufacturing() have the same label: Total Material Terbuang (Kg). [Modules: coconut_receiving and coconut_receiving] 
2026-07-25 09:42:12,053 25512 WARNING diansukses odoo.addons.base.models.ir_model: Two fields (sheller_mesin_qty, layak_to_sheller_mesin) of coconut.manufacturing() have the same label: Kelapa Layak ke Sheller Mesin (Kg). [Modules: coconut_receiving and coconut_receiving] 
2026-07-25 09:42:12,053 25512 WARNING diansukses odoo.addons.base.models.ir_model: Two fields (sheller_manual_qty, reject_to_sheller_manual) of coconut.manufacturing() have the same label: Kelapa Reject ke Sheller Manual (Kg). [Modules: coconut_receiving and coconut_receiving] 
2026-07-25 09:42:12,258 25512 INFO diansukses odoo.modules.loading: loading coconut_receiving/security/ir.model.access.csv 
2026-07-25 09:42:12,319 25512 INFO diansukses odoo.modules.loading: loading coconut_receiving/data/sequence.xml 
2026-07-25 09:42:12,329 25512 INFO diansukses odoo.modules.loading: loading coconut_receiving/data/product_data.xml 
2026-07-25 09:42:12,635 25512 INFO diansukses odoo.modules.loading: loading coconut_receiving/data/location_data.xml 
2026-07-25 09:42:12,730 25512 INFO diansukses odoo.modules.loading: loading coconut_receiving/views/coconut_receipt_views.xml 
2026-07-25 09:42:12,831 25512 INFO diansukses odoo.modules.loading: loading coconut_receiving/views/coconut_manufacturing_report.xml 
2026-07-25 09:42:12,847 25512 INFO diansukses odoo.modules.loading: loading coconut_receiving/views/coconut_sorting_report.xml 
2026-07-25 09:42:12,884 25512 INFO diansukses odoo.modules.loading: loading coconut_receiving/views/coconut_manufacturing_views.xml 
2026-07-25 09:42:13,068 25512 INFO diansukses odoo.modules.loading: loading coconut_receiving/wizard/coconut_sorting_print_wizard_views.xml 
2026-07-25 09:42:13,092 25512 INFO diansukses odoo.modules.loading: loading coconut_receiving/views/coconut_stock_report_views.xml 
2026-07-25 09:42:13,139 25512 INFO diansukses odoo.modules.loading: loading coconut_receiving/views/coconut_sorting_views.xml 
2026-07-25 09:42:13,192 25512 INFO diansukses odoo.modules.loading: loading coconut_receiving/views/hasil_kerja_harian_views.xml 
2026-07-25 09:42:13,229 25512 INFO diansukses odoo.modules.loading: loading coconut_receiving/views/material_terbuang_views.xml 
2026-07-25 09:42:13,273 25512 INFO diansukses odoo.modules.loading: loading coconut_receiving/views/finalisasi_kelapa_mp_views.xml 
2026-07-25 09:42:13,307 25512 INFO diansukses odoo.modules.loading: loading coconut_receiving/views/menu_views.xml 
2026-07-25 09:42:13,458 25512 INFO diansukses odoo.modules.loading: loading coconut_receiving/views/custom_views.xml 
2026-07-25 09:42:13,873 25512 INFO diansukses odoo.addons.base.models.ir_module: module coconut_receiving: no translation for language id_ID 
2026-07-25 09:42:13,923 25512 INFO diansukses odoo.modules.loading: Module coconut_receiving loaded in 2.53s, 1342 queries (+1342 other) 
2026-07-25 09:42:13,998 25512 INFO diansukses odoo.modules.loading: Loading module coconut_payroll (78/82) 
2026-07-25 09:42:14,177 25512 WARNING diansukses odoo.fields: Field coconut.manufacturing.receipt_id: unknown parameter 'deprecated', if this is an actual parameter you may want to override the method _valid_field_parameter on the relevant model in order to allow it 
2026-07-25 09:42:14,177 25512 WARNING diansukses odoo.fields: Field coconut.manufacturing.receipt_code: unknown parameter 'deprecated', if this is an actual parameter you may want to override the method _valid_field_parameter on the relevant model in order to allow it 
2026-07-25 09:42:14,177 25512 WARNING diansukses odoo.fields: Field coconut.manufacturing.supplier_id: unknown parameter 'deprecated', if this is an actual parameter you may want to override the method _valid_field_parameter on the relevant model in order to allow it 
2026-07-25 09:42:14,177 25512 WARNING diansukses odoo.fields: Field coconut.manufacturing.coconut_origin: unknown parameter 'deprecated', if this is an actual parameter you may want to override the method _valid_field_parameter on the relevant model in order to allow it 
2026-07-25 09:42:14,177 25512 WARNING diansukses odoo.fields: Field coconut.manufacturing.receipt_date: unknown parameter 'deprecated', if this is an actual parameter you may want to override the method _valid_field_parameter on the relevant model in order to allow it 
2026-07-25 09:42:14,177 25512 WARNING diansukses odoo.fields: Field coconut.manufacturing.net_received_weight: unknown parameter 'deprecated', if this is an actual parameter you may want to override the method _valid_field_parameter on the relevant model in order to allow it 
2026-07-25 09:42:14,177 25512 WARNING diansukses odoo.fields: Field coconut.manufacturing.vehicle_number: unknown parameter 'deprecated', if this is an actual parameter you may want to override the method _valid_field_parameter on the relevant model in order to allow it 
2026-07-25 09:42:14,177 25512 WARNING diansukses odoo.fields: Field coconut.manufacturing.driver_name: unknown parameter 'deprecated', if this is an actual parameter you may want to override the method _valid_field_parameter on the relevant model in order to allow it 
2026-07-25 09:42:14,177 25512 WARNING diansukses odoo.fields: Field coconut.manufacturing.machine_sheller_input: unknown parameter 'deprecated', if this is an actual parameter you may want to override the method _valid_field_parameter on the relevant model in order to allow it 
2026-07-25 09:42:14,177 25512 WARNING diansukses odoo.fields: Field coconut.manufacturing.manual_sheller_input: unknown parameter 'deprecated', if this is an actual parameter you may want to override the method _valid_field_parameter on the relevant model in order to allow it 
2026-07-25 09:42:14,177 25512 WARNING diansukses odoo.fields: Field coconut.manufacturing.machine_sheller_output: unknown parameter 'deprecated', if this is an actual parameter you may want to override the method _valid_field_parameter on the relevant model in order to allow it 
2026-07-25 09:42:14,178 25512 WARNING diansukses odoo.fields: Field coconut.manufacturing.manual_sheller_output: unknown parameter 'deprecated', if this is an actual parameter you may want to override the method _valid_field_parameter on the relevant model in order to allow it 
2026-07-25 09:42:14,178 25512 WARNING diansukses odoo.fields: Field coconut.manufacturing.total_sheller_input: unknown parameter 'deprecated', if this is an actual parameter you may want to override the method _valid_field_parameter on the relevant model in order to allow it 
2026-07-25 09:42:14,178 25512 WARNING diansukses odoo.fields: Field coconut.manufacturing.total_sheller_output: unknown parameter 'deprecated', if this is an actual parameter you may want to override the method _valid_field_parameter on the relevant model in order to allow it 
2026-07-25 09:42:14,178 25512 WARNING diansukses odoo.fields: Field coconut.manufacturing.remaining_layak: unknown parameter 'deprecated', if this is an actual parameter you may want to override the method _valid_field_parameter on the relevant model in order to allow it 
2026-07-25 09:42:14,178 25512 WARNING diansukses odoo.fields: Field coconut.manufacturing.remaining_reject: unknown parameter 'deprecated', if this is an actual parameter you may want to override the method _valid_field_parameter on the relevant model in order to allow it 
2026-07-25 09:42:14,178 25512 WARNING diansukses odoo.fields: Field coconut.manufacturing.available_kelapa_sheller: unknown parameter 'deprecated', if this is an actual parameter you may want to override the method _valid_field_parameter on the relevant model in order to allow it 
2026-07-25 09:42:14,178 25512 WARNING diansukses odoo.fields: Field coconut.manufacturing.parer_input: unknown parameter 'deprecated', if this is an actual parameter you may want to override the method _valid_field_parameter on the relevant model in order to allow it 
2026-07-25 09:42:14,178 25512 WARNING diansukses odoo.fields: Field coconut.manufacturing.parer_output: unknown parameter 'deprecated', if this is an actual parameter you may want to override the method _valid_field_parameter on the relevant model in order to allow it 
2026-07-25 09:42:14,178 25512 WARNING diansukses odoo.fields: Field coconut.manufacturing.remaining_kelapa_sheller: unknown parameter 'deprecated', if this is an actual parameter you may want to override the method _valid_field_parameter on the relevant model in order to allow it 
2026-07-25 09:42:14,178 25512 WARNING diansukses odoo.fields: Field coconut.manufacturing.parer_notes: unknown parameter 'deprecated', if this is an actual parameter you may want to override the method _valid_field_parameter on the relevant model in order to allow it 
2026-07-25 09:42:14,178 25512 WARNING diansukses odoo.fields: Field coconut.manufacturing.shell_consume_layak_move_id: unknown parameter 'deprecated', if this is an actual parameter you may want to override the method _valid_field_parameter on the relevant model in order to allow it 
2026-07-25 09:42:14,178 25512 WARNING diansukses odoo.fields: Field coconut.manufacturing.shell_consume_reject_move_id: unknown parameter 'deprecated', if this is an actual parameter you may want to override the method _valid_field_parameter on the relevant model in order to allow it 
2026-07-25 09:42:14,178 25512 WARNING diansukses odoo.fields: Field coconut.manufacturing.shell_output_move_id: unknown parameter 'deprecated', if this is an actual parameter you may want to override the method _valid_field_parameter on the relevant model in order to allow it 
2026-07-25 09:42:14,178 25512 WARNING diansukses odoo.fields: Field coconut.manufacturing.parer_consume_move_id: unknown parameter 'deprecated', if this is an actual parameter you may want to override the method _valid_field_parameter on the relevant model in order to allow it 
2026-07-25 09:42:14,178 25512 WARNING diansukses odoo.fields: Field coconut.manufacturing.parer_output_move_id: unknown parameter 'deprecated', if this is an actual parameter you may want to override the method _valid_field_parameter on the relevant model in order to allow it 
2026-07-25 09:42:14,178 25512 WARNING diansukses odoo.fields: Field coconut.manufacturing.transfer_perrer_manual_qty: unknown parameter 'deprecated', if this is an actual parameter you may want to override the method _valid_field_parameter on the relevant model in order to allow it 
2026-07-25 09:42:14,178 25512 WARNING diansukses odoo.fields: Field coconut.manufacturing.available_hasil_sheller_manual: unknown parameter 'deprecated', if this is an actual parameter you may want to override the method _valid_field_parameter on the relevant model in order to allow it 
2026-07-25 09:42:14,179 25512 WARNING diansukses odoo.fields: Field coconut.manufacturing.remaining_hasil_sheller_manual: unknown parameter 'deprecated', if this is an actual parameter you may want to override the method _valid_field_parameter on the relevant model in order to allow it 
2026-07-25 09:42:14,179 25512 WARNING diansukses odoo.fields: Field coconut.manufacturing.realisasi_sheller_mesin: unknown parameter 'deprecated', if this is an actual parameter you may want to override the method _valid_field_parameter on the relevant model in order to allow it 
2026-07-25 09:42:14,179 25512 WARNING diansukses odoo.fields: Field coconut.manufacturing.realisasi_sheller_manual: unknown parameter 'deprecated', if this is an actual parameter you may want to override the method _valid_field_parameter on the relevant model in order to allow it 
2026-07-25 09:42:14,179 25512 WARNING diansukses odoo.fields: Field coconut.manufacturing.realisasi_total_sheller: unknown parameter 'deprecated', if this is an actual parameter you may want to override the method _valid_field_parameter on the relevant model in order to allow it 
2026-07-25 09:42:14,179 25512 WARNING diansukses odoo.fields: Field coconut.manufacturing.realisasi_sisa_sheller: unknown parameter 'deprecated', if this is an actual parameter you may want to override the method _valid_field_parameter on the relevant model in order to allow it 
2026-07-25 09:42:14,179 25512 WARNING diansukses odoo.fields: Field coconut.manufacturing.realisasi_perrer_mesin: unknown parameter 'deprecated', if this is an actual parameter you may want to override the method _valid_field_parameter on the relevant model in order to allow it 
2026-07-25 09:42:14,179 25512 WARNING diansukses odoo.fields: Field coconut.manufacturing.realisasi_perrer_manual: unknown parameter 'deprecated', if this is an actual parameter you may want to override the method _valid_field_parameter on the relevant model in order to allow it 
2026-07-25 09:42:14,179 25512 WARNING diansukses odoo.fields: Field coconut.manufacturing.realisasi_total_perrer: unknown parameter 'deprecated', if this is an actual parameter you may want to override the method _valid_field_parameter on the relevant model in order to allow it 
2026-07-25 09:42:14,179 25512 WARNING diansukses odoo.fields: Field coconut.manufacturing.realisasi_sisa_perrer: unknown parameter 'deprecated', if this is an actual parameter you may want to override the method _valid_field_parameter on the relevant model in order to allow it 
2026-07-25 09:42:14,179 25512 WARNING diansukses odoo.fields: Field coconut.manufacturing.realisasi_state: unknown parameter 'deprecated', if this is an actual parameter you may want to override the method _valid_field_parameter on the relevant model in order to allow it 
2026-07-25 09:42:14,509 25512 WARNING diansukses odoo.fields: Field coconut.manufacturing.receipt_id: unknown parameter 'deprecated', if this is an actual parameter you may want to override the method _valid_field_parameter on the relevant model in order to allow it 
2026-07-25 09:42:14,509 25512 WARNING diansukses odoo.fields: Field coconut.manufacturing.receipt_code: unknown parameter 'deprecated', if this is an actual parameter you may want to override the method _valid_field_parameter on the relevant model in order to allow it 
2026-07-25 09:42:14,509 25512 WARNING diansukses odoo.fields: Field coconut.manufacturing.supplier_id: unknown parameter 'deprecated', if this is an actual parameter you may want to override the method _valid_field_parameter on the relevant model in order to allow it 
2026-07-25 09:42:14,510 25512 WARNING diansukses odoo.fields: Field coconut.manufacturing.coconut_origin: unknown parameter 'deprecated', if this is an actual parameter you may want to override the method _valid_field_parameter on the relevant model in order to allow it 
2026-07-25 09:42:14,510 25512 WARNING diansukses odoo.fields: Field coconut.manufacturing.receipt_date: unknown parameter 'deprecated', if this is an actual parameter you may want to override the method _valid_field_parameter on the relevant model in order to allow it 
2026-07-25 09:42:14,510 25512 WARNING diansukses odoo.fields: Field coconut.manufacturing.net_received_weight: unknown parameter 'deprecated', if this is an actual parameter you may want to override the method _valid_field_parameter on the relevant model in order to allow it 
2026-07-25 09:42:14,510 25512 WARNING diansukses odoo.fields: Field coconut.manufacturing.vehicle_number: unknown parameter 'deprecated', if this is an actual parameter you may want to override the method _valid_field_parameter on the relevant model in order to allow it 
2026-07-25 09:42:14,510 25512 WARNING diansukses odoo.fields: Field coconut.manufacturing.driver_name: unknown parameter 'deprecated', if this is an actual parameter you may want to override the method _valid_field_parameter on the relevant model in order to allow it 
2026-07-25 09:42:14,510 25512 WARNING diansukses odoo.fields: Field coconut.manufacturing.machine_sheller_input: unknown parameter 'deprecated', if this is an actual parameter you may want to override the method _valid_field_parameter on the relevant model in order to allow it 
2026-07-25 09:42:14,510 25512 WARNING diansukses odoo.fields: Field coconut.manufacturing.manual_sheller_input: unknown parameter 'deprecated', if this is an actual parameter you may want to override the method _valid_field_parameter on the relevant model in order to allow it 
2026-07-25 09:42:14,510 25512 WARNING diansukses odoo.fields: Field coconut.manufacturing.machine_sheller_output: unknown parameter 'deprecated', if this is an actual parameter you may want to override the method _valid_field_parameter on the relevant model in order to allow it 
2026-07-25 09:42:14,510 25512 WARNING diansukses odoo.fields: Field coconut.manufacturing.manual_sheller_output: unknown parameter 'deprecated', if this is an actual parameter you may want to override the method _valid_field_parameter on the relevant model in order to allow it 
2026-07-25 09:42:14,510 25512 WARNING diansukses odoo.fields: Field coconut.manufacturing.total_sheller_input: unknown parameter 'deprecated', if this is an actual parameter you may want to override the method _valid_field_parameter on the relevant model in order to allow it 
2026-07-25 09:42:14,510 25512 WARNING diansukses odoo.fields: Field coconut.manufacturing.total_sheller_output: unknown parameter 'deprecated', if this is an actual parameter you may want to override the method _valid_field_parameter on the relevant model in order to allow it 
2026-07-25 09:42:14,510 25512 WARNING diansukses odoo.fields: Field coconut.manufacturing.remaining_layak: unknown parameter 'deprecated', if this is an actual parameter you may want to override the method _valid_field_parameter on the relevant model in order to allow it 
2026-07-25 09:42:14,510 25512 WARNING diansukses odoo.fields: Field coconut.manufacturing.remaining_reject: unknown parameter 'deprecated', if this is an actual parameter you may want to override the method _valid_field_parameter on the relevant model in order to allow it 
2026-07-25 09:42:14,510 25512 WARNING diansukses odoo.fields: Field coconut.manufacturing.available_kelapa_sheller: unknown parameter 'deprecated', if this is an actual parameter you may want to override the method _valid_field_parameter on the relevant model in order to allow it 
2026-07-25 09:42:14,510 25512 WARNING diansukses odoo.fields: Field coconut.manufacturing.parer_input: unknown parameter 'deprecated', if this is an actual parameter you may want to override the method _valid_field_parameter on the relevant model in order to allow it 
2026-07-25 09:42:14,510 25512 WARNING diansukses odoo.fields: Field coconut.manufacturing.parer_output: unknown parameter 'deprecated', if this is an actual parameter you may want to override the method _valid_field_parameter on the relevant model in order to allow it 
2026-07-25 09:42:14,511 25512 WARNING diansukses odoo.fields: Field coconut.manufacturing.remaining_kelapa_sheller: unknown parameter 'deprecated', if this is an actual parameter you may want to override the method _valid_field_parameter on the relevant model in order to allow it 
2026-07-25 09:42:14,511 25512 WARNING diansukses odoo.fields: Field coconut.manufacturing.parer_notes: unknown parameter 'deprecated', if this is an actual parameter you may want to override the method _valid_field_parameter on the relevant model in order to allow it 
2026-07-25 09:42:14,511 25512 WARNING diansukses odoo.fields: Field coconut.manufacturing.shell_consume_layak_move_id: unknown parameter 'deprecated', if this is an actual parameter you may want to override the method _valid_field_parameter on the relevant model in order to allow it 
2026-07-25 09:42:14,511 25512 WARNING diansukses odoo.fields: Field coconut.manufacturing.shell_consume_reject_move_id: unknown parameter 'deprecated', if this is an actual parameter you may want to override the method _valid_field_parameter on the relevant model in order to allow it 
2026-07-25 09:42:14,511 25512 WARNING diansukses odoo.fields: Field coconut.manufacturing.shell_output_move_id: unknown parameter 'deprecated', if this is an actual parameter you may want to override the method _valid_field_parameter on the relevant model in order to allow it 
2026-07-25 09:42:14,511 25512 WARNING diansukses odoo.fields: Field coconut.manufacturing.parer_consume_move_id: unknown parameter 'deprecated', if this is an actual parameter you may want to override the method _valid_field_parameter on the relevant model in order to allow it 
2026-07-25 09:42:14,511 25512 WARNING diansukses odoo.fields: Field coconut.manufacturing.parer_output_move_id: unknown parameter 'deprecated', if this is an actual parameter you may want to override the method _valid_field_parameter on the relevant model in order to allow it 
2026-07-25 09:42:14,511 25512 WARNING diansukses odoo.fields: Field coconut.manufacturing.transfer_perrer_manual_qty: unknown parameter 'deprecated', if this is an actual parameter you may want to override the method _valid_field_parameter on the relevant model in order to allow it 
2026-07-25 09:42:14,511 25512 WARNING diansukses odoo.fields: Field coconut.manufacturing.available_hasil_sheller_manual: unknown parameter 'deprecated', if this is an actual parameter you may want to override the method _valid_field_parameter on the relevant model in order to allow it 
2026-07-25 09:42:14,511 25512 WARNING diansukses odoo.fields: Field coconut.manufacturing.remaining_hasil_sheller_manual: unknown parameter 'deprecated', if this is an actual parameter you may want to override the method _valid_field_parameter on the relevant model in order to allow it 
2026-07-25 09:42:14,511 25512 WARNING diansukses odoo.fields: Field coconut.manufacturing.realisasi_sheller_mesin: unknown parameter 'deprecated', if this is an actual parameter you may want to override the method _valid_field_parameter on the relevant model in order to allow it 
2026-07-25 09:42:14,511 25512 WARNING diansukses odoo.fields: Field coconut.manufacturing.realisasi_sheller_manual: unknown parameter 'deprecated', if this is an actual parameter you may want to override the method _valid_field_parameter on the relevant model in order to allow it 
2026-07-25 09:42:14,511 25512 WARNING diansukses odoo.fields: Field coconut.manufacturing.realisasi_total_sheller: unknown parameter 'deprecated', if this is an actual parameter you may want to override the method _valid_field_parameter on the relevant model in order to allow it 
2026-07-25 09:42:14,511 25512 WARNING diansukses odoo.fields: Field coconut.manufacturing.realisasi_sisa_sheller: unknown parameter 'deprecated', if this is an actual parameter you may want to override the method _valid_field_parameter on the relevant model in order to allow it 
2026-07-25 09:42:14,511 25512 WARNING diansukses odoo.fields: Field coconut.manufacturing.realisasi_perrer_mesin: unknown parameter 'deprecated', if this is an actual parameter you may want to override the method _valid_field_parameter on the relevant model in order to allow it 
2026-07-25 09:42:14,511 25512 WARNING diansukses odoo.fields: Field coconut.manufacturing.realisasi_perrer_manual: unknown parameter 'deprecated', if this is an actual parameter you may want to override the method _valid_field_parameter on the relevant model in order to allow it 
2026-07-25 09:42:14,511 25512 WARNING diansukses odoo.fields: Field coconut.manufacturing.realisasi_total_perrer: unknown parameter 'deprecated', if this is an actual parameter you may want to override the method _valid_field_parameter on the relevant model in order to allow it 
2026-07-25 09:42:14,511 25512 WARNING diansukses odoo.fields: Field coconut.manufacturing.realisasi_sisa_perrer: unknown parameter 'deprecated', if this is an actual parameter you may want to override the method _valid_field_parameter on the relevant model in order to allow it 
2026-07-25 09:42:14,512 25512 WARNING diansukses odoo.fields: Field coconut.manufacturing.realisasi_state: unknown parameter 'deprecated', if this is an actual parameter you may want to override the method _valid_field_parameter on the relevant model in order to allow it 
2026-07-25 09:42:14,555 25512 INFO diansukses odoo.modules.registry: module coconut_payroll: creating or updating database tables 
2026-07-25 09:42:14,746 25512 WARNING diansukses odoo.addons.base.models.ir_model: Two fields (material_wasted, total_material_terbuang) of coconut.manufacturing() have the same label: Total Material Terbuang (Kg). [Modules: coconut_receiving and coconut_receiving] 
2026-07-25 09:42:14,746 25512 WARNING diansukses odoo.addons.base.models.ir_model: Two fields (sheller_mesin_qty, layak_to_sheller_mesin) of coconut.manufacturing() have the same label: Kelapa Layak ke Sheller Mesin (Kg). [Modules: coconut_receiving and coconut_receiving] 
2026-07-25 09:42:14,746 25512 WARNING diansukses odoo.addons.base.models.ir_model: Two fields (sheller_manual_qty, reject_to_sheller_manual) of coconut.manufacturing() have the same label: Kelapa Reject ke Sheller Manual (Kg). [Modules: coconut_receiving and coconut_receiving] 
2026-07-25 09:42:14,939 25512 INFO diansukses odoo.schema: Keep unexpected index coconut_payroll_premium_rule__company_id_index on table coconut_payroll_premium_rule 
2026-07-25 09:42:14,939 25512 INFO diansukses odoo.schema: Keep unexpected index coconut_work_result__company_id_index on table coconut_work_result 
2026-07-25 09:42:14,986 25512 INFO diansukses odoo.modules.loading: loading coconut_payroll/security/payroll_security.xml 
2026-07-25 09:42:15,174 25512 INFO diansukses odoo.modules.loading: loading coconut_payroll/security/ir.model.access.csv 
2026-07-25 09:42:15,280 25512 INFO diansukses odoo.modules.loading: loading coconut_payroll/data/payroll_sequence.xml 
2026-07-25 09:42:15,285 25512 INFO diansukses odoo.modules.loading: loading coconut_payroll/data/payroll_rmp_sequence.xml 
2026-07-25 09:42:15,287 25512 INFO diansukses odoo.modules.loading: loading coconut_payroll/data/res_company_data.xml 
2026-07-25 09:42:15,290 25512 INFO diansukses odoo.modules.loading: loading coconut_payroll/data/payroll_tariff_data.xml 
2026-07-25 09:42:15,302 25512 INFO diansukses odoo.modules.loading: loading coconut_payroll/data/salary_rule_data.xml 
2026-07-25 09:42:15,315 25512 INFO diansukses odoo.modules.loading: loading coconut_payroll/data/premium_rule_data.xml 
2026-07-25 09:42:15,336 25512 INFO diansukses odoo.modules.loading: loading coconut_payroll/views/res_config_settings_views.xml 
2026-07-25 09:42:15,407 25512 INFO diansukses odoo.modules.loading: loading coconut_payroll/views/hr_employee_views.xml 
2026-07-25 09:42:15,447 25512 INFO diansukses odoo.modules.loading: loading coconut_payroll/wizard/hr_payroll_borongan_print_wizard_views.xml 
2026-07-25 09:42:15,461 25512 INFO diansukses odoo.modules.loading: loading coconut_payroll/report/paperformat.xml 
2026-07-25 09:42:15,466 25512 INFO diansukses odoo.modules.loading: loading coconut_payroll/report/report.xml 
2026-07-25 09:42:15,471 25512 INFO diansukses odoo.modules.loading: loading coconut_payroll/report/report_hasil_kerja_borongan_templates.xml 
2026-07-25 09:42:15,483 25512 INFO diansukses odoo.modules.loading: loading coconut_payroll/views/work_result_views.xml 
2026-07-25 09:42:15,510 25512 INFO diansukses odoo.modules.loading: loading coconut_payroll/views/work_sheet_views.xml 
2026-07-25 09:42:15,589 25512 INFO diansukses odoo.modules.loading: loading coconut_payroll/views/coconut_manufacturing_inherit_views.xml 
2026-07-25 09:42:15,605 25512 INFO diansukses odoo.modules.loading: loading coconut_payroll/views/payroll_tariff_views.xml 
2026-07-25 09:42:15,626 25512 INFO diansukses odoo.modules.loading: loading coconut_payroll/views/premium_rule_views.xml 
2026-07-25 09:42:15,653 25512 INFO diansukses odoo.modules.loading: loading coconut_payroll/views/payroll_period_views.xml 
2026-07-25 09:42:15,719 25512 INFO diansukses odoo.modules.loading: loading coconut_payroll/views/payroll_recap_views.xml 
2026-07-25 09:42:15,841 25512 INFO diansukses odoo.modules.loading: loading coconut_payroll/views/employee_loan_views.xml 
2026-07-25 09:42:15,873 25512 INFO diansukses odoo.modules.loading: loading coconut_payroll/views/salary_rule_views.xml 
2026-07-25 09:42:15,901 25512 INFO diansukses odoo.modules.loading: loading coconut_payroll/views/payroll_line_report.xml 
2026-07-25 09:42:15,961 25512 INFO diansukses odoo.modules.loading: loading coconut_payroll/views/payroll_rmp_views.xml 
2026-07-25 09:42:15,997 25512 INFO diansukses odoo.modules.loading: loading coconut_payroll/views/payroll_menu.xml 
2026-07-25 09:42:16,086 25512 INFO diansukses odoo.addons.base.models.ir_module: module coconut_payroll: no translation for language id_ID 
2026-07-25 09:42:16,120 25512 INFO diansukses odoo.modules.loading: Module coconut_payroll loaded in 2.12s, 1144 queries (+1144 other) 
2026-07-25 09:42:16,145 25512 INFO diansukses odoo.modules.loading: Loading module coconut_security (81/82) 
2026-07-25 09:42:16,333 25512 WARNING diansukses odoo.fields: Field coconut.manufacturing.receipt_id: unknown parameter 'deprecated', if this is an actual parameter you may want to override the method _valid_field_parameter on the relevant model in order to allow it 
2026-07-25 09:42:16,333 25512 WARNING diansukses odoo.fields: Field coconut.manufacturing.receipt_code: unknown parameter 'deprecated', if this is an actual parameter you may want to override the method _valid_field_parameter on the relevant model in order to allow it 
2026-07-25 09:42:16,333 25512 WARNING diansukses odoo.fields: Field coconut.manufacturing.supplier_id: unknown parameter 'deprecated', if this is an actual parameter you may want to override the method _valid_field_parameter on the relevant model in order to allow it 
2026-07-25 09:42:16,334 25512 WARNING diansukses odoo.fields: Field coconut.manufacturing.coconut_origin: unknown parameter 'deprecated', if this is an actual parameter you may want to override the method _valid_field_parameter on the relevant model in order to allow it 
2026-07-25 09:42:16,334 25512 WARNING diansukses odoo.fields: Field coconut.manufacturing.receipt_date: unknown parameter 'deprecated', if this is an actual parameter you may want to override the method _valid_field_parameter on the relevant model in order to allow it 
2026-07-25 09:42:16,334 25512 WARNING diansukses odoo.fields: Field coconut.manufacturing.net_received_weight: unknown parameter 'deprecated', if this is an actual parameter you may want to override the method _valid_field_parameter on the relevant model in order to allow it 
2026-07-25 09:42:16,334 25512 WARNING diansukses odoo.fields: Field coconut.manufacturing.vehicle_number: unknown parameter 'deprecated', if this is an actual parameter you may want to override the method _valid_field_parameter on the relevant model in order to allow it 
2026-07-25 09:42:16,334 25512 WARNING diansukses odoo.fields: Field coconut.manufacturing.driver_name: unknown parameter 'deprecated', if this is an actual parameter you may want to override the method _valid_field_parameter on the relevant model in order to allow it 
2026-07-25 09:42:16,334 25512 WARNING diansukses odoo.fields: Field coconut.manufacturing.machine_sheller_input: unknown parameter 'deprecated', if this is an actual parameter you may want to override the method _valid_field_parameter on the relevant model in order to allow it 
2026-07-25 09:42:16,334 25512 WARNING diansukses odoo.fields: Field coconut.manufacturing.manual_sheller_input: unknown parameter 'deprecated', if this is an actual parameter you may want to override the method _valid_field_parameter on the relevant model in order to allow it 
2026-07-25 09:42:16,334 25512 WARNING diansukses odoo.fields: Field coconut.manufacturing.machine_sheller_output: unknown parameter 'deprecated', if this is an actual parameter you may want to override the method _valid_field_parameter on the relevant model in order to allow it 
2026-07-25 09:42:16,334 25512 WARNING diansukses odoo.fields: Field coconut.manufacturing.manual_sheller_output: unknown parameter 'deprecated', if this is an actual parameter you may want to override the method _valid_field_parameter on the relevant model in order to allow it 
2026-07-25 09:42:16,334 25512 WARNING diansukses odoo.fields: Field coconut.manufacturing.total_sheller_input: unknown parameter 'deprecated', if this is an actual parameter you may want to override the method _valid_field_parameter on the relevant model in order to allow it 
2026-07-25 09:42:16,334 25512 WARNING diansukses odoo.fields: Field coconut.manufacturing.total_sheller_output: unknown parameter 'deprecated', if this is an actual parameter you may want to override the method _valid_field_parameter on the relevant model in order to allow it 
2026-07-25 09:42:16,334 25512 WARNING diansukses odoo.fields: Field coconut.manufacturing.remaining_layak: unknown parameter 'deprecated', if this is an actual parameter you may want to override the method _valid_field_parameter on the relevant model in order to allow it 
2026-07-25 09:42:16,334 25512 WARNING diansukses odoo.fields: Field coconut.manufacturing.remaining_reject: unknown parameter 'deprecated', if this is an actual parameter you may want to override the method _valid_field_parameter on the relevant model in order to allow it 
2026-07-25 09:42:16,334 25512 WARNING diansukses odoo.fields: Field coconut.manufacturing.available_kelapa_sheller: unknown parameter 'deprecated', if this is an actual parameter you may want to override the method _valid_field_parameter on the relevant model in order to allow it 
2026-07-25 09:42:16,334 25512 WARNING diansukses odoo.fields: Field coconut.manufacturing.parer_input: unknown parameter 'deprecated', if this is an actual parameter you may want to override the method _valid_field_parameter on the relevant model in order to allow it 
2026-07-25 09:42:16,334 25512 WARNING diansukses odoo.fields: Field coconut.manufacturing.parer_output: unknown parameter 'deprecated', if this is an actual parameter you may want to override the method _valid_field_parameter on the relevant model in order to allow it 
2026-07-25 09:42:16,334 25512 WARNING diansukses odoo.fields: Field coconut.manufacturing.remaining_kelapa_sheller: unknown parameter 'deprecated', if this is an actual parameter you may want to override the method _valid_field_parameter on the relevant model in order to allow it 
2026-07-25 09:42:16,334 25512 WARNING diansukses odoo.fields: Field coconut.manufacturing.parer_notes: unknown parameter 'deprecated', if this is an actual parameter you may want to override the method _valid_field_parameter on the relevant model in order to allow it 
2026-07-25 09:42:16,335 25512 WARNING diansukses odoo.fields: Field coconut.manufacturing.shell_consume_layak_move_id: unknown parameter 'deprecated', if this is an actual parameter you may want to override the method _valid_field_parameter on the relevant model in order to allow it 
2026-07-25 09:42:16,335 25512 WARNING diansukses odoo.fields: Field coconut.manufacturing.shell_consume_reject_move_id: unknown parameter 'deprecated', if this is an actual parameter you may want to override the method _valid_field_parameter on the relevant model in order to allow it 
2026-07-25 09:42:16,335 25512 WARNING diansukses odoo.fields: Field coconut.manufacturing.shell_output_move_id: unknown parameter 'deprecated', if this is an actual parameter you may want to override the method _valid_field_parameter on the relevant model in order to allow it 
2026-07-25 09:42:16,335 25512 WARNING diansukses odoo.fields: Field coconut.manufacturing.parer_consume_move_id: unknown parameter 'deprecated', if this is an actual parameter you may want to override the method _valid_field_parameter on the relevant model in order to allow it 
2026-07-25 09:42:16,335 25512 WARNING diansukses odoo.fields: Field coconut.manufacturing.parer_output_move_id: unknown parameter 'deprecated', if this is an actual parameter you may want to override the method _valid_field_parameter on the relevant model in order to allow it 
2026-07-25 09:42:16,335 25512 WARNING diansukses odoo.fields: Field coconut.manufacturing.transfer_perrer_manual_qty: unknown parameter 'deprecated', if this is an actual parameter you may want to override the method _valid_field_parameter on the relevant model in order to allow it 
2026-07-25 09:42:16,335 25512 WARNING diansukses odoo.fields: Field coconut.manufacturing.available_hasil_sheller_manual: unknown parameter 'deprecated', if this is an actual parameter you may want to override the method _valid_field_parameter on the relevant model in order to allow it 
2026-07-25 09:42:16,335 25512 WARNING diansukses odoo.fields: Field coconut.manufacturing.remaining_hasil_sheller_manual: unknown parameter 'deprecated', if this is an actual parameter you may want to override the method _valid_field_parameter on the relevant model in order to allow it 
2026-07-25 09:42:16,335 25512 WARNING diansukses odoo.fields: Field coconut.manufacturing.realisasi_sheller_mesin: unknown parameter 'deprecated', if this is an actual parameter you may want to override the method _valid_field_parameter on the relevant model in order to allow it 
2026-07-25 09:42:16,335 25512 WARNING diansukses odoo.fields: Field coconut.manufacturing.realisasi_sheller_manual: unknown parameter 'deprecated', if this is an actual parameter you may want to override the method _valid_field_parameter on the relevant model in order to allow it 
2026-07-25 09:42:16,335 25512 WARNING diansukses odoo.fields: Field coconut.manufacturing.realisasi_total_sheller: unknown parameter 'deprecated', if this is an actual parameter you may want to override the method _valid_field_parameter on the relevant model in order to allow it 
2026-07-25 09:42:16,335 25512 WARNING diansukses odoo.fields: Field coconut.manufacturing.realisasi_sisa_sheller: unknown parameter 'deprecated', if this is an actual parameter you may want to override the method _valid_field_parameter on the relevant model in order to allow it 
2026-07-25 09:42:16,335 25512 WARNING diansukses odoo.fields: Field coconut.manufacturing.realisasi_perrer_mesin: unknown parameter 'deprecated', if this is an actual parameter you may want to override the method _valid_field_parameter on the relevant model in order to allow it 
2026-07-25 09:42:16,335 25512 WARNING diansukses odoo.fields: Field coconut.manufacturing.realisasi_perrer_manual: unknown parameter 'deprecated', if this is an actual parameter you may want to override the method _valid_field_parameter on the relevant model in order to allow it 
2026-07-25 09:42:16,335 25512 WARNING diansukses odoo.fields: Field coconut.manufacturing.realisasi_total_perrer: unknown parameter 'deprecated', if this is an actual parameter you may want to override the method _valid_field_parameter on the relevant model in order to allow it 
2026-07-25 09:42:16,335 25512 WARNING diansukses odoo.fields: Field coconut.manufacturing.realisasi_sisa_perrer: unknown parameter 'deprecated', if this is an actual parameter you may want to override the method _valid_field_parameter on the relevant model in order to allow it 
2026-07-25 09:42:16,336 25512 WARNING diansukses odoo.fields: Field coconut.manufacturing.realisasi_state: unknown parameter 'deprecated', if this is an actual parameter you may want to override the method _valid_field_parameter on the relevant model in order to allow it 
2026-07-25 09:42:16,557 25512 WARNING diansukses odoo.fields: Field coconut.manufacturing.receipt_id: unknown parameter 'deprecated', if this is an actual parameter you may want to override the method _valid_field_parameter on the relevant model in order to allow it 
2026-07-25 09:42:16,557 25512 WARNING diansukses odoo.fields: Field coconut.manufacturing.receipt_code: unknown parameter 'deprecated', if this is an actual parameter you may want to override the method _valid_field_parameter on the relevant model in order to allow it 
2026-07-25 09:42:16,557 25512 WARNING diansukses odoo.fields: Field coconut.manufacturing.supplier_id: unknown parameter 'deprecated', if this is an actual parameter you may want to override the method _valid_field_parameter on the relevant model in order to allow it 
2026-07-25 09:42:16,557 25512 WARNING diansukses odoo.fields: Field coconut.manufacturing.coconut_origin: unknown parameter 'deprecated', if this is an actual parameter you may want to override the method _valid_field_parameter on the relevant model in order to allow it 
2026-07-25 09:42:16,557 25512 WARNING diansukses odoo.fields: Field coconut.manufacturing.receipt_date: unknown parameter 'deprecated', if this is an actual parameter you may want to override the method _valid_field_parameter on the relevant model in order to allow it 
2026-07-25 09:42:16,557 25512 WARNING diansukses odoo.fields: Field coconut.manufacturing.net_received_weight: unknown parameter 'deprecated', if this is an actual parameter you may want to override the method _valid_field_parameter on the relevant model in order to allow it 
2026-07-25 09:42:16,557 25512 WARNING diansukses odoo.fields: Field coconut.manufacturing.vehicle_number: unknown parameter 'deprecated', if this is an actual parameter you may want to override the method _valid_field_parameter on the relevant model in order to allow it 
2026-07-25 09:42:16,557 25512 WARNING diansukses odoo.fields: Field coconut.manufacturing.driver_name: unknown parameter 'deprecated', if this is an actual parameter you may want to override the method _valid_field_parameter on the relevant model in order to allow it 
2026-07-25 09:42:16,557 25512 WARNING diansukses odoo.fields: Field coconut.manufacturing.machine_sheller_input: unknown parameter 'deprecated', if this is an actual parameter you may want to override the method _valid_field_parameter on the relevant model in order to allow it 
2026-07-25 09:42:16,557 25512 WARNING diansukses odoo.fields: Field coconut.manufacturing.manual_sheller_input: unknown parameter 'deprecated', if this is an actual parameter you may want to override the method _valid_field_parameter on the relevant model in order to allow it 
2026-07-25 09:42:16,557 25512 WARNING diansukses odoo.fields: Field coconut.manufacturing.machine_sheller_output: unknown parameter 'deprecated', if this is an actual parameter you may want to override the method _valid_field_parameter on the relevant model in order to allow it 
2026-07-25 09:42:16,558 25512 WARNING diansukses odoo.fields: Field coconut.manufacturing.manual_sheller_output: unknown parameter 'deprecated', if this is an actual parameter you may want to override the method _valid_field_parameter on the relevant model in order to allow it 
2026-07-25 09:42:16,558 25512 WARNING diansukses odoo.fields: Field coconut.manufacturing.total_sheller_input: unknown parameter 'deprecated', if this is an actual parameter you may want to override the method _valid_field_parameter on the relevant model in order to allow it 
2026-07-25 09:42:16,558 25512 WARNING diansukses odoo.fields: Field coconut.manufacturing.total_sheller_output: unknown parameter 'deprecated', if this is an actual parameter you may want to override the method _valid_field_parameter on the relevant model in order to allow it 
2026-07-25 09:42:16,558 25512 WARNING diansukses odoo.fields: Field coconut.manufacturing.remaining_layak: unknown parameter 'deprecated', if this is an actual parameter you may want to override the method _valid_field_parameter on the relevant model in order to allow it 
2026-07-25 09:42:16,558 25512 WARNING diansukses odoo.fields: Field coconut.manufacturing.remaining_reject: unknown parameter 'deprecated', if this is an actual parameter you may want to override the method _valid_field_parameter on the relevant model in order to allow it 
2026-07-25 09:42:16,558 25512 WARNING diansukses odoo.fields: Field coconut.manufacturing.available_kelapa_sheller: unknown parameter 'deprecated', if this is an actual parameter you may want to override the method _valid_field_parameter on the relevant model in order to allow it 
2026-07-25 09:42:16,558 25512 WARNING diansukses odoo.fields: Field coconut.manufacturing.parer_input: unknown parameter 'deprecated', if this is an actual parameter you may want to override the method _valid_field_parameter on the relevant model in order to allow it 
2026-07-25 09:42:16,558 25512 WARNING diansukses odoo.fields: Field coconut.manufacturing.parer_output: unknown parameter 'deprecated', if this is an actual parameter you may want to override the method _valid_field_parameter on the relevant model in order to allow it 
2026-07-25 09:42:16,558 25512 WARNING diansukses odoo.fields: Field coconut.manufacturing.remaining_kelapa_sheller: unknown parameter 'deprecated', if this is an actual parameter you may want to override the method _valid_field_parameter on the relevant model in order to allow it 
2026-07-25 09:42:16,558 25512 WARNING diansukses odoo.fields: Field coconut.manufacturing.parer_notes: unknown parameter 'deprecated', if this is an actual parameter you may want to override the method _valid_field_parameter on the relevant model in order to allow it 
2026-07-25 09:42:16,558 25512 WARNING diansukses odoo.fields: Field coconut.manufacturing.shell_consume_layak_move_id: unknown parameter 'deprecated', if this is an actual parameter you may want to override the method _valid_field_parameter on the relevant model in order to allow it 
2026-07-25 09:42:16,558 25512 WARNING diansukses odoo.fields: Field coconut.manufacturing.shell_consume_reject_move_id: unknown parameter 'deprecated', if this is an actual parameter you may want to override the method _valid_field_parameter on the relevant model in order to allow it 
2026-07-25 09:42:16,558 25512 WARNING diansukses odoo.fields: Field coconut.manufacturing.shell_output_move_id: unknown parameter 'deprecated', if this is an actual parameter you may want to override the method _valid_field_parameter on the relevant model in order to allow it 
2026-07-25 09:42:16,558 25512 WARNING diansukses odoo.fields: Field coconut.manufacturing.parer_consume_move_id: unknown parameter 'deprecated', if this is an actual parameter you may want to override the method _valid_field_parameter on the relevant model in order to allow it 
2026-07-25 09:42:16,558 25512 WARNING diansukses odoo.fields: Field coconut.manufacturing.parer_output_move_id: unknown parameter 'deprecated', if this is an actual parameter you may want to override the method _valid_field_parameter on the relevant model in order to allow it 
2026-07-25 09:42:16,558 25512 WARNING diansukses odoo.fields: Field coconut.manufacturing.transfer_perrer_manual_qty: unknown parameter 'deprecated', if this is an actual parameter you may want to override the method _valid_field_parameter on the relevant model in order to allow it 
2026-07-25 09:42:16,558 25512 WARNING diansukses odoo.fields: Field coconut.manufacturing.available_hasil_sheller_manual: unknown parameter 'deprecated', if this is an actual parameter you may want to override the method _valid_field_parameter on the relevant model in order to allow it 
2026-07-25 09:42:16,558 25512 WARNING diansukses odoo.fields: Field coconut.manufacturing.remaining_hasil_sheller_manual: unknown parameter 'deprecated', if this is an actual parameter you may want to override the method _valid_field_parameter on the relevant model in order to allow it 
2026-07-25 09:42:16,559 25512 WARNING diansukses odoo.fields: Field coconut.manufacturing.realisasi_sheller_mesin: unknown parameter 'deprecated', if this is an actual parameter you may want to override the method _valid_field_parameter on the relevant model in order to allow it 
2026-07-25 09:42:16,559 25512 WARNING diansukses odoo.fields: Field coconut.manufacturing.realisasi_sheller_manual: unknown parameter 'deprecated', if this is an actual parameter you may want to override the method _valid_field_parameter on the relevant model in order to allow it 
2026-07-25 09:42:16,559 25512 WARNING diansukses odoo.fields: Field coconut.manufacturing.realisasi_total_sheller: unknown parameter 'deprecated', if this is an actual parameter you may want to override the method _valid_field_parameter on the relevant model in order to allow it 
2026-07-25 09:42:16,559 25512 WARNING diansukses odoo.fields: Field coconut.manufacturing.realisasi_sisa_sheller: unknown parameter 'deprecated', if this is an actual parameter you may want to override the method _valid_field_parameter on the relevant model in order to allow it 
2026-07-25 09:42:16,559 25512 WARNING diansukses odoo.fields: Field coconut.manufacturing.realisasi_perrer_mesin: unknown parameter 'deprecated', if this is an actual parameter you may want to override the method _valid_field_parameter on the relevant model in order to allow it 
2026-07-25 09:42:16,559 25512 WARNING diansukses odoo.fields: Field coconut.manufacturing.realisasi_perrer_manual: unknown parameter 'deprecated', if this is an actual parameter you may want to override the method _valid_field_parameter on the relevant model in order to allow it 
2026-07-25 09:42:16,559 25512 WARNING diansukses odoo.fields: Field coconut.manufacturing.realisasi_total_perrer: unknown parameter 'deprecated', if this is an actual parameter you may want to override the method _valid_field_parameter on the relevant model in order to allow it 
2026-07-25 09:42:16,559 25512 WARNING diansukses odoo.fields: Field coconut.manufacturing.realisasi_sisa_perrer: unknown parameter 'deprecated', if this is an actual parameter you may want to override the method _valid_field_parameter on the relevant model in order to allow it 
2026-07-25 09:42:16,559 25512 WARNING diansukses odoo.fields: Field coconut.manufacturing.realisasi_state: unknown parameter 'deprecated', if this is an actual parameter you may want to override the method _valid_field_parameter on the relevant model in order to allow it 
2026-07-25 09:42:16,602 25512 INFO diansukses odoo.modules.registry: module coconut_security: creating or updating database tables 
2026-07-25 09:42:16,799 25512 INFO diansukses odoo.modules.loading: loading coconut_security/security/security.xml 
2026-07-25 09:42:16,921 25512 INFO diansukses odoo.modules.loading: loading coconut_security/data/res_users_data.xml 
2026-07-25 09:42:19,901 25512 INFO diansukses odoo.modules.loading: loading coconut_security/security/ir.model.access.csv 
2026-07-25 09:42:20,024 25512 INFO diansukses odoo.modules.loading: loading coconut_security/views/menu_views.xml 
2026-07-25 09:42:20,266 25512 INFO diansukses odoo.addons.base.models.ir_module: module coconut_security: no translation for language id_ID 
2026-07-25 09:42:20,279 25512 INFO diansukses odoo.modules.loading: Module coconut_security loaded in 4.13s, 845 queries (+845 other) 
2026-07-25 09:42:20,305 25512 INFO diansukses odoo.modules.loading: 82 modules loaded in 11.03s, 3331 queries (+3331 extra) 
2026-07-25 09:42:20,490 25512 WARNING diansukses odoo.fields: Field coconut.manufacturing.receipt_id: unknown parameter 'deprecated', if this is an actual parameter you may want to override the method _valid_field_parameter on the relevant model in order to allow it 
2026-07-25 09:42:20,490 25512 WARNING diansukses odoo.fields: Field coconut.manufacturing.receipt_code: unknown parameter 'deprecated', if this is an actual parameter you may want to override the method _valid_field_parameter on the relevant model in order to allow it 
2026-07-25 09:42:20,490 25512 WARNING diansukses odoo.fields: Field coconut.manufacturing.supplier_id: unknown parameter 'deprecated', if this is an actual parameter you may want to override the method _valid_field_parameter on the relevant model in order to allow it 
2026-07-25 09:42:20,490 25512 WARNING diansukses odoo.fields: Field coconut.manufacturing.coconut_origin: unknown parameter 'deprecated', if this is an actual parameter you may want to override the method _valid_field_parameter on the relevant model in order to allow it 
2026-07-25 09:42:20,490 25512 WARNING diansukses odoo.fields: Field coconut.manufacturing.receipt_date: unknown parameter 'deprecated', if this is an actual parameter you may want to override the method _valid_field_parameter on the relevant model in order to allow it 
2026-07-25 09:42:20,490 25512 WARNING diansukses odoo.fields: Field coconut.manufacturing.net_received_weight: unknown parameter 'deprecated', if this is an actual parameter you may want to override the method _valid_field_parameter on the relevant model in order to allow it 
2026-07-25 09:42:20,490 25512 WARNING diansukses odoo.fields: Field coconut.manufacturing.vehicle_number: unknown parameter 'deprecated', if this is an actual parameter you may want to override the method _valid_field_parameter on the relevant model in order to allow it 
2026-07-25 09:42:20,490 25512 WARNING diansukses odoo.fields: Field coconut.manufacturing.driver_name: unknown parameter 'deprecated', if this is an actual parameter you may want to override the method _valid_field_parameter on the relevant model in order to allow it 
2026-07-25 09:42:20,490 25512 WARNING diansukses odoo.fields: Field coconut.manufacturing.machine_sheller_input: unknown parameter 'deprecated', if this is an actual parameter you may want to override the method _valid_field_parameter on the relevant model in order to allow it 
2026-07-25 09:42:20,490 25512 WARNING diansukses odoo.fields: Field coconut.manufacturing.manual_sheller_input: unknown parameter 'deprecated', if this is an actual parameter you may want to override the method _valid_field_parameter on the relevant model in order to allow it 
2026-07-25 09:42:20,490 25512 WARNING diansukses odoo.fields: Field coconut.manufacturing.machine_sheller_output: unknown parameter 'deprecated', if this is an actual parameter you may want to override the method _valid_field_parameter on the relevant model in order to allow it 
2026-07-25 09:42:20,490 25512 WARNING diansukses odoo.fields: Field coconut.manufacturing.manual_sheller_output: unknown parameter 'deprecated', if this is an actual parameter you may want to override the method _valid_field_parameter on the relevant model in order to allow it 
2026-07-25 09:42:20,491 25512 WARNING diansukses odoo.fields: Field coconut.manufacturing.total_sheller_input: unknown parameter 'deprecated', if this is an actual parameter you may want to override the method _valid_field_parameter on the relevant model in order to allow it 
2026-07-25 09:42:20,491 25512 WARNING diansukses odoo.fields: Field coconut.manufacturing.total_sheller_output: unknown parameter 'deprecated', if this is an actual parameter you may want to override the method _valid_field_parameter on the relevant model in order to allow it 
2026-07-25 09:42:20,491 25512 WARNING diansukses odoo.fields: Field coconut.manufacturing.remaining_layak: unknown parameter 'deprecated', if this is an actual parameter you may want to override the method _valid_field_parameter on the relevant model in order to allow it 
2026-07-25 09:42:20,491 25512 WARNING diansukses odoo.fields: Field coconut.manufacturing.remaining_reject: unknown parameter 'deprecated', if this is an actual parameter you may want to override the method _valid_field_parameter on the relevant model in order to allow it 
2026-07-25 09:42:20,491 25512 WARNING diansukses odoo.fields: Field coconut.manufacturing.available_kelapa_sheller: unknown parameter 'deprecated', if this is an actual parameter you may want to override the method _valid_field_parameter on the relevant model in order to allow it 
2026-07-25 09:42:20,491 25512 WARNING diansukses odoo.fields: Field coconut.manufacturing.parer_input: unknown parameter 'deprecated', if this is an actual parameter you may want to override the method _valid_field_parameter on the relevant model in order to allow it 
2026-07-25 09:42:20,491 25512 WARNING diansukses odoo.fields: Field coconut.manufacturing.parer_output: unknown parameter 'deprecated', if this is an actual parameter you may want to override the method _valid_field_parameter on the relevant model in order to allow it 
2026-07-25 09:42:20,491 25512 WARNING diansukses odoo.fields: Field coconut.manufacturing.remaining_kelapa_sheller: unknown parameter 'deprecated', if this is an actual parameter you may want to override the method _valid_field_parameter on the relevant model in order to allow it 
2026-07-25 09:42:20,491 25512 WARNING diansukses odoo.fields: Field coconut.manufacturing.parer_notes: unknown parameter 'deprecated', if this is an actual parameter you may want to override the method _valid_field_parameter on the relevant model in order to allow it 
2026-07-25 09:42:20,491 25512 WARNING diansukses odoo.fields: Field coconut.manufacturing.shell_consume_layak_move_id: unknown parameter 'deprecated', if this is an actual parameter you may want to override the method _valid_field_parameter on the relevant model in order to allow it 
2026-07-25 09:42:20,491 25512 WARNING diansukses odoo.fields: Field coconut.manufacturing.shell_consume_reject_move_id: unknown parameter 'deprecated', if this is an actual parameter you may want to override the method _valid_field_parameter on the relevant model in order to allow it 
2026-07-25 09:42:20,491 25512 WARNING diansukses odoo.fields: Field coconut.manufacturing.shell_output_move_id: unknown parameter 'deprecated', if this is an actual parameter you may want to override the method _valid_field_parameter on the relevant model in order to allow it 
2026-07-25 09:42:20,491 25512 WARNING diansukses odoo.fields: Field coconut.manufacturing.parer_consume_move_id: unknown parameter 'deprecated', if this is an actual parameter you may want to override the method _valid_field_parameter on the relevant model in order to allow it 
2026-07-25 09:42:20,491 25512 WARNING diansukses odoo.fields: Field coconut.manufacturing.parer_output_move_id: unknown parameter 'deprecated', if this is an actual parameter you may want to override the method _valid_field_parameter on the relevant model in order to allow it 
2026-07-25 09:42:20,491 25512 WARNING diansukses odoo.fields: Field coconut.manufacturing.transfer_perrer_manual_qty: unknown parameter 'deprecated', if this is an actual parameter you may want to override the method _valid_field_parameter on the relevant model in order to allow it 
2026-07-25 09:42:20,491 25512 WARNING diansukses odoo.fields: Field coconut.manufacturing.available_hasil_sheller_manual: unknown parameter 'deprecated', if this is an actual parameter you may want to override the method _valid_field_parameter on the relevant model in order to allow it 
2026-07-25 09:42:20,492 25512 WARNING diansukses odoo.fields: Field coconut.manufacturing.remaining_hasil_sheller_manual: unknown parameter 'deprecated', if this is an actual parameter you may want to override the method _valid_field_parameter on the relevant model in order to allow it 
2026-07-25 09:42:20,492 25512 WARNING diansukses odoo.fields: Field coconut.manufacturing.realisasi_sheller_mesin: unknown parameter 'deprecated', if this is an actual parameter you may want to override the method _valid_field_parameter on the relevant model in order to allow it 
2026-07-25 09:42:20,492 25512 WARNING diansukses odoo.fields: Field coconut.manufacturing.realisasi_sheller_manual: unknown parameter 'deprecated', if this is an actual parameter you may want to override the method _valid_field_parameter on the relevant model in order to allow it 
2026-07-25 09:42:20,492 25512 WARNING diansukses odoo.fields: Field coconut.manufacturing.realisasi_total_sheller: unknown parameter 'deprecated', if this is an actual parameter you may want to override the method _valid_field_parameter on the relevant model in order to allow it 
2026-07-25 09:42:20,492 25512 WARNING diansukses odoo.fields: Field coconut.manufacturing.realisasi_sisa_sheller: unknown parameter 'deprecated', if this is an actual parameter you may want to override the method _valid_field_parameter on the relevant model in order to allow it 
2026-07-25 09:42:20,492 25512 WARNING diansukses odoo.fields: Field coconut.manufacturing.realisasi_perrer_mesin: unknown parameter 'deprecated', if this is an actual parameter you may want to override the method _valid_field_parameter on the relevant model in order to allow it 
2026-07-25 09:42:20,492 25512 WARNING diansukses odoo.fields: Field coconut.manufacturing.realisasi_perrer_manual: unknown parameter 'deprecated', if this is an actual parameter you may want to override the method _valid_field_parameter on the relevant model in order to allow it 
2026-07-25 09:42:20,492 25512 WARNING diansukses odoo.fields: Field coconut.manufacturing.realisasi_total_perrer: unknown parameter 'deprecated', if this is an actual parameter you may want to override the method _valid_field_parameter on the relevant model in order to allow it 
2026-07-25 09:42:20,492 25512 WARNING diansukses odoo.fields: Field coconut.manufacturing.realisasi_sisa_perrer: unknown parameter 'deprecated', if this is an actual parameter you may want to override the method _valid_field_parameter on the relevant model in order to allow it 
2026-07-25 09:42:20,492 25512 WARNING diansukses odoo.fields: Field coconut.manufacturing.realisasi_state: unknown parameter 'deprecated', if this is an actual parameter you may want to override the method _valid_field_parameter on the relevant model in order to allow it 
2026-07-25 09:42:20,703 25512 WARNING diansukses odoo.fields: Field coconut.manufacturing.receipt_id: unknown parameter 'deprecated', if this is an actual parameter you may want to override the method _valid_field_parameter on the relevant model in order to allow it 
2026-07-25 09:42:20,703 25512 WARNING diansukses odoo.fields: Field coconut.manufacturing.receipt_code: unknown parameter 'deprecated', if this is an actual parameter you may want to override the method _valid_field_parameter on the relevant model in order to allow it 
2026-07-25 09:42:20,703 25512 WARNING diansukses odoo.fields: Field coconut.manufacturing.supplier_id: unknown parameter 'deprecated', if this is an actual parameter you may want to override the method _valid_field_parameter on the relevant model in order to allow it 
2026-07-25 09:42:20,703 25512 WARNING diansukses odoo.fields: Field coconut.manufacturing.coconut_origin: unknown parameter 'deprecated', if this is an actual parameter you may want to override the method _valid_field_parameter on the relevant model in order to allow it 
2026-07-25 09:42:20,703 25512 WARNING diansukses odoo.fields: Field coconut.manufacturing.receipt_date: unknown parameter 'deprecated', if this is an actual parameter you may want to override the method _valid_field_parameter on the relevant model in order to allow it 
2026-07-25 09:42:20,703 25512 WARNING diansukses odoo.fields: Field coconut.manufacturing.net_received_weight: unknown parameter 'deprecated', if this is an actual parameter you may want to override the method _valid_field_parameter on the relevant model in order to allow it 
2026-07-25 09:42:20,703 25512 WARNING diansukses odoo.fields: Field coconut.manufacturing.vehicle_number: unknown parameter 'deprecated', if this is an actual parameter you may want to override the method _valid_field_parameter on the relevant model in order to allow it 
2026-07-25 09:42:20,703 25512 WARNING diansukses odoo.fields: Field coconut.manufacturing.driver_name: unknown parameter 'deprecated', if this is an actual parameter you may want to override the method _valid_field_parameter on the relevant model in order to allow it 
2026-07-25 09:42:20,703 25512 WARNING diansukses odoo.fields: Field coconut.manufacturing.machine_sheller_input: unknown parameter 'deprecated', if this is an actual parameter you may want to override the method _valid_field_parameter on the relevant model in order to allow it 
2026-07-25 09:42:20,703 25512 WARNING diansukses odoo.fields: Field coconut.manufacturing.manual_sheller_input: unknown parameter 'deprecated', if this is an actual parameter you may want to override the method _valid_field_parameter on the relevant model in order to allow it 
2026-07-25 09:42:20,703 25512 WARNING diansukses odoo.fields: Field coconut.manufacturing.machine_sheller_output: unknown parameter 'deprecated', if this is an actual parameter you may want to override the method _valid_field_parameter on the relevant model in order to allow it 
2026-07-25 09:42:20,703 25512 WARNING diansukses odoo.fields: Field coconut.manufacturing.manual_sheller_output: unknown parameter 'deprecated', if this is an actual parameter you may want to override the method _valid_field_parameter on the relevant model in order to allow it 
2026-07-25 09:42:20,703 25512 WARNING diansukses odoo.fields: Field coconut.manufacturing.total_sheller_input: unknown parameter 'deprecated', if this is an actual parameter you may want to override the method _valid_field_parameter on the relevant model in order to allow it 
2026-07-25 09:42:20,703 25512 WARNING diansukses odoo.fields: Field coconut.manufacturing.total_sheller_output: unknown parameter 'deprecated', if this is an actual parameter you may want to override the method _valid_field_parameter on the relevant model in order to allow it 
2026-07-25 09:42:20,704 25512 WARNING diansukses odoo.fields: Field coconut.manufacturing.remaining_layak: unknown parameter 'deprecated', if this is an actual parameter you may want to override the method _valid_field_parameter on the relevant model in order to allow it 
2026-07-25 09:42:20,704 25512 WARNING diansukses odoo.fields: Field coconut.manufacturing.remaining_reject: unknown parameter 'deprecated', if this is an actual parameter you may want to override the method _valid_field_parameter on the relevant model in order to allow it 
2026-07-25 09:42:20,704 25512 WARNING diansukses odoo.fields: Field coconut.manufacturing.available_kelapa_sheller: unknown parameter 'deprecated', if this is an actual parameter you may want to override the method _valid_field_parameter on the relevant model in order to allow it 
2026-07-25 09:42:20,704 25512 WARNING diansukses odoo.fields: Field coconut.manufacturing.parer_input: unknown parameter 'deprecated', if this is an actual parameter you may want to override the method _valid_field_parameter on the relevant model in order to allow it 
2026-07-25 09:42:20,704 25512 WARNING diansukses odoo.fields: Field coconut.manufacturing.parer_output: unknown parameter 'deprecated', if this is an actual parameter you may want to override the method _valid_field_parameter on the relevant model in order to allow it 
2026-07-25 09:42:20,704 25512 WARNING diansukses odoo.fields: Field coconut.manufacturing.remaining_kelapa_sheller: unknown parameter 'deprecated', if this is an actual parameter you may want to override the method _valid_field_parameter on the relevant model in order to allow it 
2026-07-25 09:42:20,704 25512 WARNING diansukses odoo.fields: Field coconut.manufacturing.parer_notes: unknown parameter 'deprecated', if this is an actual parameter you may want to override the method _valid_field_parameter on the relevant model in order to allow it 
2026-07-25 09:42:20,704 25512 WARNING diansukses odoo.fields: Field coconut.manufacturing.shell_consume_layak_move_id: unknown parameter 'deprecated', if this is an actual parameter you may want to override the method _valid_field_parameter on the relevant model in order to allow it 
2026-07-25 09:42:20,704 25512 WARNING diansukses odoo.fields: Field coconut.manufacturing.shell_consume_reject_move_id: unknown parameter 'deprecated', if this is an actual parameter you may want to override the method _valid_field_parameter on the relevant model in order to allow it 
2026-07-25 09:42:20,704 25512 WARNING diansukses odoo.fields: Field coconut.manufacturing.shell_output_move_id: unknown parameter 'deprecated', if this is an actual parameter you may want to override the method _valid_field_parameter on the relevant model in order to allow it 
2026-07-25 09:42:20,704 25512 WARNING diansukses odoo.fields: Field coconut.manufacturing.parer_consume_move_id: unknown parameter 'deprecated', if this is an actual parameter you may want to override the method _valid_field_parameter on the relevant model in order to allow it 
2026-07-25 09:42:20,704 25512 WARNING diansukses odoo.fields: Field coconut.manufacturing.parer_output_move_id: unknown parameter 'deprecated', if this is an actual parameter you may want to override the method _valid_field_parameter on the relevant model in order to allow it 
2026-07-25 09:42:20,704 25512 WARNING diansukses odoo.fields: Field coconut.manufacturing.transfer_perrer_manual_qty: unknown parameter 'deprecated', if this is an actual parameter you may want to override the method _valid_field_parameter on the relevant model in order to allow it 
2026-07-25 09:42:20,704 25512 WARNING diansukses odoo.fields: Field coconut.manufacturing.available_hasil_sheller_manual: unknown parameter 'deprecated', if this is an actual parameter you may want to override the method _valid_field_parameter on the relevant model in order to allow it 
2026-07-25 09:42:20,704 25512 WARNING diansukses odoo.fields: Field coconut.manufacturing.remaining_hasil_sheller_manual: unknown parameter 'deprecated', if this is an actual parameter you may want to override the method _valid_field_parameter on the relevant model in order to allow it 
2026-07-25 09:42:20,704 25512 WARNING diansukses odoo.fields: Field coconut.manufacturing.realisasi_sheller_mesin: unknown parameter 'deprecated', if this is an actual parameter you may want to override the method _valid_field_parameter on the relevant model in order to allow it 
2026-07-25 09:42:20,705 25512 WARNING diansukses odoo.fields: Field coconut.manufacturing.realisasi_sheller_manual: unknown parameter 'deprecated', if this is an actual parameter you may want to override the method _valid_field_parameter on the relevant model in order to allow it 
2026-07-25 09:42:20,705 25512 WARNING diansukses odoo.fields: Field coconut.manufacturing.realisasi_total_sheller: unknown parameter 'deprecated', if this is an actual parameter you may want to override the method _valid_field_parameter on the relevant model in order to allow it 
2026-07-25 09:42:20,705 25512 WARNING diansukses odoo.fields: Field coconut.manufacturing.realisasi_sisa_sheller: unknown parameter 'deprecated', if this is an actual parameter you may want to override the method _valid_field_parameter on the relevant model in order to allow it 
2026-07-25 09:42:20,705 25512 WARNING diansukses odoo.fields: Field coconut.manufacturing.realisasi_perrer_mesin: unknown parameter 'deprecated', if this is an actual parameter you may want to override the method _valid_field_parameter on the relevant model in order to allow it 
2026-07-25 09:42:20,705 25512 WARNING diansukses odoo.fields: Field coconut.manufacturing.realisasi_perrer_manual: unknown parameter 'deprecated', if this is an actual parameter you may want to override the method _valid_field_parameter on the relevant model in order to allow it 
2026-07-25 09:42:20,705 25512 WARNING diansukses odoo.fields: Field coconut.manufacturing.realisasi_total_perrer: unknown parameter 'deprecated', if this is an actual parameter you may want to override the method _valid_field_parameter on the relevant model in order to allow it 
2026-07-25 09:42:20,705 25512 WARNING diansukses odoo.fields: Field coconut.manufacturing.realisasi_sisa_perrer: unknown parameter 'deprecated', if this is an actual parameter you may want to override the method _valid_field_parameter on the relevant model in order to allow it 
2026-07-25 09:42:20,705 25512 WARNING diansukses odoo.fields: Field coconut.manufacturing.realisasi_state: unknown parameter 'deprecated', if this is an actual parameter you may want to override the method _valid_field_parameter on the relevant model in order to allow it 
2026-07-25 09:42:21,201 25512 INFO diansukses odoo.modules.registry: verifying fields for every extended model 
2026-07-25 09:42:22,663 25512 INFO diansukses odoo.modules.loading: Modules loaded. 
2026-07-25 09:42:22,675 25512 INFO diansukses odoo.modules.registry: Registry changed, signaling through the database 
2026-07-25 09:42:22,676 25512 INFO diansukses odoo.modules.registry: Registry loaded in 17.631s 
2026-07-25 09:42:22,677 25512 INFO diansukses odoo.service.server: Initiating shutdown 
2026-07-25 09:42:22,677 25512 INFO diansukses odoo.service.server: Hit CTRL-C again or send a second signal to force the shutdown. 
2026-07-25 09:42:22,677 25512 INFO diansukses odoo.sql_db: ConnectionPool(read/write;used=0/count=0/max=64): Closed 1 connections  
